regime,scenario,system,n_slots,n_attack,accuracy,precision,recall,f1,fpr,fnr,roc_auc,attack_detection_rate,adaptation_error_mean,adaptation_error_final,profile_drift_final,profile_contamination_max,profile_contamination_final,poisoning_rate,n_profile_updates,detection_delay,drift_false_alarm_rate,recovery_slots,recovered,seq_alarm_before_attack,seq_alarm_delay,n_rollbacks,poison_phase_recall,attack_phase_recall,max_poison_progress,contamination_at_attack_start,n_slots_std,n_attack_std,accuracy_std,precision_std,recall_std,f1_std,fpr_std,fnr_std,roc_auc_std,attack_detection_rate_std,adaptation_error_mean_std,adaptation_error_final_std,profile_drift_final_std,profile_contamination_max_std,profile_contamination_final_std,poisoning_rate_std,n_profile_updates_std,detection_delay_std,drift_false_alarm_rate_std,recovery_slots_std,recovered_std,seq_alarm_before_attack_std,seq_alarm_delay_std,n_rollbacks_std,poison_phase_recall_std,attack_phase_recall_std,max_poison_progress_std,contamination_at_attack_start_std,n_seeds
correlated_shadowing,basic_puea,Baseline-XGBoost,2000.0,465.8,0.9793,0.9188491279553958,1.0,0.9575676128551429,0.026979876465457277,0.0,1.0,1.0,,,,,,,0.0,0.0,,,,,,,,,,,0.0,8.228000972289687,0.0068974633018233705,0.024933556840228667,0.0,0.01356061932602183,0.00899588373334797,0.0,0.0,0.0,,,,,,,0.0,0.0,,,,,,,,,,,5
correlated_shadowing,basic_puea,Naive-Adaptive,2000.0,465.8,0.9992000000000001,0.9966147115121684,1.0,0.9982984473676954,0.0010442300563510989,0.0,1.0,1.0,0.9689513348326269,1.041398358587898,0.6105827384709441,0.0,0.0,0.0,1532.6,0.0,,,,,,,,,,,0.0,8.228000972289687,0.0013038404810405335,0.005473214098887911,0.0,0.0027535335825552005,0.001705065525685282,0.0,0.0,0.0,0.12771842316244444,0.4649850803367322,0.12284654142370914,0.0,0.0,0.0,9.07193474403337,0.0,,,,,,,,,,,5
correlated_shadowing,basic_puea,XGB+Physical,2000.0,465.8,0.9822,0.9305119812659953,1.0,0.9635910818213731,0.023196379984713696,0.0,1.0,1.0,0.8522778296122112,0.9856229182464183,0.0,0.0,0.0,,0.0,0.0,,,,,,,,,,,0.0,8.228000972289687,0.011557465119999295,0.04310006787505101,0.0,0.02319811356540849,0.015020842038251483,0.0,0.0,0.0,0.1370161060060216,0.45144084927438743,0.0,0.0,0.0,,0.0,0.0,,,,,,,,,,,5
correlated_shadowing,basic_puea,Physically-Anchored-Adaptive,2000.0,465.8,0.9842000000000001,0.9380934762874361,1.0,0.9676076994261228,0.020585625366180825,0.0,1.0,1.0,0.9673939942157013,1.0361624764819457,0.6175490250113642,0.0,0.0,0.0,1502.6,0.0,,,,,,,,,,,0.0,8.228000972289687,0.01193000419111411,0.04522510032777582,0.0,0.024124739605327888,0.015514370854504859,0.0,0.0,0.0,0.121895463832103,0.45411298584605286,0.11034460788161714,0.0,0.0,0.0,23.81806037443015,0.0,,,,,,,,,,,5
correlated_shadowing,basic_puea,XGB+StaticProfile,2000.0,465.8,0.9969000000000001,0.9870068842014712,1.0,0.9934320648140531,0.004044089733249731,0.0,1.0,1.0,0.8522778296122112,0.9856229182464183,0.0,0.0,0.0,,0.0,0.0,,,,,,,,,,,0.0,8.228000972289687,0.0028809720581776366,0.01188104426921892,0.0,0.0060408188179780446,0.0037636292879921463,0.0,0.0,0.0,0.1370161060060216,0.45144084927438743,0.0,0.0,0.0,,0.0,0.0,,,,,,,,,,,5
correlated_shadowing,basic_puea,Anchored-Update-Only,2000.0,465.8,0.999,0.995752674997958,1.0,0.9978646119977986,0.001303633428594938,0.0,1.0,1.0,0.9673939942157013,1.0361624764819457,0.6175490250113642,0.0,0.0,0.0,1502.6,0.0,,,,,,,,,,,0.0,8.228000972289687,0.001414213562373116,0.005978792831608324,0.0,0.0030067368169787692,0.0018459776186729975,0.0,0.0,0.0,0.121895463832103,0.45411298584605286,0.11034460788161714,0.0,0.0,0.0,23.81806037443015,0.0,,,,,,,,,,,5
correlated_shadowing,basic_puea,Physical-Only,2000.0,465.8,0.985,0.9413053328263589,1.0,0.9692621353372323,0.019541395309829727,0.0,1.0,1.0,,,,,,,0.0,0.0,,,,,,,,,,,0.0,8.228000972289687,0.012534951136721682,0.04799340509969183,0.0,0.025446324838537968,0.016312336540522415,0.0,0.0,0.0,,,,,,,0.0,0.0,,,,,,,,,,,5
correlated_shadowing,basic_puea,Spatial-XGBoost,2000.0,465.8,0.9987999999999999,0.9949202407637712,1.0,0.9974453341022658,0.0015656714717466728,0.0,1.0,1.0,,,,,,,0.0,0.0,,,,,,,,,,,0.0,8.228000972289687,0.0015247950681976776,0.006418594441036481,0.0,0.0032319182577756705,0.001991383991411936,0.0,0.0,0.0,,,,,,,0.0,0.0,,,,,,,,,,,5
correlated_shadowing,basic_puea,Sequential-Anchored,2000.0,465.8,0.9831,0.9339301748519899,1.0,0.9654027000477736,0.02202244445510531,0.0,1.0,1.0,1.0052196578604966,1.1131276175894738,0.7328195147373446,0.0,0.0,0.0,491.6,0.0,,,,0.00039447731755424067,0.0,0.0,,,,,0.0,8.228000972289687,0.011776034986361112,0.04423007685927263,0.0,0.023710643581092,0.015310237444732795,0.0,0.0,0.0,0.1561916554728463,0.3244720577876902,0.15072799193214162,0.0,0.0,0.0,12.739701723352859,0.0,,,,0.0008820780976330531,0.0,0.0,,,,,5
correlated_shadowing,basic_puea,Sequential-Anchored+Rollback,2000.0,465.8,0.9829000000000001,0.9332485885001089,1.0,0.9650201529803993,0.022282609285389006,0.0,1.0,1.0,0.9982038760666642,1.092191200405876,0.7340541686813287,0.0,0.0,0.0,491.6,0.0,,,,0.00039447731755424067,0.0,1.4,,,,,0.0,8.228000972289687,0.012033287165193071,0.04510534163210744,0.0,0.024203699637769378,0.015644261245506615,0.0,0.0,0.0,0.2075299251719572,0.32103583371022204,0.24717829003243422,0.0,0.0,0.0,12.739701723352859,0.0,,,,0.0008820780976330531,0.0,0.5477225575051662,,,,,5
correlated_shadowing,basic_puea,Sequential-Anchored-Full,2000.0,465.8,0.9788,0.9172979599722296,1.0,0.9566404361830303,0.027623818801419835,0.0,0.9999844354200185,1.0,0.9706181549419742,1.02834500941246,0.6054968168798995,0.0,0.0,0.0,1396.0,0.0,,,,0.00039447731755424067,0.0,1.4,,,,,0.0,8.228000972289687,0.008650144507463446,0.03139867283497877,0.0,0.017165091611304372,0.011226709206804065,0.0,3.3272715163119875e-05,0.0,0.12794590903369402,0.4379800275321889,0.11424304060020406,0.0,0.0,0.0,64.25729530566937,0.0,,,,0.0008820780976330531,0.0,0.5477225575051662,,,,,5
correlated_shadowing,basic_puea,Physical-Only+Sequential,2000.0,465.8,0.9797,0.9206910376023574,1.0,0.9584435536926235,0.026448784297717527,0.0,0.9999811028226337,1.0,,,,,,,0.0,0.0,,,,0.00039447731755424067,0.0,0.0,,,,,0.0,8.228000972289687,0.009331398608997492,0.03419329356889889,0.0,0.018576599091924054,0.012122801413927362,0.0,3.249717422156254e-05,0.0,,,,,,,0.0,0.0,,,,0.0008820780976330531,0.0,0.0,,,,,5
correlated_shadowing,combined_drift,Baseline-XGBoost,2000.0,0.0,0.42330000000000007,,,,0.5767,,,,,,,,,,0.0,,0.713,,0.0,,,,,,,,0.0,0.0,0.027273155299671507,,,,0.027273155299671527,,,,,,,,,,0.0,,0.03211125678792408,,0.0,,,,,,,,5
correlated_shadowing,combined_drift,Naive-Adaptive,2000.0,0.0,0.9959,,,,0.0041,,,,2.247186223282593,1.331300103896714,65.46105158480995,0.0,0.0,,1991.8,,0.005125,0.0,1.0,,,,,,,,0.0,0.0,0.003943348830626007,,,,0.003943348830626071,,,,0.06964486192069506,0.24221604280181103,4.224182396683385,0.0,0.0,,7.886697661252131,,0.004929186038282588,0.0,0.0,,,,,,,,5
correlated_shadowing,combined_drift,XGB+Physical,2000.0,0.0,0.4141,,,,0.5859,,,,34.67157723679371,65.68394572398316,0.0,0.0,0.0,,0.0,,0.7222500000000001,,0.0,,,,,,,,0.0,0.0,0.009323357764239223,,,,0.009323357764239221,,,,2.199380333437876,4.189101765687282,0.0,0.0,0.0,,0.0,,0.02045669969716525,,0.0,,,,,,,,5
correlated_shadowing,combined_drift,Physically-Anchored-Adaptive,2000.0,0.0,0.9635,,,,0.0365,,,,2.3486911359994433,1.3305743248565398,65.45385977747935,0.0,0.0,,1927.0,,0.03725,752.0,1.0,,,,,,,,0.0,0.0,0.03184532932786219,,,,0.031845329327862194,,,,0.11123034867544149,0.24593597503107648,4.2193627092259405,0.0,0.0,,63.690658655724405,,0.029015755418392956,725.1979040234465,0.0,,,,,,,,5
correlated_shadowing,combined_drift,XGB+StaticProfile,2000.0,0.0,0.4283,,,,0.5717,,,,34.67157723679371,65.68394572398316,0.0,0.0,0.0,,0.0,,0.712,,0.0,,,,,,,,0.0,0.0,0.02491134279801071,,,,0.024911342798010706,,,,2.199380333437876,4.189101765687282,0.0,0.0,0.0,,0.0,,0.03163944828058799,,0.0,,,,,,,,5
correlated_shadowing,combined_drift,Anchored-Update-Only,2000.0,0.0,0.9952,,,,0.0048000000000000004,,,,2.3486911359994433,1.3305743248565398,65.45385977747935,0.0,0.0,,1927.0,,0.005625,0.0,1.0,,,,,,,,0.0,0.0,0.0036159369463529606,,,,0.003615936946352909,,,,0.11123034867544149,0.24593597503107648,4.2193627092259405,0.0,0.0,,63.690658655724405,,0.004550068680800324,0.0,0.0,,,,,,,,5
correlated_shadowing,combined_drift,Physical-Only,2000.0,0.0,0.968,,,,0.032,,,,,,,,,,0.0,,0.03175,752.0,1.0,,,,,,,,0.0,0.0,0.03291276348166472,,,,0.03291276348166468,,,,,,,,,,0.0,,0.030373328143290454,725.1979040234465,0.0,,,,,,,,5
correlated_shadowing,combined_drift,Spatial-XGBoost,2000.0,0.0,0.9231,,,,0.0769,,,,,,,,,,0.0,,0.095375,,0.0,,,,,,,,0.0,0.0,0.04209126987868154,,,,0.04209126987868149,,,,,,,,,,0.0,,0.05289398299901417,,0.0,,,,,,,,5
correlated_shadowing,combined_drift,Sequential-Anchored,2000.0,0.0,0.9635,,,,0.0365,,,,2.3481920850301323,1.3206375703642002,65.45834109880202,0.0,0.0,,1921.4,,0.03725,752.0,1.0,0.003,,0.0,,,,,0.0,0.0,0.03184532932786219,,,,0.031845329327862194,,,,0.11222313994556808,0.24800512545938067,4.21397235072309,0.0,0.0,,58.440568101277016,,0.029015755418392956,725.1979040234465,0.0,0.006708203932499369,,0.0,,,,,5
correlated_shadowing,combined_drift,Sequential-Anchored+Rollback,2000.0,0.0,0.9635,,,,0.0365,,,,2.3841032276883425,1.3202674683140085,65.40553444765092,0.0,0.0,,1921.4,,0.03725,752.0,1.0,0.003,,0.6,,,,,0.0,0.0,0.03184532932786219,,,,0.031845329327862194,,,,0.05467109829359922,0.24812029704194533,4.278550596671798,0.0,0.0,,58.440568101277016,,0.029015755418392956,725.1979040234465,0.0,0.006708203932499369,,1.3416407864998738,,,,,5
correlated_shadowing,combined_drift,Sequential-Anchored-Full,2000.0,0.0,0.9625,,,,0.0375,,,,2.384100066778838,1.320264935905935,65.40553932991402,0.0,0.0,,1925.0,,0.0385,1064.0,1.0,0.003,,0.6,,,,,0.0,0.0,0.03078757866413015,,,,0.030787578664130115,,,,0.05467364011441917,0.24812109442270222,4.278544520484352,0.0,0.0,,61.57515732826022,,0.027650864588652558,652.7419091800373,0.0,0.006708203932499369,,1.3416407864998738,,,,,5
correlated_shadowing,combined_drift,Physical-Only+Sequential,2000.0,0.0,0.967,,,,0.033,,,,,,,,,,0.0,,0.033,1064.0,1.0,0.003,,0.0,,,,,0.0,0.0,0.032046840717924144,,,,0.03204684071792413,,,,,,,,,,0.0,,0.02933308179342907,652.7419091800373,0.0,0.006708203932499369,,0.0,,,,,5
correlated_shadowing,gradual_puea,Baseline-XGBoost,2000.0,456.0,0.9275,0.8875922023182298,0.7806525675308967,0.8292452479234896,0.029012401341679334,0.2193474324691032,0.938054718743663,0.7806525675308967,,,,,,,0.0,0.0,,,,,,,,,,,0.0,9.539392014169456,0.019387495970341298,0.02141973244935695,0.08118409674693872,0.051940940616416804,0.005386290831461307,0.08118409674693874,0.038867198272919304,0.08118409674693872,,,,,,,0.0,0.0,,,,,,,,,,,5
correlated_shadowing,gradual_puea,Naive-Adaptive,2000.0,456.0,0.8601000000000001,0.9970756611671078,0.3867321334302625,0.5392725076014131,0.00039020340390203404,0.6132678665697375,0.9173726724550569,0.3867321334302625,1.1458297075319193,1.39391182332155,0.8909750142645805,0.3658021744609238,0.3263002138598818,0.6132678665697375,1822.6,0.0,,,,,,,,,,,0.0,9.539392014169456,0.038897943390364495,0.0048978528376716225,0.1729275646154749,0.18099610495936594,0.0005811298006425002,0.17292756461547484,0.049135627494904056,0.1729275646154749,0.057345577434833706,0.3367286774598338,0.522409682324324,0.022879489461327066,0.027545469537741892,0.17292756461547484,81.6872083009329,0.0,,,,,,,,,,,5
correlated_shadowing,gradual_puea,XGB+Physical,2000.0,456.0,0.983,0.9325237045298523,1.0,0.9645302139032623,0.022001349369870887,0.0,0.9999895506355815,1.0,0.9019329441583178,0.955505865933308,0.0,0.0,0.0,,0.0,0.0,,,,,,,,,,,0.0,9.539392014169456,0.013124404748406693,0.049808725067508074,0.0,0.026851688127889014,0.016962546537679354,0.0,2.1837326116715654e-05,0.0,0.11942130200639138,0.24303099470044826,0.0,0.0,0.0,,0.0,0.0,,,,,,,,,,,5
correlated_shadowing,gradual_puea,Physically-Anchored-Adaptive,2000.0,456.0,0.9849,0.939737987361671,1.0,0.9683762212397566,0.01953184703997255,0.0,0.9999895506355815,1.0,0.961928951274054,0.9558202990828727,0.529035310876476,0.0,0.0,0.0,1513.8,0.0,,,,,,,,,,,0.0,9.539392014169456,0.01301153334545934,0.050150283160494157,0.0,0.026916531721083554,0.01678344154058133,0.0,2.1837326116715654e-05,0.0,0.09499675582054527,0.30019294002967833,0.17921415047652436,0.0,0.0,0.0,24.417207047490095,0.0,,,,,,,,,,,5
correlated_shadowing,gradual_puea,XGB+StaticProfile,2000.0,456.0,0.9114000000000001,0.9813161950984632,0.623568984735839,0.7522532113655451,0.003895724730984415,0.37643101526416095,0.9381162535415258,0.623568984735839,0.9019329441583178,0.955505865933308,0.0,0.0,0.0,,0.0,0.0,,,,,,,,,,,0.0,9.539392014169456,0.03348021803991128,0.016841314330138055,0.15500474245571366,0.12401905054671572,0.0035519017862462683,0.1550047424557137,0.03910123402728933,0.15500474245571366,0.11942130200639138,0.24303099470044826,0.0,0.0,0.0,,0.0,0.0,,,,,,,,,,,5
correlated_shadowing,gradual_puea,Anchored-Update-Only,2000.0,456.0,0.9182,0.9953264092117596,0.6442802514272354,0.7740562667392996,0.0009084230483352707,0.3557197485727646,0.9391066759884665,0.6442802514272354,0.961928951274054,0.9558202990828727,0.529035310876476,0.0,0.0,0.0,1513.8,0.0,,,,,,,,,,,0.0,9.539392014169456,0.03335528443890116,0.0053110905498964895,0.14595550290825912,0.11491978468183851,0.0009829348471191615,0.14595550290825915,0.039315583127161095,0.14595550290825912,0.09499675582054527,0.30019294002967833,0.17921415047652436,0.0,0.0,0.0,24.417207047490095,0.0,,,,,,,,,,,5
correlated_shadowing,gradual_puea,Physical-Only,2000.0,456.0,0.9855,0.9421712756487789,1.0,0.9696352905292056,0.018752873829824983,0.0,0.9999895506355815,1.0,,,,,,,0.0,0.0,,,,,,,,,,,0.0,9.539392014169456,0.013355710389193079,0.051689715189674884,0.0,0.027684951835678828,0.017227105201822225,0.0,2.1837326116692425e-05,0.0,,,,,,,0.0,0.0,,,,,,,,,,,5
correlated_shadowing,gradual_puea,Spatial-XGBoost,2000.0,456.0,0.9944000000000001,0.9954114535047489,0.9798490280561463,0.9874325090412157,0.0012961287806420355,0.0201509719438537,0.999690446037568,0.9798490280561463,,,,,,,0.0,0.0,,,,,,,,,,,0.0,9.539392014169456,0.008813342158341566,0.006764066063970099,0.03202421489323843,0.0197776166622372,0.0018929268681553539,0.0320242148932384,0.0006002557395823994,0.03202421489323843,,,,,,,0.0,0.0,,,,,,,,,,,5
correlated_shadowing,gradual_puea,Sequential-Anchored,2000.0,456.0,0.9833999999999999,0.9338643061091076,1.0,0.9652819956492392,0.02147758720312065,0.0,0.9999895506355815,1.0,0.9933058384768426,0.9705766161254672,0.6037271761663401,0.0,0.0,0.0,482.0,0.0,,,,0.018,0.0,0.0,,,,,0.0,9.539392014169456,0.012665899099550732,0.04820417657375519,0.0,0.026041791767575213,0.016335255314151757,0.0,2.1837326116715654e-05,0.0,0.05183669176634926,0.16297933292455163,0.17921672971620586,0.0,0.0,0.0,22.66053838724932,0.0,,,,0.04024922359499621,0.0,0.0,,,,,5
correlated_shadowing,gradual_puea,Sequential-Anchored+Rollback,2000.0,456.0,0.9835,0.9342746709724915,1.0,0.9654978376012628,0.021349640351844897,0.0,0.9999895506355815,1.0,0.9650577404335344,0.8564822214457302,0.5567015173223536,0.0,0.0,0.0,482.0,0.0,,,,0.018,0.0,2.6,,,,,0.0,9.539392014169456,0.012718097341976924,0.04839614199410069,0.0,0.026122051515208532,0.016412662600080414,0.0,2.1837326116715654e-05,0.0,0.08475591692603554,0.20567398037975673,0.1073066355972898,0.0,0.0,0.0,22.66053838724932,0.0,,,,0.04024922359499621,0.0,1.6733200530681511,,,,,5
correlated_shadowing,gradual_puea,Sequential-Anchored-Full,2000.0,456.0,0.9547000000000001,0.8503339627059148,1.0,0.9152301877225508,0.058692490528027,0.0,0.9995005688261245,1.0,0.9495828422289196,0.9550782009984335,0.5346038887152648,0.0,0.0,0.0,1367.2,0.0,,,,0.018,0.0,2.6,,,,,0.0,9.539392014169456,0.04622580448191252,0.11894264969650854,0.0,0.07555830282480537,0.059925755322139285,0.0,0.0010893273832288432,0.0,0.10386542439483754,0.30719278342484474,0.1774869477377765,0.0,0.0,0.0,107.38109703295085,0.0,,,,0.04024922359499621,0.0,1.6733200530681511,,,,,5
correlated_shadowing,gradual_puea,Physical-Only+Sequential,2000.0,456.0,0.9551000000000001,0.8517536571347033,1.0,0.9160116344424848,0.058172244271645614,0.0,0.9995005688261245,1.0,,,,,,,0.0,0.0,,,,0.018,0.0,0.0,,,,,0.0,9.539392014169456,0.04644808930408231,0.11976939108389606,0.0,0.07600812656397361,0.060212718128800524,0.0,0.0010893273832288432,0.0,,,,,,,0.0,0.0,,,,0.04024922359499621,0.0,0.0,,,,,5
correlated_shadowing,near_pu_poisoning,Baseline-XGBoost,2000.0,515.0,0.8550000000000001,0.8657282692077917,0.5191659319707422,0.6485828600907622,0.0285010714954967,0.4808340680292577,0.8547824115661617,0.5191659319707422,,,,,,,0.0,29.2,,,,,,,0.3278866913402623,1.0,0.3519999999999996,,0.0,9.055385138137417,0.010776131031126212,0.061405386449944296,0.006511595135967672,0.021665585052685583,0.014774074678761972,0.006511595135967663,0.03791846389715734,0.006511595135967672,,,,,,,0.0,16.02186006679624,,,,,,,0.005716401272726586,0.0,0.022803508501982584,,5
correlated_shadowing,near_pu_poisoning,Naive-Adaptive,2000.0,515.0,0.7487,0.9450250836120402,0.02639047487893586,0.050803795352199296,0.0008123926602187472,0.9736095251210642,0.9563911946888016,0.02639047487893586,3.1682251955217504,4.167284810298346,3.894143278514534,0.3771480599204593,0.29322378030438934,0.9736095251210642,1985.2,127.6,,,,,,,0.03133843059005049,0.013701635624723058,1.0,0.32029326667753627,0.0,9.055385138137417,0.006230971031869717,0.0716241570166518,0.017696159529724642,0.033420259724197945,0.0011167213434984341,0.017696159529724656,0.010389250595896541,0.017696159529724642,0.28792732359437323,0.3651748477185944,0.22760315797423414,0.014005020142546405,0.024655665998751197,0.017696159529724656,10.084641788382996,203.94558097688707,,,,,,,0.024078719098130412,0.008223503939969375,0.0,0.03761914592192808,5
correlated_shadowing,near_pu_poisoning,XGB+Physical,2000.0,515.0,0.8615,0.8835306195211083,0.5396979275486938,0.6678327510053768,0.026981091644356324,0.46030207245130617,0.9165216609132049,0.5396979275486938,0.8551680651211733,0.8618734429058537,0.0,0.0,0.0,,0.0,25.2,,,,,,,0.3565457948011844,1.0,0.38000000000000056,0.0,0.0,9.055385138137417,0.012144957801491153,0.08220405973755428,0.02273382813397735,0.011015782232840781,0.02191184313286225,0.02273382813397735,0.031452552455120596,0.02273382813397735,0.10109932347491395,0.19402575033846584,0.0,0.0,0.0,,0.0,22.286767374386084,,,,,,,0.032051170884206504,0.0,0.09165151389911824,0.0,5
correlated_shadowing,near_pu_poisoning,Physically-Anchored-Adaptive,2000.0,515.0,0.8562,0.8921148853944179,0.511650102015292,0.6455788022593791,0.024424086740487808,0.48834989798470796,0.9280710577816371,0.511650102015292,1.160957132316034,1.0410350248955824,0.7419440302657706,0.28802179752525625,0.02375630102708614,0.48834989798470796,1700.2,18.4,,,,,,,0.3418775474619507,0.9403973509933774,0.5400000000000009,0.232935119014574,0.0,9.055385138137417,0.009852664614204632,0.08184844185387556,0.05762099855277633,0.034048672186070356,0.021147272909924658,0.057620998552776324,0.02535853698836729,0.05762099855277633,0.2951332479357018,0.49050404784884405,0.2688595369135379,0.020391790434972454,0.037200260217236415,0.057620998552776324,60.16809785924763,12.381437719424994,,,,,,,0.039189296498519446,0.13327557481786823,0.19849433241279282,0.03925251478418958,5
correlated_shadowing,near_pu_poisoning,XGB+StaticProfile,2000.0,515.0,0.8724999999999999,0.9802270485744484,0.515272003055792,0.6754376126818401,0.003640402264439794,0.484727996944208,0.9457834651874585,0.515272003055792,0.8551680651211733,0.8618734429058537,0.0,0.0,0.0,,0.0,42.2,,,,,,,0.32246126679491727,1.0,0.440000000000001,0.0,0.0,9.055385138137417,0.0029999999999999376,0.013227516552301885,0.006579197477661907,0.006980965650480649,0.002460663160460691,0.006579197477661877,0.022950157476505025,0.006579197477661907,0.10109932347491395,0.19402575033846584,0.0,0.0,0.0,,0.0,18.93937696968937,,,,,,,0.0018928928093921266,0.0,0.07483314773547996,0.0,5
correlated_shadowing,near_pu_poisoning,Anchored-Update-Only,2000.0,515.0,0.8503000000000001,0.9947166109870581,0.4208391622179752,0.5709145486207416,0.0009482622254361384,0.5791608377820248,0.9832331290074862,0.4208391622179752,1.1311271599497978,1.0405362637159725,0.7417376495311414,0.1765988848262375,0.01966536158182878,0.21434002064657826,1559.0,44.0,,,,,,,0.2708353446545425,0.8038381592304346,0.868000000000001,0.09697018687072205,0.0,9.055385138137417,0.04358554806354969,0.007658201021576563,0.1732475310718298,0.20730269820607553,0.0014094139195355662,0.1732475310718298,0.003105198858906888,0.1732475310718298,0.25668574119967025,0.48935249001485104,0.26871736538039476,0.032856698169678504,0.03809394709974073,0.08543841140961445,75.02332970483248,24.24871130596428,,,,,,,0.06980118362097879,0.43456228886989245,0.16709278859364307,0.04258614206435414,5
correlated_shadowing,near_pu_poisoning,Physical-Only,2000.0,515.0,0.8511,0.8924459997560753,0.4897121209575709,0.6266326111193246,0.023746829215404195,0.5102878790424291,0.915270285364748,0.4897121209575709,,,,,,,0.0,25.6,,,,,,,0.34026019532720725,0.8652500856999961,0.604000000000001,,0.0,9.055385138137417,0.0076843997813752585,0.08289507913405919,0.06576865716711608,0.03830175644040568,0.02131851598798138,0.06576865716711609,0.02799723029113351,0.06576865716711608,,,,,,,0.0,23.049945770001283,,,,,,,0.039237651456371,0.14431253399437546,0.17629520696831286,,5
correlated_shadowing,near_pu_poisoning,Spatial-XGBoost,2000.0,515.0,0.8676999999999999,0.9961203412662776,0.48806234116058667,0.6547696223806975,0.0006701549969432158,0.5119376588394134,0.9778847032140279,0.48806234116058667,,,,,,,0.0,66.8,,,,,,,0.30670512459948807,0.9434553990610329,0.8480000000000005,,0.0,9.055385138137417,0.005901271049528206,0.005509564582116585,0.025802870502299197,0.022981343750232617,0.0009470783004374541,0.02580287050229924,0.004407227856177398,0.025802870502299197,,,,,,,0.0,26.29068276024797,,,,,,,0.00419671232962267,0.08122061385653807,0.09654014708917726,,5
correlated_shadowing,near_pu_poisoning,Sequential-Anchored,2000.0,515.0,0.8612,0.8907446230281411,0.5327383663493611,0.6643433959715879,0.024961637929906987,0.4672616336506389,0.9300474435696623,0.5327383663493611,1.0001473850851066,1.1523792473599055,0.6499975695778863,0.21831965122877675,0.10055667424816808,0.21218668130246282,982.6,18.4,,,,0.0,6.2,0.0,0.34679792260042774,1.0,0.4800000000000015,0.1565025273046682,0.0,9.055385138137417,0.011256109452204165,0.08183117361089948,0.025688860927009484,0.0095562763629959,0.021151013884338644,0.025688860927009467,0.03100693038932517,0.025688860927009484,0.12813481906531216,0.36651806595605874,0.14119500474067442,0.02999647698344205,0.04926325550732347,0.08772349955419372,296.8346340978424,12.381437719424994,,,,0.0,4.024922359499621,0.0,0.03657980445063847,0.0,0.13638181696986018,0.01779589697343751,5
correlated_shadowing,near_pu_poisoning,Sequential-Anchored+Rollback,2000.0,515.0,0.8612,0.8902502548018116,0.5331285784474942,0.6645492105123514,0.02509523677988996,0.46687142155250594,0.928539044445048,0.5331285784474942,0.9834059563828443,1.1745803825952064,0.6497305312999921,0.2139801421258523,0.144933149741524,0.22201306778726515,996.0,18.4,,,,0.0,6.2,151.6,0.3473341936540901,1.0,0.45600000000000096,0.15806186484387155,0.0,9.055385138137417,0.011508692367076289,0.08269925162984836,0.024490898196439497,0.009784148928683198,0.02126407822941659,0.02449089819643947,0.030621584112022742,0.024490898196439497,0.1521804520316694,0.42040000117665405,0.1578800587992229,0.039987006584094126,0.031632740794301124,0.0959329114884991,309.3080988270433,12.381437719424994,,,,0.0,4.024922359499621,68.14543271562665,0.03516099820632968,0.0,0.13667479650616005,0.017478992104909698,5
correlated_shadowing,near_pu_poisoning,Sequential-Anchored-Full,2000.0,515.0,0.8602000000000001,0.8738805722743177,0.5393785784474942,0.6654508390270399,0.028589957630852047,0.46062142155250596,0.9164126996779753,0.5393785784474942,0.9468911987203255,0.9498169337833001,0.5826682859995613,0.21505567604571701,0.0664056325747547,0.28290561016650306,1308.2,18.4,,,,0.0,6.2,156.6,0.3561984595820679,1.0,0.45600000000000057,0.14990313218738655,0.0,9.055385138137417,0.010616025621672203,0.06594474593961039,0.022160902578669175,0.011904320373752605,0.018055092241392075,0.02216090257866922,0.012735456541288319,0.022160902578669175,0.10302981608226124,0.22544191826297327,0.12199060158821873,0.038696674904711,0.07516148286837063,0.0521997552870261,190.42373801603622,12.381437719424994,,,,0.0,4.024922359499621,57.97671946566139,0.02841383667631085,0.0,0.13667479650615916,0.024291311265949724,5
correlated_shadowing,near_pu_poisoning,Physical-Only+Sequential,2000.0,515.0,0.8560000000000001,0.8733173062476901,0.5212679189652563,0.6497587731113461,0.02804548432752354,0.47873208103474374,0.9061404671509296,0.5212679189652563,,,,,,,0.0,25.6,,,,0.0,6.2,0.0,0.3546123290941188,0.9380553490857035,0.5800000000000004,,0.0,9.055385138137417,0.009968701018688485,0.061903046093573194,0.05143012132619651,0.034051960048083654,0.017534612787043314,0.05143012132619649,0.013896272469445905,0.05143012132619651,,,,,,,0.0,23.049945770001283,,,,0.0,4.024922359499621,0.0,0.02917808687578175,0.11648798825607225,0.15165750888103127,,5
correlated_shadowing,noise_drift,Baseline-XGBoost,2000.0,0.0,0.6959,,,,0.30410000000000004,,,,,,,,,,0.0,,0.3715,1557.0,0.2,,,,,,,,0.0,0.0,0.21194262195226327,,,,0.2119426219522633,,,,,,,,,,0.0,,0.26089075180044236,,0.447213595499958,,,,,,,,5
correlated_shadowing,noise_drift,Naive-Adaptive,2000.0,0.0,0.9976,,,,0.0024000000000000002,,,,2.628348991546776,0.8787150161720693,86.96348709340621,0.0,0.0,,1995.2,,0.0027500000000000003,0.0,1.0,,,,,,,,0.0,0.0,0.0029664793948382625,,,,0.002966479394838265,,,,0.15024725198407313,0.1917240829896624,5.860020143915889,0.0,0.0,,5.932958789676539,,0.0034403397361307216,0.0,0.0,,,,,,,,5
correlated_shadowing,noise_drift,XGB+Physical,2000.0,0.0,0.6891,,,,0.3109,,,,45.89696912158686,87.05576173255024,0.0,0.0,0.0,,0.0,,0.384375,1592.0,0.2,,,,,,,,0.0,0.0,0.1991043696155361,,,,0.19910436961553607,,,,3.0818091768193514,5.839676745176677,0.0,0.0,0.0,,0.0,,0.25137706674933574,,0.447213595499958,,,,,,,,5
correlated_shadowing,noise_drift,Physically-Anchored-Adaptive,2000.0,0.0,0.9775,,,,0.0225,,,,2.7087938788419628,0.8669812858238318,86.9602044465683,0.0,0.0,,1955.0,,0.0245,385.8,1.0,,,,,,,,0.0,0.0,0.019798989873223347,,,,0.01979898987322333,,,,0.2026286834436215,0.18114253190238835,5.856464036334506,0.0,0.0,,39.597979746446654,,0.020782542253054606,659.575014687488,0.0,,,,,,,,5
correlated_shadowing,noise_drift,XGB+StaticProfile,2000.0,0.0,0.7021,,,,0.2979,,,,45.89696912158686,87.05576173255024,0.0,0.0,0.0,,0.0,,0.3715,1557.0,0.2,,,,,,,,0.0,0.0,0.2082898821354508,,,,0.2082898821354508,,,,3.0818091768193514,5.839676745176677,0.0,0.0,0.0,,0.0,,0.26089075180044236,,0.447213595499958,,,,,,,,5
correlated_shadowing,noise_drift,Anchored-Update-Only,2000.0,0.0,0.9975000000000002,,,,0.0025,,,,2.7087938788419628,0.8669812858238318,86.9602044465683,0.0,0.0,,1955.0,,0.002875,0.0,1.0,,,,,,,,0.0,0.0,0.0029154759474226528,,,,0.00291547594742265,,,,0.2026286834436215,0.18114253190238835,5.856464036334506,0.0,0.0,,39.597979746446654,,0.00338309215068109,0.0,0.0,,,,,,,,5
correlated_shadowing,noise_drift,Physical-Only,2000.0,0.0,0.9800000000000001,,,,0.019999999999999997,,,,,,,,,,0.0,,0.021625,320.8,1.0,,,,,,,,0.0,0.0,0.01988089535207103,,,,0.01988089535207104,,,,,,,,,,0.0,,0.02105888322062687,520.9310894926507,0.0,,,,,,,,5
correlated_shadowing,noise_drift,Spatial-XGBoost,2000.0,0.0,0.9983000000000001,,,,0.0017000000000000001,,,,,,,,,,0.0,,0.002125,0.0,1.0,,,,,,,,0.0,0.0,0.0022248595461287096,,,,0.002224859546128699,,,,,,,,,,0.0,,0.0027810744326608734,0.0,0.0,,,,,,,,5
correlated_shadowing,noise_drift,Sequential-Anchored,2000.0,0.0,0.9775,,,,0.0225,,,,2.7086626328902232,0.866507038885222,86.96007097656005,0.0,0.0,,1954.0,,0.0245,385.8,1.0,0.0005,,0.0,,,,,0.0,0.0,0.019798989873223347,,,,0.01979898987322333,,,,0.20284309441483936,0.18139325425110125,5.856623797091297,0.0,0.0,,38.60699418499193,,0.020782542253054606,659.575014687488,0.0,0.001118033988749895,,0.0,,,,,5
correlated_shadowing,noise_drift,Sequential-Anchored+Rollback,2000.0,0.0,0.9775,,,,0.0225,,,,2.708148317316934,0.8700819225928267,86.95649793408964,0.0,0.0,,1954.0,,0.0245,385.8,1.0,0.0005,,0.6,,,,,0.0,0.0,0.019798989873223347,,,,0.01979898987322333,,,,0.20368521005120477,0.1796489913031245,5.860904683158025,0.0,0.0,,38.60699418499193,,0.020782542253054606,659.575014687488,0.0,0.001118033988749895,,1.3416407864998738,,,,,5
correlated_shadowing,noise_drift,Sequential-Anchored-Full,2000.0,0.0,0.9771000000000001,,,,0.022899999999999997,,,,2.708148317316934,0.8700819225928267,86.95649793408964,0.0,0.0,,1954.0,,0.025,660.8,1.0,0.0005,,0.6,,,,,0.0,0.0,0.019398453546610357,,,,0.01939845354661036,,,,0.20368521005120477,0.1796489913031245,5.860904683158025,0.0,0.0,,38.60699418499193,,0.020257136088302315,740.2207103290207,0.0,0.001118033988749895,,1.3416407864998738,,,,,5
correlated_shadowing,noise_drift,Physical-Only+Sequential,2000.0,0.0,0.9795999999999999,,,,0.020399999999999998,,,,,,,,,,0.0,,0.022125,595.8,1.0,0.0005,,0.0,,,,,0.0,0.0,0.019533304891901943,,,,0.019533304891901932,,,,,,,,,,0.0,,0.020608895227546768,654.9383177063318,0.0,0.001118033988749895,,0.0,,,,,5
correlated_shadowing,poisoning,Baseline-XGBoost,2000.0,512.4,0.8718999999999999,0.8871627338928626,0.5739848349486124,0.695439348718417,0.0255666157279122,0.4260151650513876,0.9064875881807776,0.5739848349486124,,,,,,,0.0,15.8,,,,,,,0.4007689637744992,1.0,0.26399999999999996,,0.0,10.66770828247567,0.017023513150933266,0.04800077764585897,0.060215572822936284,0.048178164531292964,0.01242135569913202,0.060215572822936284,0.022908100647843033,0.060215572822936284,,,,,,,0.0,11.233877335986895,,,,,,,0.07516606707944302,0.0,0.10430723848324243,,5
correlated_shadowing,poisoning,Naive-Adaptive,2000.0,512.4,0.7509,0.9423693953105718,0.029981969046498403,0.057411458504419775,0.0008080994590550902,0.9700180309535016,0.9529546549983172,0.029981969046498403,3.1284517277291672,4.050836904687302,3.6150556330958885,0.36929017602628395,0.28079138980459883,0.9700180309535016,1983.4,42.0,,,,,,,0.039698885837907726,0.006723790322580645,1.0,0.2959818924596701,0.0,10.66770828247567,0.006721235005562563,0.0762129088831929,0.021141506032313545,0.03922975162870408,0.0011090029016876555,0.021141506032313583,0.026316279490394758,0.021141506032313545,0.6533353319804637,0.5231181980653345,0.6167570364894631,0.017350089210967447,0.03754173189378656,0.021141506032313583,11.696153213770764,32.449961479175904,,,,,,,0.026378719447496413,0.01119108260613076,0.0,0.027276393175356243,5
correlated_shadowing,poisoning,XGB+Physical,2000.0,512.4,0.9827999999999999,0.9394224403596981,0.9980511692601264,0.9674905511839984,0.022370843027496815,0.0019488307398736286,0.9998567586837466,0.9980511692601264,0.8272493589026789,0.8223588273677874,0.0,0.0,0.0,,0.0,1.0,,,,,,,0.9972869554999008,1.0,0.012,0.0,0.0,10.66770828247567,0.0109863551735778,0.039752708445318564,0.0027375975593649784,0.020792081266623533,0.014839464335003065,0.002737597559365011,0.00014666830986828915,0.0027375975593649784,0.11139843606190153,0.25785607557794965,0.0,0.0,0.0,,0.0,2.23606797749979,,,,,,,0.0038431321042112056,0.0,0.01788854381999832,0.0,5
correlated_shadowing,poisoning,Physically-Anchored-Adaptive,2000.0,512.4,0.9839,0.943095879818698,0.9980511692601264,0.9694862938194811,0.020900038392668557,0.0019488307398736286,0.9998634196499478,0.9980511692601264,0.8972563648894182,0.9064105349015043,0.5682304049740486,0.00602264615362056,1.416996159507723e-05,0.0019488307398736286,1457.4,1.0,,,,,,,0.9972869554999008,1.0,0.012,0.00049698122566696,0.0,10.66770828247567,0.010101980003939828,0.03687326957678113,0.0027375975593649784,0.019182796379568275,0.013685961771222608,0.002737597559365011,0.0001361207399492221,0.0027375975593649784,0.06955508589404147,0.2729242726744281,0.34969577369171917,0.00896228494498731,2.5216273632566997e-05,0.002737597559365011,11.97079780131632,2.23606797749979,,,,,,,0.0038431321042112056,0.0,0.01788854381999832,0.0009037855992722182,5
correlated_shadowing,poisoning,XGB+StaticProfile,2000.0,512.4,0.8747999999999999,0.9852194698350576,0.5189912862227054,0.6797784821652072,0.002684310363761672,0.48100871377729454,0.9629840992310159,0.5189912862227054,0.8272493589026789,0.8223588273677874,0.0,0.0,0.0,,0.0,30.0,,,,,,,0.3223310368872606,1.0,0.45200000000000073,0.0,0.0,10.66770828247567,0.0025149552679918294,0.014108772581645055,0.011634488704318362,0.011037183514988178,0.0025528446757040707,0.011634488704318333,0.022539766124478118,0.011634488704318362,0.11139843606190153,0.25785607557794965,0.0,0.0,0.0,,0.0,22.090722034374522,,,,,,,0.005844697740816423,0.0,0.21382235617446674,0.0,5
correlated_shadowing,poisoning,Anchored-Update-Only,2000.0,512.4,0.8766,0.9942461330065445,0.5213769721073973,0.6839380687322676,0.0010802612252691908,0.4786230278926027,0.9629297074083849,0.5213769721073973,0.8978130736529216,0.9063893457449742,0.5682256644876873,0.002,1.532773784733542e-08,0.0003824091778202677,1456.6,29.4,,,,,,,0.3256736552716617,1.0,0.4720000000000007,4.863748640680813e-07,0.0,10.66770828247567,0.0032093613071762415,0.007380258312231496,0.012774776658177289,0.010208659009374751,0.0013990991266620988,0.012774776658177242,0.02110567860895877,0.012774776658177289,0.06983705369705819,0.272898308557081,0.34969629018491516,0.00447213595499958,3.4273863767938293e-08,0.0008550929168259233,11.545561917897295,23.114930239998564,,,,,,,0.010949630638968406,0.0,0.20129580224137844,1.0875672586034498e-06,5
correlated_shadowing,poisoning,Physical-Only,2000.0,512.4,0.9846999999999999,0.9459986083958618,0.9980511692601264,0.9709810980296529,0.019819777167399365,0.0019488307398736286,0.9998696771948318,0.9980511692601264,,,,,,,0.0,1.0,,,,,,,0.9972869554999008,1.0,0.012,,0.0,10.66770828247567,0.010808561421391888,0.039310862569255076,0.0027375975593649784,0.02051138335718382,0.014583155846622306,0.002737597559365011,0.0001395601532952933,0.0027375975593649784,,,,,,,0.0,2.23606797749979,,,,,,,0.0038431321042112056,0.0,0.01788854381999832,,5
correlated_shadowing,poisoning,Spatial-XGBoost,2000.0,512.4,0.9713,0.9990140438630242,0.8888781265328639,0.9379105082707907,0.0002685533009338515,0.11112187346713612,0.9982870438634703,0.8888781265328639,,,,,,,0.0,2.0,,,,,,,0.8419744714700059,1.0,0.068,,0.0,10.66770828247567,0.027898476660921837,0.00136183100565289,0.10674533014591321,0.06400871298994538,0.00036773952142282783,0.1067453301459132,0.0022431205086103894,0.10674533014591321,,,,,,,0.0,4.47213595499958,,,,,,,0.1558226956239232,0.0,0.0303315017762062,,5
correlated_shadowing,poisoning,Sequential-Anchored,2000.0,512.4,0.9823999999999999,0.9379740271285483,0.9980511692601264,0.9667528036012184,0.02291491026836181,0.0019488307398736286,0.9998407312793501,0.9980511692601264,0.9041851109145533,0.95037955342959,0.5811547338696321,0.0,0.0,0.0,324.0,1.0,,,,0.0,0.0,0.0,0.9972869554999008,1.0,0.012,0.0,0.0,10.66770828247567,0.01052021862890693,0.037951486116480006,0.0027375975593649784,0.019903794007256892,0.014195074552096221,0.002737597559365011,0.00013394278252169326,0.0027375975593649784,0.11107234629796973,0.4780560954462061,0.22585315544183826,0.0,0.0,0.0,14.300349646075091,2.23606797749979,,,,0.0,0.0,0.0,0.0038431321042112056,0.0,0.01788854381999832,0.0,5
correlated_shadowing,poisoning,Sequential-Anchored+Rollback,2000.0,512.4,0.9824999999999999,0.9383833287459513,0.9980511692601264,0.9669481679095828,0.022777792391411717,0.0019488307398736286,0.9998424965526015,0.9980511692601264,0.9253581801787844,0.9678945986629683,0.6398549960740667,0.0,0.0,0.0,324.0,1.0,,,,0.0,0.0,10.2,0.9972869554999008,1.0,0.012,0.0,0.0,10.66770828247567,0.0108972473588517,0.03927180552724919,0.0027375975593649784,0.020602218166970127,0.014694987568114468,0.002737597559365011,0.0001391322832733789,0.0027375975593649784,0.12255053445665279,0.5209655975893965,0.17220322976577696,0.0,0.0,0.0,14.300349646075091,2.23606797749979,,,,0.0,0.0,5.848076606885378,0.0038431321042112056,0.0,0.01788854381999832,0.0,5
correlated_shadowing,poisoning,Sequential-Anchored-Full,2000.0,512.4,0.9801,0.9287352360860982,0.9996175908221797,0.962614803320059,0.02655769138336799,0.0003824091778202677,0.9999390826286738,0.9996175908221797,0.8845563211611636,0.910322974172335,0.566967047117377,0.0,0.0,0.0,1321.6,1.0,,,,0.0,0.0,10.2,0.9994550408719345,1.0,0.004,0.0,0.0,10.66770828247567,0.009502631214563696,0.03356848924364042,0.0008550929168259174,0.017829207338978366,0.012783020616377852,0.0008550929168259233,0.0001096051428525975,0.0008550929168259174,0.057823418208106006,0.2736147806589776,0.34876526645948286,0.0,0.0,0.0,83.01084266528078,2.23606797749979,,,,0.0,0.0,5.848076606885378,0.0012185656553132798,0.0,0.00894427190999916,0.0,5
correlated_shadowing,poisoning,Physical-Only+Sequential,2000.0,512.4,0.9808,0.9311926065665317,0.9996175908221797,0.9639020130481619,0.025612839772181407,0.0003824091778202677,0.9999422187061832,0.9996175908221797,,,,,,,0.0,1.0,,,,0.0,0.0,0.0,0.9994550408719345,1.0,0.004,,0.0,10.66770828247567,0.01011558203960608,0.035717408861428754,0.0008550929168259174,0.01897461154837764,0.013586366268020055,0.0008550929168259233,0.00010964944089561759,0.0008550929168259174,,,,,,,0.0,2.23606797749979,,,,0.0,0.0,0.0,0.0012185656553132798,0.0,0.00894427190999916,,5
correlated_shadowing,power_drift,Baseline-XGBoost,2000.0,0.0,0.32039999999999996,,,,0.6796,,,,,,,,,,0.0,,0.8401250000000001,,0.0,,,,,,,,0.0,0.0,0.017636609651517494,,,,0.017636609651517497,,,,,,,,,,0.0,,0.01888182823510477,,0.0,,,,,,,,5
correlated_shadowing,power_drift,Naive-Adaptive,2000.0,0.0,0.9972000000000001,,,,0.0027999999999999995,,,,0.9402222721083051,0.8738271992155926,9.602770116328426,0.0,0.0,,1994.4,,0.0033750000000000004,0.0,1.0,,,,,,,,0.0,0.0,0.0019874606914351022,,,,0.001987460691435179,,,,0.028397455961867386,0.25905549059035354,0.8441380875232103,0.0,0.0,,3.9749213828703933,,0.002599579292885678,0.0,0.0,,,,,,,,5
correlated_shadowing,power_drift,XGB+Physical,2000.0,0.0,0.3806,,,,0.6194,,,,5.396386775850404,9.8525316844803,0.0,0.0,0.0,,0.0,,0.768625,,0.0,,,,,,,,0.0,0.0,0.029037475785611944,,,,0.02903747578561191,,,,0.3861492801078168,0.7230871519377596,0.0,0.0,0.0,,0.0,,0.03347515403250597,,0.0,,,,,,,,5
correlated_shadowing,power_drift,Physically-Anchored-Adaptive,2000.0,0.0,0.976,,,,0.024,,,,0.9389036878296059,0.8759658909189983,9.600647962233154,0.0,0.0,,1952.0,,0.025124999999999998,315.4,1.0,,,,,,,,0.0,0.0,0.020496950992769637,,,,0.02049695099276963,,,,0.026529150738924565,0.25551264800113865,0.8418029728299548,0.0,0.0,,40.99390198553925,,0.021638904489368217,705.2558401034337,0.0,,,,,,,,5
correlated_shadowing,power_drift,XGB+StaticProfile,2000.0,0.0,0.3867,,,,0.6133,,,,5.396386775850404,9.8525316844803,0.0,0.0,0.0,,0.0,,0.76575,,0.0,,,,,,,,0.0,0.0,0.027528621469299894,,,,0.027528621469299873,,,,0.3861492801078168,0.7230871519377596,0.0,0.0,0.0,,0.0,,0.03404787530081723,,0.0,,,,,,,,5
correlated_shadowing,power_drift,Anchored-Update-Only,2000.0,0.0,0.9968999999999999,,,,0.0031,,,,0.9389036878296059,0.8759658909189983,9.600647962233154,0.0,0.0,,1952.0,,0.0037500000000000007,0.0,1.0,,,,,,,,0.0,0.0,0.0022472205054244123,,,,0.002247220505424423,,,,0.026529150738924565,0.25551264800113865,0.8418029728299548,0.0,0.0,,40.99390198553925,,0.002931509849889644,0.0,0.0,,,,,,,,5
correlated_shadowing,power_drift,Physical-Only,2000.0,0.0,0.9790000000000001,,,,0.020999999999999998,,,,,,,,,,0.0,,0.0215,315.2,1.0,,,,,,,,0.0,0.0,0.01998124120268809,,,,0.019981241202688082,,,,,,,,,,0.0,,0.02104960658777261,704.8086265079337,0.0,,,,,,,,5
correlated_shadowing,power_drift,Spatial-XGBoost,2000.0,0.0,0.7548,,,,0.2452,,,,,,,,,,0.0,,0.3065,,0.0,,,,,,,,0.0,0.0,0.10541264155688347,,,,0.10541264155688349,,,,,,,,,,0.0,,0.13176580194610438,,0.0,,,,,,,,5
correlated_shadowing,power_drift,Sequential-Anchored,2000.0,0.0,0.976,,,,0.024,,,,0.9388936835979462,0.8757658062858047,9.60042377967819,0.0,0.0,,1951.8,,0.025124999999999998,315.4,1.0,0.0001,,0.0,,,,,0.0,0.0,0.020496950992769637,,,,0.02049695099276963,,,,0.026536835418705343,0.2555675199917897,0.8415519240695819,0.0,0.0,,40.94752739787836,,0.021638904489368217,705.2558401034337,0.0,0.00022360679774997898,,0.0,,,,,5
correlated_shadowing,power_drift,Sequential-Anchored+Rollback,2000.0,0.0,0.976,,,,0.024,,,,0.9388845097064149,0.8755823284551777,9.599198953652017,0.0,0.0,,1951.8,,0.025124999999999998,315.4,1.0,0.0001,,0.2,,,,,0.0,0.0,0.020496950992769637,,,,0.02049695099276963,,,,0.026543896893611287,0.25561851559943216,0.8401842704145591,0.0,0.0,,40.94752739787836,,0.021638904489368217,705.2558401034337,0.0,0.00022360679774997898,,0.4472135954999579,,,,,5
correlated_shadowing,power_drift,Sequential-Anchored-Full,2000.0,0.0,0.976,,,,0.024,,,,0.9388845097064149,0.8755823284551777,9.599198953652017,0.0,0.0,,1951.8,,0.025124999999999998,315.4,1.0,0.0001,,0.2,,,,,0.0,0.0,0.020496950992769637,,,,0.02049695099276963,,,,0.026543896893611287,0.25561851559943216,0.8401842704145591,0.0,0.0,,40.94752739787836,,0.021638904489368217,705.2558401034337,0.0,0.00022360679774997898,,0.4472135954999579,,,,,5
correlated_shadowing,power_drift,Physical-Only+Sequential,2000.0,0.0,0.9790000000000001,,,,0.020999999999999998,,,,,,,,,,0.0,,0.0215,315.2,1.0,0.0001,,0.0,,,,,0.0,0.0,0.01998124120268809,,,,0.019981241202688082,,,,,,,,,,0.0,,0.02104960658777261,704.8086265079337,0.0,0.00022360679774997898,,0.0,,,,,5
correlated_shadowing,power_matching_puea,Baseline-XGBoost,2000.0,436.8,0.9014,0.8495472678996837,0.6414325834083792,0.7157057111338025,0.027093247756210442,0.35856741659162095,0.9247134148645395,0.6414325834083792,,,,,,,0.0,7.6,,,,,,,,,,,0.0,18.335757415498275,0.05717342039794368,0.07883515751161958,0.25763716881811694,0.19832780290368632,0.007058460841234806,0.25763716881811694,0.08882654943541946,0.25763716881811694,,,,,,,0.0,12.581732790041283,,,,,,,,,,,5
correlated_shadowing,power_matching_puea,Naive-Adaptive,2000.0,436.8,0.7828,0.325,0.0093146138993279,0.04423410162291082,0.0011545661392941792,0.990685386100672,0.8973599280782174,0.0093146138993279,1.2427577053085954,1.2314160826295297,1.0016783197934465,0.38013855593776485,0.2786612211024374,0.990685386100672,1994.0,105.0,,,,,,,,,,,0.0,18.335757415498275,0.008004686127513063,0.39475730941090037,0.019606815155754156,0.05628500939516167,0.0012412411461899227,0.01960681515575413,0.08101394861546583,0.019606815155754156,0.2358871377390566,0.4038477293739106,0.3744497911001342,0.016739977448027944,0.047543734670855424,0.01960681515575413,10.653637876331258,148.49242404917499,,,,,,,,,,,5
correlated_shadowing,power_matching_puea,XGB+Physical,2000.0,436.8,0.9791000000000001,0.9169413612691402,1.0,0.9559829123154872,0.02690378519959073,0.0,1.0,1.0,0.8454506541450051,0.7782189363093944,0.0,0.0,0.0,,0.0,0.0,,,,,,,,,,,0.0,18.335757415498275,0.014817219712213236,0.05520734118846381,0.0,0.029878551003499412,0.01918243988709887,0.0,0.0,0.0,0.07901199831467137,0.18261994671404305,0.0,0.0,0.0,,0.0,0.0,,,,,,,,,,,5
correlated_shadowing,power_matching_puea,Physically-Anchored-Adaptive,2000.0,436.8,0.9818,0.9272450734245732,1.0,0.9615886929096134,0.02344298496748877,0.0,1.0,1.0,0.9064364083616917,0.8363105479509896,0.5276905347360827,0.0,0.0,0.0,1526.8,0.0,,,,,,,,,,,0.0,18.335757415498275,0.014193308282426645,0.05455619196917291,0.0,0.029170011642053097,0.018347352057131852,0.0,0.0,0.0,0.09220073539155332,0.2321696615920648,0.2177149114436754,0.0,0.0,0.0,45.75696668268125,0.0,,,,,,,,,,,5
correlated_shadowing,power_matching_puea,XGB+StaticProfile,2000.0,436.8,0.8404999999999999,0.8499473701021462,0.28325973042906705,0.38762608921494796,0.0053862397464427315,0.716740269570933,0.9247136375164523,0.28325973042906705,0.8454506541450051,0.7782189363093944,0.0,0.0,0.0,,0.0,42.0,,,,,,,,,,,0.0,18.335757415498275,0.050584088407324285,0.17228486232635437,0.2537343505700877,0.3014713853909409,0.0029637582942453303,0.2537343505700877,0.08982181314950441,0.2537343505700877,0.07901199831467137,0.18261994671404305,0.0,0.0,0.0,,0.0,49.60342730094363,,,,,,,,,,,5
correlated_shadowing,power_matching_puea,Anchored-Update-Only,2000.0,436.8,0.8468,0.9652795876724252,0.29746684655900124,0.39423152299392694,0.0015380928390664017,0.7025331534409988,0.9273147844334115,0.29746684655900124,0.9064364083616917,0.8363105479509896,0.5276905347360827,0.0,0.0,0.0,1526.8,72.0,,,,,,,,,,,0.0,18.335757415498275,0.060731581570052984,0.051259736674108596,0.29741730830220764,0.3385336435540479,0.0014832688670448234,0.2974173083022076,0.08960902557029847,0.29741730830220764,0.09220073539155332,0.2321696615920648,0.2177149114436754,0.0,0.0,0.0,45.75696668268125,83.36965874945153,,,,,,,,,,,5
correlated_shadowing,power_matching_puea,Physical-Only,2000.0,436.8,0.983,0.9318599990805276,1.0,0.9640920029404981,0.02190489212842237,0.0,1.0,1.0,,,,,,,0.0,0.0,,,,,,,,,,,0.0,18.335757415498275,0.013793114224133726,0.0537415072111643,0.0,0.02859241254859267,0.017814793057764455,0.0,0.0,0.0,,,,,,,0.0,0.0,,,,,,,,,,,5
correlated_shadowing,power_matching_puea,Spatial-XGBoost,2000.0,436.8,0.9987,0.993860496893754,1.0,0.9968948347162632,0.0016398081068073986,0.0,1.0,1.0,,,,,,,0.0,0.0,,,,,,,,,,,0.0,18.335757415498275,0.002361143790623506,0.011298548229302447,0.0,0.0057267676506496815,0.002963460563031951,0.0,0.0,0.0,,,,,,,0.0,0.0,,,,,,,,,,,5
correlated_shadowing,power_matching_puea,Sequential-Anchored,2000.0,436.8,0.9794,0.9178884014329881,1.0,0.9565174813381769,0.02650887402810297,0.0,1.0,1.0,0.9443203736191922,1.0144025170452902,0.7449505430139147,0.0,0.0,0.0,499.0,0.0,,,,0.0,0.0,0.0,,,,,0.0,18.335757415498275,0.014596232390586274,0.054482304298809986,0.0,0.029438698475334757,0.018903775939138546,0.0,0.0,0.0,0.08506976542834777,0.3705106671377793,0.2591999778107799,0.0,0.0,0.0,11.113055385446433,0.0,,,,0.0,0.0,0.0,,,,,5
correlated_shadowing,power_matching_puea,Sequential-Anchored+Rollback,2000.0,436.8,0.9795999999999999,0.9185581371027238,1.0,0.9569009443878773,0.026250642911253386,0.0,1.0,1.0,0.952080536146983,1.0285369028607498,0.7514487337599289,0.0,0.0,0.0,499.0,0.0,,,,0.0,0.0,2.2,,,,,0.0,18.335757415498275,0.014363147287415789,0.05372034017288399,0.0,0.02899886366976752,0.01860221826450502,0.0,0.0,0.0,0.08635175061136188,0.37257645831823144,0.2723208539898899,0.0,0.0,0.0,11.113055385446433,0.0,,,,0.0,0.0,1.7888543819998317,,,,,5
correlated_shadowing,power_matching_puea,Sequential-Anchored-Full,2000.0,436.8,0.9736,0.8950306292061766,1.0,0.944138484237002,0.0338982323140675,0.0,0.9996483670889067,1.0,0.9074606649306112,0.8190661052643738,0.5232185609455815,0.0,0.0,0.0,1405.0,0.0,,,,0.0,0.0,2.2,,,,,0.0,18.335757415498275,0.013126309458488292,0.04462625320058207,0.0,0.02493016520383681,0.017106894375372578,0.0,0.000697804692378243,0.0,0.09476059731219127,0.2434410248865063,0.22352268529144056,0.0,0.0,0.0,71.31970274755778,0.0,,,,0.0,0.0,1.7888543819998317,,,,,5
correlated_shadowing,power_matching_puea,Physical-Only+Sequential,2000.0,436.8,0.9749000000000001,0.8996126647593616,1.0,0.9467285011114933,0.03223135647435719,0.0,0.9996483670889067,1.0,,,,,,,0.0,0.0,,,,0.0,0.0,0.0,,,,,0.0,18.335757415498275,0.012416722594952367,0.04262252945560822,0.0,0.02369495734691029,0.016185691527502214,0.0,0.000697804692378243,0.0,,,,,,,0.0,0.0,,,,0.0,0.0,0.0,,,,,5
correlated_shadowing,shadowing_drift,Baseline-XGBoost,2000.0,0.0,0.9067000000000001,,,,0.09330000000000001,,,,,,,,,,0.0,,0.10462500000000001,1480.5,0.4,,,,,,,,0.0,0.0,0.05081043199973801,,,,0.05081043199973801,,,,,,,,,,0.0,,0.05938749868448746,136.47160876900367,0.5477225575051661,,,,,,,,5
correlated_shadowing,shadowing_drift,Naive-Adaptive,2000.0,0.0,0.9960000000000001,,,,0.004,,,,1.1262322853137774,1.223799847730831,1.7047539265344454,0.0,0.0,,1992.0,,0.0043749999999999995,0.0,1.0,,,,,,,,0.0,0.0,0.002669269563007802,,,,0.0026692695630078276,,,,0.07576338640883512,0.3102776997504069,0.29270500343349404,0.0,0.0,,5.33853912601567,,0.002460627460628691,0.0,0.0,,,,,,,,5
correlated_shadowing,shadowing_drift,XGB+Physical,2000.0,0.0,0.9387000000000001,,,,0.0613,,,,1.3541605583896517,1.9547691464404544,0.0,0.0,0.0,,0.0,,0.071875,1511.4,1.0,,,,,,,,0.0,0.0,0.015287249589118373,,,,0.01528724958911838,,,,0.23975826047245796,0.4071707059356653,0.0,0.0,0.0,,0.0,,0.01891593243802694,71.51433422748195,0.0,,,,,,,,5
correlated_shadowing,shadowing_drift,Physically-Anchored-Adaptive,2000.0,0.0,0.9693999999999999,,,,0.0306,,,,1.1240432487232022,1.2265487253126666,1.707067741431843,0.0,0.0,,1938.8,,0.034249999999999996,676.8,1.0,,,,,,,,0.0,0.0,0.023391772057712923,,,,0.023391772057712944,,,,0.07616147544437238,0.30833255414865773,0.2969888270005591,0.0,0.0,,46.78354411542589,,0.027892791407458664,724.1182223918964,0.0,,,,,,,,5
correlated_shadowing,shadowing_drift,XGB+StaticProfile,2000.0,0.0,0.9641,,,,0.0359,,,,1.3541605583896517,1.9547691464404544,0.0,0.0,0.0,,0.0,,0.043625000000000004,1415.0,1.0,,,,,,,,0.0,0.0,0.015557956163969619,,,,0.015557956163969612,,,,0.23975826047245796,0.4071707059356653,0.0,0.0,0.0,,0.0,,0.018631919855452365,218.0814068186465,0.0,,,,,,,,5
correlated_shadowing,shadowing_drift,Anchored-Update-Only,2000.0,0.0,0.9960000000000001,,,,0.004,,,,1.1240432487232022,1.2265487253126666,1.707067741431843,0.0,0.0,,1938.8,,0.0043749999999999995,0.0,1.0,,,,,,,,0.0,0.0,0.002449489742783197,,,,0.002449489742783178,,,,0.07616147544437238,0.30833255414865773,0.2969888270005591,0.0,0.0,,46.78354411542589,,0.0022534695471649936,0.0,0.0,,,,,,,,5
correlated_shadowing,shadowing_drift,Physical-Only,2000.0,0.0,0.9728999999999999,,,,0.027100000000000003,,,,,,,,,,0.0,,0.030374999999999996,676.8,1.0,,,,,,,,0.0,0.0,0.023540921817125183,,,,0.023540921817125172,,,,,,,,,,0.0,,0.027721409821652287,724.1182223918964,0.0,,,,,,,,5
correlated_shadowing,shadowing_drift,Spatial-XGBoost,2000.0,0.0,0.9841000000000001,,,,0.0159,,,,,,,,,,0.0,,0.019625,729.8,1.0,,,,,,,,0.0,0.0,0.006904708538381616,,,,0.006904708538381617,,,,,,,,,,0.0,,0.008576402946457215,671.0143068519478,0.0,,,,,,,,5
correlated_shadowing,shadowing_drift,Sequential-Anchored,2000.0,0.0,0.9693999999999999,,,,0.0306,,,,1.1239116319614264,1.2265430127220784,1.7070746336829963,0.0,0.0,,1938.6,,0.034249999999999996,676.8,1.0,0.0001,,0.0,,,,,0.0,0.0,0.023391772057712923,,,,0.023391772057712944,,,,0.07635634508423628,0.30834396751966403,0.2970016101543948,0.0,0.0,,46.91801359819065,,0.027892791407458664,724.1182223918964,0.0,0.00022360679774997898,,0.0,,,,,5
correlated_shadowing,shadowing_drift,Sequential-Anchored+Rollback,2000.0,0.0,0.9693999999999999,,,,0.0306,,,,1.1236513362078866,1.2265368985341252,1.7070891000444124,0.0,0.0,,1938.6,,0.034249999999999996,676.8,1.0,0.0001,,0.2,,,,,0.0,0.0,0.023391772057712923,,,,0.023391772057712944,,,,0.07674360098552259,0.3083561833733634,0.29702844192702366,0.0,0.0,,46.91801359819065,,0.027892791407458664,724.1182223918964,0.0,0.00022360679774997898,,0.447213595499958,,,,,5
correlated_shadowing,shadowing_drift,Sequential-Anchored-Full,2000.0,0.0,0.9693999999999999,,,,0.0306,,,,1.1236513362078866,1.2265368985341252,1.7070891000444124,0.0,0.0,,1938.6,,0.034249999999999996,676.8,1.0,0.0001,,0.2,,,,,0.0,0.0,0.023391772057712923,,,,0.023391772057712944,,,,0.07674360098552259,0.3083561833733634,0.29702844192702366,0.0,0.0,,46.91801359819065,,0.027892791407458664,724.1182223918964,0.0,0.00022360679774997898,,0.447213595499958,,,,,5
correlated_shadowing,shadowing_drift,Physical-Only+Sequential,2000.0,0.0,0.9728999999999999,,,,0.027100000000000003,,,,,,,,,,0.0,,0.030374999999999996,676.8,1.0,0.0001,,0.0,,,,,0.0,0.0,0.023540921817125183,,,,0.023540921817125172,,,,,,,,,,0.0,,0.027721409821652287,724.1182223918964,0.0,0.00022360679774997898,,0.0,,,,,5
correlated_shadowing,slow_near_pu_poisoning,Baseline-XGBoost,2000.0,217.0,0.9530999999999998,0.7827684782802494,0.7907521123953438,0.7850494253889545,0.02699931921604854,0.20924788760465624,0.9296119941160959,0.7907521123953438,,,,,,,0.0,132.0,,,,,,,0.2928261182619386,1.0,0.26399999999999985,,0.0,20.880613017821098,0.006308724118234987,0.0638852629306163,0.021125439736333875,0.026372881294699276,0.008816964049216476,0.021125439736333896,0.012147840098817734,0.021125439736333875,,,,,,,0.0,145.87151881021873,,,,,,,0.014990478363757982,0.0,0.021908902300206687,,5
correlated_shadowing,slow_near_pu_poisoning,Naive-Adaptive,2000.0,217.0,0.9744999999999999,0.988064674523008,0.7749665354675064,0.868462415289508,0.0011182963719019762,0.22503346453249368,0.969134355076201,0.7749665354675064,0.9444222601766972,0.9511779070252997,0.6740550356463263,0.08083852896807411,0.00127145285784776,0.22503346453249368,1830.0,225.2,,,,,,,0.23784640638273383,1.0,0.45600000000000024,0.040028216775994954,0.0,20.880613017821098,0.0033541019662497035,0.00876898986674843,0.01892256363369735,0.009423753364546183,0.0007834220609698858,0.018922563633697344,0.011612393089626156,0.01892256363369735,0.053923313637696486,0.17497939341802313,0.24979943390293582,0.0047908029945373755,0.00043110536872816,0.018922563633697344,14.0,241.59718541406892,,,,,,,0.0410593900153025,0.0,0.16211107303327577,0.011728668406675028,5
correlated_shadowing,slow_near_pu_poisoning,XGB+Physical,2000.0,217.0,0.9545,0.795503316199916,0.8086161277599271,0.7979000859527341,0.027763371662248338,0.191383872240073,0.9583642985461965,0.8086161277599271,0.9232937348854275,1.023224259403586,0.0,0.0,0.0,,0.0,118.0,,,,,,,0.35031951734720146,1.0,0.24800000000000005,0.0,0.0,20.880613017821098,0.014798648586948763,0.10585262640416107,0.030540449305234838,0.045387777476364674,0.018020445535401722,0.03054044930523485,0.010652569487108153,0.030540449305234838,0.1032988073554608,0.32134163191303927,0.0,0.0,0.0,,0.0,198.1426253989787,,,,,,,0.11011365493686977,0.0,0.10158740079360244,0.0,5
correlated_shadowing,slow_near_pu_poisoning,Physically-Anchored-Adaptive,2000.0,217.0,0.9563,0.8121946551167916,0.8060452539735191,0.8044669207532298,0.025410135286389475,0.19395474602648077,0.9601490019783727,0.8060452539735191,0.9430070527504941,0.952827218065682,0.6717364362718106,0.07343942473526542,0.0014372907606895,0.19395474602648077,1780.0,151.6,,,,,,,0.34186387660240414,1.0,0.25600000000000006,0.04098824033665062,0.0,20.880613017821098,0.015307677812130745,0.11249466624262602,0.03303258890478969,0.04737129192874469,0.018726487550851885,0.03303258890478971,0.014198913973252429,0.03303258890478969,0.04213130643726814,0.17298242664434707,0.24974781780579547,0.004735015551007748,0.00046837670847462055,0.03303258890478971,45.86937976471887,272.28165564356334,,,,,,,0.11599860909807738,0.0,0.1366747965061593,0.008470703893815587,5
correlated_shadowing,slow_near_pu_poisoning,XGB+StaticProfile,2000.0,217.0,0.9727,0.9600514383619316,0.7822430109566214,0.8617528660350311,0.004041161544161289,0.2177569890433785,0.9598037415407532,0.7822430109566214,0.9232937348854275,1.023224259403586,0.0,0.0,0.0,,0.0,191.6,,,,,,,0.2627124619134661,1.0,0.33600000000000013,0.0,0.0,20.880613017821098,0.0046717234507192215,0.03240547596497131,0.01722188996788475,0.015585926882373455,0.00321827557898362,0.017221889967884766,0.01097334076636677,0.01722188996788475,0.1032988073554608,0.32134163191303927,0.0,0.0,0.0,,0.0,172.26375126531988,,,,,,,0.025169047652063688,0.0,0.055497747702046754,0.0,5
correlated_shadowing,slow_near_pu_poisoning,Anchored-Update-Only,2000.0,217.0,0.9749000000000001,0.9860038301599137,0.7806243548549465,0.8711999119688469,0.0013450680254452833,0.21937564514505348,0.9676675132314196,0.7806243548549465,0.9416001047776497,0.9521316020784273,0.6709248144807904,0.05912580069828845,0.0007390205345678368,0.13460709176210184,1766.6,225.2,,,,,,,0.25800325436566873,1.0,0.3880000000000001,0.02139051507812538,0.0,20.880613017821098,0.0037815340802378017,0.009049744213390243,0.020135288672018217,0.010996027074178757,0.0008449521278935212,0.020135288672018248,0.011347880311075162,0.020135288672018217,0.041580867551907714,0.17301938192843977,0.2492289088234295,0.0183862389086764,0.00047408250142444344,0.05524327615734435,53.08766335034914,241.59718541406892,,,,,,,0.020174582666879996,0.0,0.09654014708917762,0.012647926716419573,5
correlated_shadowing,slow_near_pu_poisoning,Physical-Only,2000.0,217.0,0.9475999999999999,0.8098017038160634,0.7109384094142475,0.7439638841390134,0.024177553200201783,0.28906159058575254,0.953152216854923,0.7109384094142475,,,,,,,0.0,190.8,,,,,,,0.3098144438800913,0.8806992927397805,0.34400000000000014,,0.0,20.880613017821098,0.005867282164682382,0.10720902174907053,0.11649560093257298,0.025746807904079502,0.01875087459700669,0.11649560093257297,0.010131359911108502,0.11649560093257298,,,,,,,0.0,281.22535447573,,,,,,,0.15018909831062166,0.1235058213666685,0.2094755355644188,,5
correlated_shadowing,slow_near_pu_poisoning,Spatial-XGBoost,2000.0,217.0,0.9695,0.9962808641975307,0.7219016750965459,0.8356228539573118,0.00033545137961433753,0.27809832490345404,0.9742019550472811,0.7219016750965459,,,,,,,0.0,326.8,,,,,,,0.17441588349284762,0.9501416220205059,0.6720000000000004,,0.0,20.880613017821098,0.007483314773547869,0.0055298832422084965,0.06739140357960881,0.046519134109557415,0.0004991314237447104,0.06739140357960884,0.008568960093278054,0.06739140357960881,,,,,,,0.0,305.33047669697174,,,,,,,0.043200223297189,0.07326353276435754,0.09121403400793109,,5
correlated_shadowing,slow_near_pu_poisoning,Sequential-Anchored,2000.0,217.0,0.9564999999999999,0.8116235101180751,0.8098126425719758,0.8061771949948546,0.025635107164904657,0.19018735742802423,0.9599343508851763,0.8098126425719758,0.9301478138573398,0.9293098646536426,0.5758238487871752,0.0438617222764615,0.0162447060565446,0.09714324620109563,1430.0,148.4,,,,0.0,28.4,0.0,0.35531982733500866,1.0,0.24399999999999994,0.02400394438731554,0.0,20.880613017821098,0.015933455369128168,0.11422677336932731,0.0308576742517667,0.05039952853061615,0.019091353367912976,0.03085767425176672,0.013657531942113015,0.0308576742517667,0.06100221409549656,0.18375154420616846,0.19776845582604474,0.01403112799569879,0.011170716894730169,0.033123673204631485,62.0644825967316,265.1967194367231,,,,0.0,37.87215335837137,0.0,0.1026204500092121,0.0,0.11260550608207401,0.015291869258158806,5
correlated_shadowing,slow_near_pu_poisoning,Sequential-Anchored+Rollback,2000.0,217.0,0.9563,0.8114798319571556,0.8078708949991602,0.8049812732533281,0.025635107164904657,0.19212910500083974,0.9601069064766335,0.8078708949991602,0.9242604819554556,1.0250858518969705,0.5295948670190284,0.04298019326713392,0.024282052294244343,0.09423062484187232,1426.0,148.4,,,,0.0,28.4,55.4,0.34804710006228134,1.0,0.24400000000000005,0.02422839076347922,0.0,20.880613017821098,0.015662854146036086,0.11402913976266846,0.03184288281716579,0.04873151370761921,0.019091353367912976,0.03184288281716582,0.014160446401961195,0.03184288281716579,0.06654166443778163,0.24172276997824724,0.20291789447043307,0.018089641652538575,0.017939166409436973,0.03376390595150274,62.465990746965666,265.1967194367231,,,,0.0,37.87215335837137,13.371611720357423,0.11237295445727587,0.0,0.11260550608207417,0.018807788230936835,5
correlated_shadowing,slow_near_pu_poisoning,Sequential-Anchored-Full,2000.0,217.0,0.9545,0.7935516573004595,0.808841768785568,0.7975666498685295,0.02775888483650842,0.19115823121443198,0.9568008158076458,0.808841768785568,0.9324090643346,1.0235300176019007,0.6407432451316454,0.04362315527272722,0.0033503216771830603,0.09908499377391115,1645.0,148.4,,,,0.0,28.4,55.2,0.351683463698645,1.0,0.24399999999999994,0.024210204438764003,0.0,20.880613017821098,0.013887944412331155,0.09529879868635821,0.031278900933732964,0.04130218414556185,0.016959407069682363,0.03127890093373298,0.010007155914052752,0.031278900933732964,0.04254254661469712,0.19914954988003594,0.2222943414502324,0.017740307446795105,0.002794831376845847,0.0334029705715042,100.65535256507724,265.1967194367231,,,,0.0,37.87215335837137,13.479614237803693,0.10729959517302831,0.0,0.11260550608207401,0.018815148289019465,5
correlated_shadowing,slow_near_pu_poisoning,Physical-Only+Sequential,2000.0,217.0,0.9518000000000001,0.7978155695931338,0.7697653247537841,0.7776852999575835,0.02630133087180554,0.23023467524621583,0.9504100262266647,0.7697653247537841,,,,,,,0.0,190.8,,,,0.0,28.4,0.0,0.32435989842554575,0.9567091521051256,0.32400000000000007,,0.0,20.880613017821098,0.01001623681828663,0.09504351761278267,0.05747183799806829,0.019257441441795427,0.016708731811164827,0.05747183799806833,0.012151477447557806,0.05747183799806829,,,,,,,0.0,281.22535447573,,,,0.0,37.87215335837137,0.0,0.13280772911211244,0.04819433059914959,0.18187908071023465,,5
correlated_shadowing,stable,Baseline-XGBoost,2000.0,0.0,0.9722,,,,0.027800000000000002,,,,,,,,,,0.0,,,,,,,,,,,,0.0,0.0,0.018335757415498293,,,,0.018335757415498276,,,,,,,,,,0.0,,,,,,,,,,,,5
correlated_shadowing,stable,Naive-Adaptive,2000.0,0.0,0.9982000000000001,,,,0.0018,,,,0.912057432446327,0.9649374468015411,0.7376148323484905,0.0,0.0,,1996.4,,,,,,,,,,,,0.0,0.0,0.0016807736313971184,,,,0.0016807736313971609,,,,0.09451031254582139,0.1694642139925837,0.3011590367129371,0.0,0.0,,3.3615472627943452,,,,,,,,,,,,5
correlated_shadowing,stable,XGB+Physical,2000.0,0.0,0.974,,,,0.026000000000000002,,,,0.8602192142947482,0.7116283431232577,0.0,0.0,0.0,,0.0,,,,,,,,,,,,0.0,0.0,0.013341664064126325,,,,0.013341664064126334,,,,0.057828900106058026,0.28038744096775614,0.0,0.0,0.0,,0.0,,,,,,,,,,,,5
correlated_shadowing,stable,Physically-Anchored-Adaptive,2000.0,0.0,0.9772000000000001,,,,0.0228,,,,0.9128080298938052,0.9737539486498388,0.7422590059246144,0.0,0.0,,1954.4,,,,,,,,,,,,0.0,0.0,0.0138681289293113,,,,0.013868128929311264,,,,0.09738935681871703,0.1677071656600942,0.29763409256975265,0.0,0.0,,27.736257858622537,,,,,,,,,,,,5
correlated_shadowing,stable,XGB+StaticProfile,2000.0,0.0,0.9946999999999999,,,,0.0053,,,,0.8602192142947482,0.7116283431232577,0.0,0.0,0.0,,0.0,,,,,,,,,,,,0.0,0.0,0.0038013155617496555,,,,0.003801315561749642,,,,0.057828900106058026,0.28038744096775614,0.0,0.0,0.0,,0.0,,,,,,,,,,,,5
correlated_shadowing,stable,Anchored-Update-Only,2000.0,0.0,0.9981,,,,0.0019,,,,0.9128080298938052,0.9737539486498388,0.7422590059246144,0.0,0.0,,1954.4,,,,,,,,,,,,0.0,0.0,0.001673320053068133,,,,0.0016733200530681508,,,,0.09738935681871703,0.1677071656600942,0.29763409256975265,0.0,0.0,,27.736257858622537,,,,,,,,,,,,5
correlated_shadowing,stable,Physical-Only,2000.0,0.0,0.9789999999999999,,,,0.020999999999999998,,,,,,,,,,0.0,,,,,,,,,,,,0.0,0.0,0.014269723192830352,,,,0.014269723192830337,,,,,,,,,,0.0,,,,,,,,,,,,5
correlated_shadowing,stable,Spatial-XGBoost,2000.0,0.0,0.999,,,,0.001,,,,,,,,,,0.0,,,,,,,,,,,,0.0,0.0,0.001172603939955884,,,,0.0011726039399558574,,,,,,,,,,0.0,,,,,,,,,,,,5
correlated_shadowing,stable,Sequential-Anchored,2000.0,0.0,0.9772000000000001,,,,0.0228,,,,0.9128080298938052,0.9737539486498388,0.7422590059246144,0.0,0.0,,1954.4,,,,,0.0,,0.0,,,,,0.0,0.0,0.0138681289293113,,,,0.013868128929311264,,,,0.09738935681871703,0.1677071656600942,0.29763409256975265,0.0,0.0,,27.736257858622537,,,,,0.0,,0.0,,,,,5
correlated_shadowing,stable,Sequential-Anchored+Rollback,2000.0,0.0,0.9772000000000001,,,,0.0228,,,,0.9128080298938052,0.9737539486498388,0.7422590059246144,0.0,0.0,,1954.4,,,,,0.0,,0.0,,,,,0.0,0.0,0.0138681289293113,,,,0.013868128929311264,,,,0.09738935681871703,0.1677071656600942,0.29763409256975265,0.0,0.0,,27.736257858622537,,,,,0.0,,0.0,,,,,5
correlated_shadowing,stable,Sequential-Anchored-Full,2000.0,0.0,0.9772000000000001,,,,0.0228,,,,0.9128080298938052,0.9737539486498388,0.7422590059246144,0.0,0.0,,1954.4,,,,,0.0,,0.0,,,,,0.0,0.0,0.0138681289293113,,,,0.013868128929311264,,,,0.09738935681871703,0.1677071656600942,0.29763409256975265,0.0,0.0,,27.736257858622537,,,,,0.0,,0.0,,,,,5
correlated_shadowing,stable,Physical-Only+Sequential,2000.0,0.0,0.9789999999999999,,,,0.020999999999999998,,,,,,,,,,0.0,,,,,0.0,,0.0,,,,,0.0,0.0,0.014269723192830352,,,,0.014269723192830337,,,,,,,,,,0.0,,,,,0.0,,0.0,,,,,5
correlated_shadowing,stealthy_puea,Baseline-XGBoost,2000.0,229.0,0.4281,0.1594237899516044,0.9361851739883917,0.2723860379014707,0.6375380235615409,0.06381482601160823,0.7552620702764901,0.9361851739883917,,,,,,,0.0,20.0,0.8171480266988003,,0.0,,,,,,,,0.0,12.884098726725126,0.010597169433391172,0.006384226699569577,0.03967141325407334,0.00987479403472753,0.013439699909291418,0.03967141325407332,0.07877881438417857,0.03967141325407334,,,,,,,0.0,39.881073205218534,0.01590946077355274,,0.0,,,,,,,,5
correlated_shadowing,stealthy_puea,Naive-Adaptive,2000.0,229.0,0.8882,0.753974358974359,0.043703245172005946,0.08189739969492463,0.0026157411386985388,0.9562967548279941,0.794110600794426,0.043703245172005946,1.0513935794964762,1.1210671185761796,9.98786203675278,0.2096958647865494,0.15191983233549347,0.9562967548279941,1985.4,22.8,0.003385928668696367,0.0,1.0,,,,,,,,0.0,12.884098726725126,0.00905952537388135,0.21834635671895053,0.014922997364256679,0.027099623077416545,0.0032735250426709677,0.014922997364256715,0.07811988385356339,0.014922997364256679,0.07413910207356408,0.2496778517368363,0.7606933411852824,0.006783103582807721,0.007004533039589947,0.014922997364256715,7.536577472566716,43.57981183988751,0.004243805741683001,0.0,0.0,,,,,,,,5
correlated_shadowing,stealthy_puea,XGB+Physical,2000.0,229.0,0.4817,0.18115429855456217,1.0,0.3066083148026907,0.5853338380961708,0.0,0.8571681184225513,1.0,5.332992329282506,9.586401118818818,0.0,0.0,0.0,,0.0,0.0,0.7507591887458519,,0.0,,,,,,,,0.0,12.884098726725126,0.026468377358651984,0.011707558080972732,0.0,0.01674870848169106,0.029912590411583027,0.0,0.10346420886445606,0.0,0.36790708079918977,0.7160066599121742,0.0,0.0,0.0,,0.0,0.0,0.038019224607193036,,0.0,,,,,,,,5
correlated_shadowing,stealthy_puea,Physically-Anchored-Adaptive,2000.0,229.0,0.9789999999999999,0.8485116743534935,1.0,0.9167025616435736,0.02369111827702916,0.0,0.9999776,1.0,1.0354289285822036,1.0782706866991612,9.969651567292932,0.0,0.0,0.0,1729.0,0.0,0.025957153285553126,83.6,1.0,,,,,,,,0.0,12.884098726725126,0.010671222985206522,0.07343581254727964,0.0,0.04236923180927522,0.011957063483381008,0.0,5.008792269594608e-05,0.0,0.042102362143917806,0.396343662478901,0.7574497935979349,0.0,0.0,0.0,20.554804791094465,0.0,0.012240028076640824,134.18196600139677,0.0,,,,,,,,5
correlated_shadowing,stealthy_puea,XGB+StaticProfile,2000.0,229.0,0.4766,0.16361929406720682,0.8706325134941493,0.27534008291503864,0.574194820548912,0.1293674865058508,0.6885044888276187,0.8706325134941493,5.332992329282506,9.586401118818818,0.0,0.0,0.0,,0.0,22.6,0.7410229781901261,,0.0,,,,,,,,0.0,12.884098726725126,0.020851858430365373,0.0045799027074113026,0.06569562762488582,0.008634288776162008,0.027935386293536073,0.06569562762488587,0.046320798863569754,0.06569562762488582,0.36790708079918977,0.7160066599121742,0.0,0.0,0.0,,0.0,38.688499583209484,0.03648440586979171,,0.0,,,,,,,,5
correlated_shadowing,stealthy_puea,Anchored-Update-Only,2000.0,229.0,0.9188000000000001,0.8230275398360505,0.3292537893956013,0.43869621815106735,0.0037524160034929817,0.6707462106043988,0.8646139623632235,0.3292537893956013,1.0354289285822036,1.0782706866991612,9.969651567292932,0.0,0.0,0.0,1729.0,21.6,0.004857064122478839,0.0,1.0,,,,,,,,0.0,12.884098726725126,0.0379285512510035,0.22554106198211946,0.2750708728082624,0.3153953715074187,0.004637262692613367,0.2750708728082624,0.11107620029400349,0.2750708728082624,0.042102362143917806,0.396343662478901,0.7574497935979349,0.0,0.0,0.0,20.554804791094465,40.92432039753379,0.006012042662982799,0.0,0.0,,,,,,,,5
correlated_shadowing,stealthy_puea,Physical-Only,2000.0,229.0,0.9823000000000001,0.8697229738645534,1.0,0.9286931024553807,0.01993870227353618,0.0,1.0,1.0,,,,,,,0.0,0.0,0.021100089163074286,83.6,1.0,,,,,,,,0.0,12.884098726725126,0.011675829734969619,0.08141128266386631,0.0,0.046796523616919654,0.01306777340441205,0.0,0.0,0.0,,,,,,,0.0,0.0,0.012493599859875089,134.18196600139677,0.0,,,,,,,,5
correlated_shadowing,stealthy_puea,Spatial-XGBoost,2000.0,229.0,0.7902,0.37491667278411783,0.9975999999999999,0.539426878588201,0.23718521042056612,0.0024000000000000002,0.9819694127606281,0.9975999999999999,,,,,,,0.0,0.6,0.3066167499793934,,0.0,,,,,,,,0.0,12.884098726725126,0.0910676946013239,0.0981859926020715,0.005366563145999512,0.1008199735715753,0.10428784524468006,0.005366563145999496,0.032631135356251846,0.005366563145999512,,,,,,,0.0,1.3416407864998738,0.13551101381492017,,0.0,,,,,,,,5
correlated_shadowing,stealthy_puea,Sequential-Anchored,2000.0,229.0,0.8486,0.5823551848327341,1.0,0.6997901698005553,0.17082560692074703,0.0,0.9819579758635315,1.0,3.071301066724411,4.119039374162181,5.97481005205869,0.0,0.0,0.0,766.4,0.0,0.21597153810093578,740.0,0.8,0.0,0.0,0.0,,,,,0.0,12.884098726725126,0.19156800359141396,0.2838767628765988,0.0,0.25426066586050816,0.2161231945906611,0.0,0.04029465535423453,0.0,1.678628784318927,3.8977838405693577,4.150890335046959,0.0,0.0,0.0,288.4576225375228,0.0,0.2811148393999885,706.7847385637771,0.4472135954999579,0.0,0.0,0.0,,,,,5
correlated_shadowing,stealthy_puea,Sequential-Anchored+Rollback,2000.0,229.0,0.7868,0.5202145048205418,1.0,0.6380278087221377,0.24062661968087654,0.0,0.9813176670164614,1.0,3.6293494376202196,5.189318460028822,4.83607893721099,0.0,0.0,0.0,760.2,0.0,0.3061414361729465,683.0,0.6,0.0,0.0,46.4,,,,,0.0,12.884098726725126,0.23466481414988485,0.3067481479297135,0.0,0.28825980458147055,0.2649770420335916,0.0,0.041689583755082506,0.0,1.6834859569918927,4.269240575162743,4.021605525527444,0.0,0.0,0.0,293.5075808220292,0.0,0.3449577672247745,599.9724993697628,0.5477225575051661,0.0,0.0,51.843996759509196,,,,,5
correlated_shadowing,stealthy_puea,Sequential-Anchored-Full,2000.0,229.0,0.9692000000000001,0.798529626263932,1.0,0.8842058526649683,0.03471023757330143,0.0,0.9986223564866478,1.0,1.6967587433921925,1.4904279713355766,9.180103984206355,0.0,0.0,0.0,1259.0,0.0,0.04017322555170169,522.8,1.0,0.0,0.0,46.4,,,,,0.0,12.884098726725126,0.019879637823662727,0.11742147403589229,0.0,0.0723330670451025,0.022258781041623044,0.0,0.003047391616139639,0.0,0.5198543679683438,0.9613861957164948,1.7255795722656053,0.0,0.0,0.0,348.8366379840283,0.0,0.024528507978309137,524.1289917568002,0.0,0.0,0.0,51.843996759509196,,,,,5
correlated_shadowing,stealthy_puea,Physical-Only+Sequential,2000.0,229.0,0.9814,0.86366978068737,1.0,0.9252664753299881,0.020955460234284504,0.0,0.9986342422009334,1.0,,,,,,,0.0,0.0,0.022413638798642416,83.6,1.0,0.0,0.0,0.0,,,,,0.0,12.884098726725126,0.0114749727668522,0.08012558839162041,0.0,0.046006382443421694,0.012844860526835618,0.0,0.003053927279513329,0.0,,,,,,,0.0,0.0,0.01260266490935211,134.18196600139677,0.0,0.0,0.0,0.0,,,,,5
default,basic_puea,Baseline-XGBoost,2000.0,465.8,0.9801,0.9217935273728328,1.0,0.9591700394400201,0.025942847324673855,0.0,1.0,1.0,,,,,,,0.0,0.0,,,,,,,,,,,0.0,8.228000972289687,0.006850182479321248,0.024417136776204162,0.0,0.013325094325135659,0.008952706717798124,0.0,0.0,0.0,,,,,,,0.0,0.0,,,,,,,,,,,5
default,basic_puea,Naive-Adaptive,2000.0,465.8,0.998,0.9914742868320643,1.0,0.9957110539430337,0.0026034529411989127,0.0,1.0,1.0,0.3071602552109689,0.305196779883238,0.2090944984361879,0.0,0.0,0.0,1530.2,0.0,,,,,,,,,,,0.0,8.228000972289687,0.0014577379737113834,0.006217210696998984,0.0,0.003138998321307508,0.0018932653392635293,0.0,0.0,0.0,0.020149527226273594,0.0922015812378304,0.1012974452242541,0.0,0.0,0.0,7.328028384224513,0.0,,,,,,,,,,,5
default,basic_puea,XGB+Physical,2000.0,465.8,0.9894999999999999,0.9569128723207474,1.0,0.9779371368695324,0.013676746652778519,0.0,1.0,1.0,0.2811695438730089,0.28041764971724953,0.0,0.0,0.0,,0.0,0.0,,,,,,,,,,,0.0,8.228000972289687,0.003588175023601877,0.014527963210602768,0.0,0.007569392590769969,0.004643938575513769,0.0,0.0,0.0,0.030223358952026682,0.0946179754226543,0.0,0.0,0.0,,0.0,0.0,,,,,,,,,,,5
default,basic_puea,Physically-Anchored-Adaptive,2000.0,465.8,0.9899000000000001,0.9585093975054712,1.0,0.9787732986221995,0.01315862123111369,0.0,1.0,1.0,0.3064726830867933,0.30553641037300866,0.20938468243250194,0.0,0.0,0.0,1514.0,0.0,,,,,,,,,,,0.0,8.228000972289687,0.0034892692644735305,0.014045408484027938,0.0,0.007306065751128858,0.004528935400412791,0.0,0.0,0.0,0.020036141376339682,0.09654601304329072,0.10161107273532485,0.0,0.0,0.0,8.276472678623424,0.0,,,,,,,,,,,5
default,basic_puea,XGB+StaticProfile,2000.0,465.8,0.9976,0.9897675334681342,1.0,0.994845723887266,0.0031214943047392285,0.0,1.0,1.0,0.2811695438730089,0.28041764971724953,0.0,0.0,0.0,,0.0,0.0,,,,,,,,,,,0.0,8.228000972289687,0.001781852968120534,0.007606540893439107,0.0,0.0038362978902078525,0.00231516070626046,0.0,0.0,0.0,0.030223358952026682,0.0946179754226543,0.0,0.0,0.0,,0.0,0.0,,,,,,,,,,,5
default,basic_puea,Anchored-Update-Only,2000.0,465.8,0.9978999999999999,0.9910432767405807,1.0,0.9954939017725811,0.0027330705691963205,0.0,1.0,1.0,0.3064726830867933,0.30553641037300866,0.20938468243250194,0.0,0.0,0.0,1514.0,0.0,,,,,,,,,,,0.0,8.228000972289687,0.0014317821063276612,0.006117452473260189,0.0,0.0030881636392003633,0.0018587229919974932,0.0,0.0,0.0,0.020036141376339682,0.09654601304329072,0.10161107273532485,0.0,0.0,0.0,8.276472678623424,0.0,,,,,,,,,,,5
default,basic_puea,Physical-Only,2000.0,465.8,0.9918000000000001,0.9661623756685789,1.0,0.982731190645298,0.010684954034161209,0.0,1.0,1.0,,,,,,,0.0,0.0,,,,,,,,,,,0.0,8.228000972289687,0.004147288270665528,0.016742761080312883,0.0,0.008635301266330393,0.0054057337686250284,0.0,0.0,0.0,,,,,,,0.0,0.0,,,,,,,,,,,5
default,basic_puea,Spatial-XGBoost,2000.0,465.8,0.9995,0.9978710969403449,1.0,0.9989330731135849,0.0006525781723373237,0.0,1.0,1.0,,,,,,,0.0,0.0,,,,,,,,,,,0.0,8.228000972289687,0.0006123724356957781,0.002584026125565675,0.0,0.0012961026481708526,0.0008010139519185964,0.0,0.0,0.0,,,,,,,0.0,0.0,,,,,,,,,,,5
default,basic_puea,Sequential-Anchored,2000.0,465.8,0.99,0.9589312327420245,1.0,0.97898194259508,0.01302662996440868,0.0,1.0,1.0,0.3269147440484379,0.2974091047152939,0.2125235887964715,0.0,0.0,0.0,496.0,0.0,,,,0.0007889546351084813,0.0,0.0,,,,,0.0,8.228000972289687,0.0039210967853395215,0.015839420386891675,0.0,0.008220331087131947,0.005090878604468137,0.0,0.0,0.0,0.034852943545254235,0.050851382522573534,0.03933759323750804,0.0,0.0,0.0,4.690415759823428,0.0,,,,0.0017641561952661062,0.0,0.0,,,,,5
default,basic_puea,Sequential-Anchored+Rollback,2000.0,465.8,0.9899000000000001,0.9585215250175987,1.0,0.9787734086419004,0.01315743441175989,0.0,1.0,1.0,0.3220201640227539,0.2923853739956238,0.2031924154732808,0.0,0.0,0.0,496.0,0.0,,,,0.0007889546351084813,0.0,1.6,,,,,0.0,8.228000972289687,0.00373162163140907,0.015058813256151098,0.0,0.007824577766320524,0.004842904241670828,0.0,0.0,0.0,0.04340701640822769,0.06755971732880048,0.04635788098214405,0.0,0.0,0.0,4.690415759823428,0.0,,,,0.0017641561952661062,0.0,0.8944271909999159,,,,,5
default,basic_puea,Sequential-Anchored-Full,2000.0,465.8,0.9826,0.9312340736253943,1.0,0.9641295935685683,0.02265514470832886,0.0,0.9999930700260975,1.0,0.3077688580364712,0.2985920521434884,0.20754661531292423,0.0,0.0,0.0,1486.4,0.0,,,,0.0007889546351084813,0.0,1.6,,,,,0.0,8.228000972289687,0.009188307787617978,0.03418895790384806,0.0,0.018582802453933164,0.011875587142296886,0.0,1.1938489942683905e-05,0.0,0.01961998999114401,0.08979527656502401,0.09060251263296708,0.0,0.0,0.0,15.852444606432146,0.0,,,,0.0017641561952661062,0.0,0.8944271909999159,,,,,5
default,basic_puea,Physical-Only+Sequential,2000.0,465.8,0.9845,0.9384836134691694,1.0,0.9679761410630381,0.020181477511376375,0.0,0.9999922388923685,1.0,,,,,,,0.0,0.0,,,,0.0007889546351084813,0.0,0.0,,,,,0.0,8.228000972289687,0.009552486587271454,0.036116307003308576,0.0,0.019429962581428338,0.012366577075640083,0.0,1.2193059156302832e-05,0.0,,,,,,,0.0,0.0,,,,0.0017641561952661062,0.0,0.0,,,,,5
default,combined_drift,Baseline-XGBoost,2000.0,0.0,0.4323,,,,0.5677,,,,,,,,,,0.0,,0.702375,,0.0,,,,,,,,0.0,0.0,0.02083746625672134,,,,0.020837466256721362,,,,,,,,,,0.0,,0.02569882657827007,,0.0,,,,,,,,5
default,combined_drift,Naive-Adaptive,2000.0,0.0,0.9939,,,,0.0060999999999999995,,,,1.7724769238356988,0.43112723155009086,64.5676740635835,0.0,0.0,,1987.8,,0.006875000000000001,0.0,1.0,,,,,,,,0.0,0.0,0.004233792626003303,,,,0.004233792626003309,,,,0.05779010286291734,0.08510379687053506,3.5274771525496162,0.0,0.0,,8.467585252006643,,0.0057452425971407,0.0,0.0,,,,,,,,5
default,combined_drift,XGB+Physical,2000.0,0.0,0.4324,,,,0.5676,,,,34.023833414672275,64.705688840705,0.0,0.0,0.0,,0.0,,0.7056250000000001,,0.0,,,,,,,,0.0,0.0,0.018043004184447792,,,,0.01804300418444775,,,,1.838038595685605,3.4766082968768006,0.0,0.0,0.0,,0.0,,0.02338953425145533,,0.0,,,,,,,,5
default,combined_drift,Physically-Anchored-Adaptive,2000.0,0.0,0.982,,,,0.018,,,,1.8127055249743123,0.4337669294441633,64.56432432516718,0.0,0.0,,1964.0,,0.018875,0.0,1.0,,,,,,,,0.0,0.0,0.006717514421272198,,,,0.006717514421272203,,,,0.0628060617081614,0.0870440893238919,3.5280681408183607,0.0,0.0,,13.435028842544419,,0.007685213074469698,0.0,0.0,,,,,,,,5
default,combined_drift,XGB+StaticProfile,2000.0,0.0,0.43789999999999996,,,,0.5621,,,,34.023833414672275,64.705688840705,0.0,0.0,0.0,,0.0,,0.7016249999999999,,0.0,,,,,,,,0.0,0.0,0.020932630030648342,,,,0.02093263003064831,,,,1.838038595685605,3.4766082968768006,0.0,0.0,0.0,,0.0,,0.026028079788950997,,0.0,,,,,,,,5
default,combined_drift,Anchored-Update-Only,2000.0,0.0,0.9937000000000001,,,,0.0063,,,,1.8127055249743123,0.4337669294441633,64.56432432516718,0.0,0.0,,1964.0,,0.007124999999999999,0.0,1.0,,,,,,,,0.0,0.0,0.004162331077653496,,,,0.004162331077653483,,,,0.0628060617081614,0.0870440893238919,3.5280681408183607,0.0,0.0,,13.435028842544419,,0.005635407039424925,0.0,0.0,,,,,,,,5
default,combined_drift,Physical-Only,2000.0,0.0,0.9883,,,,0.011699999999999999,,,,,,,,,,0.0,,0.01175,0.0,1.0,,,,,,,,0.0,0.0,0.007102816342831925,,,,0.007102816342831905,,,,,,,,,,0.0,,0.007544140938503204,0.0,0.0,,,,,,,,5
default,combined_drift,Spatial-XGBoost,2000.0,0.0,0.9570000000000001,,,,0.043,,,,,,,,,,0.0,,0.053625,859.3333333333334,0.6,,,,,,,,0.0,0.0,0.030989917715282807,,,,0.03098991771528282,,,,,,,,,,0.0,,0.038500710220721907,782.5626705467961,0.5477225575051662,,,,,,,,5
default,combined_drift,Sequential-Anchored,2000.0,0.0,0.982,,,,0.018,,,,1.8127055249743123,0.4337669294441633,64.56432432516718,0.0,0.0,,1964.0,,0.018875,0.0,1.0,0.0,,0.0,,,,,0.0,0.0,0.006717514421272198,,,,0.006717514421272203,,,,0.0628060617081614,0.0870440893238919,3.5280681408183607,0.0,0.0,,13.435028842544419,,0.007685213074469698,0.0,0.0,0.0,,0.0,,,,,5
default,combined_drift,Sequential-Anchored+Rollback,2000.0,0.0,0.982,,,,0.018,,,,1.8127055249743123,0.4337669294441633,64.56432432516718,0.0,0.0,,1964.0,,0.018875,0.0,1.0,0.0,,0.0,,,,,0.0,0.0,0.006717514421272198,,,,0.006717514421272203,,,,0.0628060617081614,0.0870440893238919,3.5280681408183607,0.0,0.0,,13.435028842544419,,0.007685213074469698,0.0,0.0,0.0,,0.0,,,,,5
default,combined_drift,Sequential-Anchored-Full,2000.0,0.0,0.982,,,,0.018,,,,1.8127055249743123,0.4337669294441633,64.56432432516718,0.0,0.0,,1964.0,,0.018875,0.0,1.0,0.0,,0.0,,,,,0.0,0.0,0.006717514421272198,,,,0.006717514421272203,,,,0.0628060617081614,0.0870440893238919,3.5280681408183607,0.0,0.0,,13.435028842544419,,0.007685213074469698,0.0,0.0,0.0,,0.0,,,,,5
default,combined_drift,Physical-Only+Sequential,2000.0,0.0,0.9883,,,,0.011699999999999999,,,,,,,,,,0.0,,0.01175,0.0,1.0,0.0,,0.0,,,,,0.0,0.0,0.007102816342831925,,,,0.007102816342831905,,,,,,,,,,0.0,,0.007544140938503204,0.0,0.0,0.0,,0.0,,,,,5
default,gradual_puea,Baseline-XGBoost,2000.0,456.0,0.9292,0.9021375439117019,0.7741477726533805,0.831652865990742,0.024879093081793695,0.22585222734661947,0.9298275770276693,0.7741477726533805,,,,,,,0.0,0.0,,,,,,,,,,,0.0,9.539392014169456,0.02026573462769117,0.034682022293317044,0.07971240720328084,0.05261456543955113,0.009122421157735764,0.07971240720328085,0.033029400814422065,0.07971240720328084,,,,,,,0.0,0.0,,,,,,,,,,,5
default,gradual_puea,Naive-Adaptive,2000.0,456.0,0.8572,0.9793499279338136,0.37896848440872316,0.5280326099489006,0.0016839121334869436,0.6210315155912769,0.9112318270533327,0.37896848440872316,0.6446821604110811,0.9107801384507986,0.8983133449250313,0.36423453215223345,0.32950262630708493,0.6210315155912769,1824.4,0.0,,,,,,,,,,,0.0,9.539392014169456,0.04030136474115984,0.020086729636418336,0.17549603702437544,0.19284835892491115,0.0007383530544960917,0.1754960370243754,0.039303055739160576,0.17549603702437544,0.15417774057197337,0.39512627957523977,0.38135263560799315,0.026250990375056977,0.024860205755040547,0.1754960370243754,81.07280678501269,0.0,,,,,,,,,,,5
default,gradual_puea,XGB+Physical,2000.0,456.0,0.9906,0.9607535259819077,1.0,0.9799020199298442,0.012181042699555222,0.0,0.9999943610517196,1.0,0.29057107805264276,0.3036315308593395,0.0,0.0,0.0,,0.0,0.0,,,,,,,,,,,0.0,9.539392014169456,0.004916807907575868,0.019647615754064807,0.0,0.010224865324311903,0.006397304693296245,0.0,7.449279461068074e-06,0.0,0.0256166642355983,0.03442225954504781,0.0,0.0,0.0,,0.0,0.0,,,,,,,,,,,5
default,gradual_puea,Physically-Anchored-Adaptive,2000.0,456.0,0.991,0.9624144646585204,1.0,0.9807534857090582,0.011662234973629853,0.0,0.9999946489417745,1.0,0.31729622818250725,0.2948225297345592,0.15424715167387015,0.0,0.0,0.0,1526.0,0.0,,,,,,,,,,,0.0,9.539392014169456,0.00524404424085077,0.021041995862890434,0.0,0.010936896306069276,0.006819324609658813,0.0,8.159860619508022e-06,0.0,0.010959876374777551,0.05949081638225833,0.05366753879562748,0.0,0.0,0.0,14.93318452306807,0.0,,,,,,,,,,,5
default,gradual_puea,XGB+StaticProfile,2000.0,456.0,0.9228999999999999,0.9879842679683447,0.6696233187677548,0.7962117177642698,0.0023323374874097214,0.3303766812322452,0.9303685965359113,0.6696233187677548,0.29057107805264276,0.3036315308593395,0.0,0.0,0.0,,0.0,0.0,,,,,,,,,,,0.0,9.539392014169456,0.018521609001379995,0.0063052499509669785,0.07927801686933048,0.058071365347956004,0.0009844421011502283,0.07927801686933048,0.033017984569712874,0.07927801686933048,0.0256166642355983,0.03442225954504781,0.0,0.0,0.0,,0.0,0.0,,,,,,,,,,,5
default,gradual_puea,Anchored-Update-Only,2000.0,456.0,0.9153,0.9896874713932394,0.6343222656086169,0.7689549140439829,0.0018135297614843514,0.3656777343913831,0.9300056300403978,0.6343222656086169,0.31729622818250725,0.2948225297345592,0.15424715167387015,0.0,0.0,0.0,1526.0,0.0,,,,,,,,,,,0.0,9.539392014169456,0.024856085773910564,0.007514447542401768,0.10757448786881278,0.08538768201235662,0.0009610117656195573,0.10757448786881277,0.033093963972974254,0.10757448786881278,0.010959876374777551,0.05949081638225833,0.05366753879562748,0.0,0.0,0.0,14.93318452306807,0.0,,,,,,,,,,,5
default,gradual_puea,Physical-Only,2000.0,456.0,0.9922000000000001,0.9672656971083147,1.0,0.9832756226024418,0.010106610203837584,0.0,0.999994928306109,1.0,,,,,,,0.0,0.0,,,,,,,,,,,0.0,9.539392014169456,0.0049573178231781985,0.02007773391632312,0.0,0.010396727763138706,0.006443239456362687,0.0,7.553344229658145e-06,0.0,,,,,,,0.0,0.0,,,,,,,,,,,5
default,gradual_puea,Spatial-XGBoost,2000.0,456.0,0.9955999999999999,0.9990931498408134,0.9816826279220816,0.9901333489516745,0.00025948775786753753,0.01831737207791847,0.999807963050079,0.9816826279220816,,,,,,,0.0,0.0,,,,,,,,,,,0.0,9.539392014169456,0.007065762520775825,0.0012427228669627034,0.02992245835646052,0.015936901200608023,0.0003553185263212291,0.029922458356460523,0.0004087789710723536,0.02992245835646052,,,,,,,0.0,0.0,,,,,,,,,,,5
default,gradual_puea,Sequential-Anchored,2000.0,456.0,0.991,0.9624264694800392,1.0,0.9807586386698658,0.011662912699984516,0.0,0.9999946489417745,1.0,0.3147860382043468,0.31614575183852245,0.21462621879045668,0.0,0.0,0.0,497.0,0.0,,,,0.0,0.0,0.0,,,,,0.0,9.539392014169456,0.005303300858899117,0.021139679570072595,0.0,0.011011910009018988,0.00690067222693152,0.0,8.159860619508022e-06,0.0,0.018680223787100974,0.05977181265772713,0.05917487858266703,0.0,0.0,0.0,4.743416490252566,0.0,,,,0.0,0.0,0.0,,,,,5
default,gradual_puea,Sequential-Anchored+Rollback,2000.0,456.0,0.9911,0.9628358649722097,1.0,0.9809702200905172,0.011533295071987106,0.0,0.9999946489417745,1.0,0.3136794065558872,0.30244392645846246,0.20832283569537197,0.0,0.0,0.0,497.0,0.0,,,,0.0,0.0,1.8,,,,,0.0,9.539392014169456,0.005331510105026505,0.02124991711630112,0.0,0.011070840338079481,0.006937033417299472,0.0,8.159860619508022e-06,0.0,0.008761360750847004,0.04742121786108426,0.06784660391120186,0.0,0.0,0.0,4.743416490252566,0.0,,,,0.0,0.0,1.3038404810405297,,,,,5
default,gradual_puea,Sequential-Anchored-Full,2000.0,456.0,0.9776,0.9148354233856738,1.0,0.9544806049113668,0.029029535862898977,0.0,0.9999956625686586,1.0,0.319246986394614,0.29687472614231386,0.15198896814789511,0.0,0.0,0.0,1487.4,0.0,,,,0.0,0.0,1.8,,,,,0.0,9.539392014169456,0.019844394674567476,0.0663073607675931,0.0,0.03766521656732546,0.025730942993574122,0.0,7.425855412078055e-06,0.0,0.011146276194416608,0.057896274453494025,0.05143297658390286,0.0,0.0,0.0,43.4833301392614,0.0,,,,0.0,0.0,1.3038404810405297,,,,,5
default,gradual_puea,Physical-Only+Sequential,2000.0,456.0,0.9785999999999999,0.9184919271212234,1.0,0.9564709634548727,0.027733146349101522,0.0,0.9999956625686586,1.0,,,,,,,0.0,0.0,,,,0.0,0.0,0.0,,,,,0.0,9.539392014169456,0.019771823385818548,0.06647095254358706,0.0,0.037655450069895166,0.025635442253340978,0.0,7.425855412105304e-06,0.0,,,,,,,0.0,0.0,,,,0.0,0.0,0.0,,,,,5
default,near_pu_poisoning,Baseline-XGBoost,2000.0,515.0,0.8609,0.8994427392764788,0.5179910000332613,0.6572594885495169,0.020199692163550095,0.48200899996673874,0.8390918461744217,0.5179910000332613,,,,,,,0.0,23.8,,,,,,,0.326260132612439,1.0,0.2919999999999992,,0.0,9.055385138137417,0.0033429029300893532,0.02427069695750692,0.006378541939797106,0.007032924522974532,0.005362223043846326,0.006378541939797067,0.015398850459868885,0.006378541939797106,,,,,,,0.0,13.700364958642526,,,,,,,0.0014441792838521422,0.0,0.030331501776206013,,5
default,near_pu_poisoning,Naive-Adaptive,2000.0,515.0,0.7499,0.9140697031163562,0.03207727514125847,0.06174120448280335,0.0012155133745245946,0.9679227248587414,0.9597084804180611,0.03207727514125847,2.963347831187371,3.970170415866389,3.8850624025515508,0.3737825585538409,0.29102649944970127,0.9679227248587414,1981.6,49.6,,,,,,,0.04058376544676677,0.010908448276791183,1.0,0.3205946225085458,0.0,9.055385138137417,0.002382225849914249,0.09670735594501624,0.011427116477937371,0.021135049250084054,0.0012060966802732434,0.01142711647793735,0.007425056554989687,0.011427116477937371,0.10460637110920332,0.26490046005420587,0.3996475456625244,0.013175034400071242,0.025337915088582196,0.01142711647793735,7.23187389270583,21.593980642762464,,,,,,,0.016256843379555238,0.005984517549946129,0.0,0.03804421361233364,5
default,near_pu_poisoning,XGB+Physical,2000.0,515.0,0.8649000000000001,0.9246159023056952,0.518000304166446,0.663835408950703,0.014821080424101263,0.48199969583355395,0.916386827325286,0.518000304166446,0.28046717578522457,0.24052851099462558,0.0,0.0,0.0,,0.0,17.2,,,,,,,0.3262640086672244,1.0,0.3199999999999995,0.0,0.0,9.055385138137417,0.003943348830626087,0.025480739909283498,0.006794804137194584,0.005648225979509722,0.005700858200389929,0.00679480413719459,0.01701238351934423,0.006794804137194584,0.020439127605677797,0.04170922073337784,0.0,0.0,0.0,,0.0,5.019960159204453,,,,,,,0.005276358805127523,0.0,0.0316227766016839,0.0,5
default,near_pu_poisoning,Physically-Anchored-Adaptive,2000.0,515.0,0.8642,0.9307169990991359,0.5113688946312618,0.659773981825823,0.01347512886514129,0.48863110536873827,0.9323536669348286,0.5113688946312618,0.7059780867874972,0.254936709038286,0.23842097358453856,0.2873958808580691,0.0075285024602323005,0.48863110536873827,1716.6,17.2,,,,,,,0.3186422625925938,0.9958911393628849,0.5120000000000017,0.23965108549291259,0.0,9.055385138137417,0.004009364039345892,0.03150426072453845,0.00980338702830477,0.006361934478704326,0.006873325489757479,0.00980338702830474,0.020135976187867523,0.00980338702830477,0.2415487364307557,0.06906171884047807,0.033488573766286917,0.00543442881648242,0.0009453768127252427,0.00980338702830474,16.50151508195537,5.019960159204453,,,,,,,0.009338297488385777,0.006006175302880615,0.13386560424545318,0.0257390851746231,5
default,near_pu_poisoning,XGB+StaticProfile,2000.0,515.0,0.8728,0.9837799126929717,0.5145144272982163,0.6756236686411798,0.0029650564444586303,0.4854855727017838,0.929352726091731,0.5145144272982163,0.28046717578522457,0.24052851099462558,0.0,0.0,0.0,,0.0,33.2,,,,,,,0.3213946001282506,1.0,0.3680000000000005,0.0,0.0,9.055385138137417,0.00189076704011889,0.007353621326303329,0.0059684689910446675,0.004271514838352292,0.0014014680441189814,0.005968468991044631,0.020785220916903723,0.0059684689910446675,0.020439127605677797,0.04170922073337784,0.0,0.0,0.0,,0.0,18.82020191177555,,,,,,,0.001270074003471657,0.0,0.022803508501983656,0.0,5
default,near_pu_poisoning,Anchored-Update-Only,2000.0,515.0,0.8436,0.9888930887181958,0.39551206683168316,0.5522832457073222,0.001484876697579193,0.6044879331683168,0.9845180929545363,0.39551206683168316,0.7217823377465112,0.5495645464010156,0.4147734374612303,0.17617508061092108,0.021745803560996778,0.23176839919568878,1584.4,49.6,,,,,,,0.2778764011271298,0.6907119529141317,0.8960000000000011,0.08932681144009877,0.0,9.055385138137417,0.03492384572179873,0.01112389103210507,0.14399246378389732,0.15524168336798327,0.0011084747230022222,0.14399246378389735,0.002820848388183434,0.14399246378389732,0.25341971033617117,0.4678464042738209,0.27020095437019503,0.032581255214284274,0.026185669228729714,0.05556397823905375,39.70264474817766,21.593980642762464,,,,,,,0.04233760359377893,0.42073062814778533,0.18187908071023298,0.017323387176092945,5
default,near_pu_poisoning,Physical-Only,2000.0,515.0,0.8535999999999999,0.933867083880034,0.4653507547799463,0.6197278395586527,0.011856023979642635,0.5346492452200537,0.9152009158488443,0.4653507547799463,,,,,,,0.0,17.4,,,,,,,0.3180987843317242,0.8356395634675046,0.5400000000000009,,0.0,9.055385138137417,0.00700357051795725,0.030665029887421317,0.04205346151104579,0.033964004790292275,0.0066944226522432995,0.0420534615110458,0.011984219825915462,0.04205346151104579,,,,,,,0.0,5.128352561983234,,,,,,,0.008436904308307685,0.12798650696649824,0.14282856857085763,,5
default,near_pu_poisoning,Spatial-XGBoost,2000.0,515.0,0.8699,0.996156559378214,0.49662775313164803,0.6627461608409957,0.0006733235595884673,0.5033722468683519,0.9859613414208601,0.49662775313164803,,,,,,,0.0,83.0,,,,,,,0.3050848347444156,0.9779163772290727,0.7760000000000005,,0.0,9.055385138137417,0.0023291629397704347,0.004658537282531053,0.010662119641801027,0.009112460291018849,0.0008230882128973265,0.010662119641801063,0.003944913191576575,0.010662119641801027,,,,,,,0.0,31.992186546092782,,,,,,,0.0020594881168247646,0.025069368950902796,0.040987803063838375,,5
default,near_pu_poisoning,Sequential-Anchored,2000.0,515.0,0.8654,0.9303587820469035,0.5164383991778703,0.6639946751796486,0.013609193635732177,0.48356160082212973,0.9258768591359493,0.5164383991778703,0.346567534730919,0.35788660390707194,0.28110320821263607,0.10982249073330999,0.10816124445900306,0.02794835288110259,351.2,17.2,,,,0.0,40.0,0.0,0.324071956624817,1.0,0.3640000000000002,0.10816124445900306,0.0,9.055385138137417,0.004129164564412525,0.028036544167805693,0.006801778236363111,0.005898553664708677,0.006148216657774269,0.0068017782363631015,0.020743187182730154,0.006801778236363111,0.037899590211067306,0.10673020758064862,0.06638834520678535,0.040749724982728705,0.03990647162896273,0.012180290060628063,28.76108481959608,5.019960159204453,,,,0.0,24.76893215300167,0.0,0.006514962264114501,0.0,0.06542170893518555,0.03990647162896273,5
default,near_pu_poisoning,Sequential-Anchored+Rollback,2000.0,515.0,0.8655000000000002,0.9291998484976212,0.5176096791664461,0.6646736471097116,0.013880932766166958,0.48239032083355393,0.9197702659617066,0.5176096791664461,0.3128832008534647,0.2680860959295693,0.20441743697450945,0.09535897200909466,0.03895382158338998,0.02794835288110259,351.2,17.2,,,,0.0,40.0,1.8,0.32570999204672574,1.0,0.3399999999999999,0.03895382158338998,0.0,9.055385138137417,0.004198213905936678,0.027081096287110123,0.0065977185293530985,0.005339028662764868,0.005987245173440392,0.006597718529353106,0.017403908777611887,0.0065977185293530985,0.027128402814954402,0.07922126511566366,0.10288848496765413,0.03486656299256325,0.027070443675440575,0.012180290060628063,28.76108481959608,5.019960159204453,,,,0.0,24.76893215300167,0.8366600265340756,0.006017386484690185,0.0,0.04000000000000093,0.027070443675440575,5
default,near_pu_poisoning,Sequential-Anchored-Full,2000.0,515.0,0.8679,0.9021464659129377,0.5467704423864332,0.6802215971522986,0.02074988907288977,0.45322955761356676,0.9163570894267515,0.5467704423864332,0.3243037273370489,0.24131175986724082,0.23747388772734537,0.1873449768252291,0.00537101608320242,0.4504689286094899,1684.8,17.2,,,,0.0,40.0,1.8,0.36636029276295445,1.0,0.25999999999999995,0.15013450558535313,0.0,9.055385138137417,0.00955510334847298,0.025166868058200596,0.035378288747436266,0.02771944489143471,0.006444451455846811,0.03537828874743629,0.004296181159605444,0.035378288747436266,0.022504375126620697,0.05578282880033122,0.032837016624995816,0.010592827987930315,0.0010644327416862625,0.03595034532573768,22.208106627986105,5.019960159204453,,,,0.0,24.76893215300167,0.8366600265340756,0.05039580965271573,0.0,0.09695359714832669,0.01787595187503163,5
default,near_pu_poisoning,Physical-Only+Sequential,2000.0,515.0,0.8678000000000001,0.9110917146276286,0.539738921608507,0.677106732856919,0.018455616963310845,0.460261078391493,0.9119801173006538,0.539738921608507,,,,,,,0.0,17.4,,,,0.0,39.8,0.0,0.36527333624121533,0.9781220172057157,0.2759999999999999,,0.0,9.055385138137417,0.009833615815151603,0.02713790443876216,0.038265425304669004,0.03024631719363063,0.006678339676835233,0.038265425304669004,0.010756085836255636,0.038265425304669004,,,,,,,0.0,5.128352561983234,,,,0.0,24.71234509309062,0.0,0.048118702222825854,0.019560803268948095,0.12033287165193073,,5
default,noise_drift,Baseline-XGBoost,2000.0,0.0,0.6407,,,,0.3593,,,,,,,,,,0.0,,0.44399999999999995,1572.0,0.2,,,,,,,,0.0,0.0,0.2029632355871378,,,,0.2029632355871378,,,,,,,,,,0.0,,0.25292299037948285,,0.447213595499958,,,,,,,,5
default,noise_drift,Naive-Adaptive,2000.0,0.0,0.9972,,,,0.0028,,,,2.2627090528043556,0.31259867763889876,85.99010035981564,0.0,0.0,,1994.4,,0.003125,0.0,1.0,,,,,,,,0.0,0.0,0.001524795068197668,,,,0.0015247950681976903,,,,0.11840383845848218,0.06791855377887944,4.556818185745176,0.0,0.0,,3.0495901363953877,,0.0014657549249448216,0.0,0.0,,,,,,,,5
default,noise_drift,XGB+Physical,2000.0,0.0,0.6368,,,,0.3632,,,,45.23931735833235,86.07411572294298,0.0,0.0,0.0,,0.0,,0.45012500000000005,,0.0,,,,,,,,0.0,0.0,0.19591407555354468,,,,0.19591407555354465,,,,2.405099937337797,4.550907722790801,0.0,0.0,0.0,,0.0,,0.2461295708057039,,0.0,,,,,,,,5
default,noise_drift,Physically-Anchored-Adaptive,2000.0,0.0,0.9853,,,,0.0147,,,,2.309501417123302,0.31742808200045075,85.98932579851946,0.0,0.0,,1970.6,,0.015,0.0,1.0,,,,,,,,0.0,0.0,0.005322123636294069,,,,0.0053221236362940684,,,,0.12757609710238338,0.07295172251670828,4.5570951195915175,0.0,0.0,,10.644247272588144,,0.0051538820320220745,0.0,0.0,,,,,,,,5
default,noise_drift,XGB+StaticProfile,2000.0,0.0,0.6445000000000001,,,,0.35550000000000004,,,,45.23931735833235,86.07411572294298,0.0,0.0,0.0,,0.0,,0.44349999999999995,1572.0,0.2,,,,,,,,0.0,0.0,0.20237557906032044,,,,0.20237557906032042,,,,2.405099937337797,4.550907722790801,0.0,0.0,0.0,,0.0,,0.25251724879203796,,0.447213595499958,,,,,,,,5
default,noise_drift,Anchored-Update-Only,2000.0,0.0,0.9968,,,,0.0032,,,,2.309501417123302,0.31742808200045075,85.98932579851946,0.0,0.0,,1970.6,,0.0036250000000000006,0.0,1.0,,,,,,,,0.0,0.0,0.0015247950681976789,,,,0.0015247950681976906,,,,0.12757609710238338,0.07295172251670828,4.5570951195915175,0.0,0.0,,10.644247272588144,,0.001617772388193098,0.0,0.0,,,,,,,,5
default,noise_drift,Physical-Only,2000.0,0.0,0.9884000000000001,,,,0.0116,,,,,,,,,,0.0,,0.0115,0.0,1.0,,,,,,,,0.0,0.0,0.005331510105026529,,,,0.00533151010502653,,,,,,,,,,0.0,,0.0050890507464555704,0.0,0.0,,,,,,,,5
default,noise_drift,Spatial-XGBoost,2000.0,0.0,0.9996,,,,0.0004,,,,,,,,,,0.0,,0.0005,0.0,1.0,,,,,,,,0.0,0.0,0.0005477225575051527,,,,0.0005477225575051661,,,,,,,,,,0.0,,0.0006846531968814577,0.0,0.0,,,,,,,,5
default,noise_drift,Sequential-Anchored,2000.0,0.0,0.9853,,,,0.0147,,,,2.309501417123302,0.31742808200045075,85.98932579851946,0.0,0.0,,1970.6,,0.015,0.0,1.0,0.0,,0.0,,,,,0.0,0.0,0.005322123636294069,,,,0.0053221236362940684,,,,0.12757609710238338,0.07295172251670828,4.5570951195915175,0.0,0.0,,10.644247272588144,,0.0051538820320220745,0.0,0.0,0.0,,0.0,,,,,5
default,noise_drift,Sequential-Anchored+Rollback,2000.0,0.0,0.9853,,,,0.0147,,,,2.309501417123302,0.31742808200045075,85.98932579851946,0.0,0.0,,1970.6,,0.015,0.0,1.0,0.0,,0.0,,,,,0.0,0.0,0.005322123636294069,,,,0.0053221236362940684,,,,0.12757609710238338,0.07295172251670828,4.5570951195915175,0.0,0.0,,10.644247272588144,,0.0051538820320220745,0.0,0.0,0.0,,0.0,,,,,5
default,noise_drift,Sequential-Anchored-Full,2000.0,0.0,0.9853,,,,0.0147,,,,2.309501417123302,0.31742808200045075,85.98932579851946,0.0,0.0,,1970.6,,0.015,0.0,1.0,0.0,,0.0,,,,,0.0,0.0,0.005322123636294069,,,,0.0053221236362940684,,,,0.12757609710238338,0.07295172251670828,4.5570951195915175,0.0,0.0,,10.644247272588144,,0.0051538820320220745,0.0,0.0,0.0,,0.0,,,,,5
default,noise_drift,Physical-Only+Sequential,2000.0,0.0,0.9884000000000001,,,,0.0116,,,,,,,,,,0.0,,0.0115,0.0,1.0,0.0,,0.0,,,,,0.0,0.0,0.005331510105026529,,,,0.00533151010502653,,,,,,,,,,0.0,,0.0050890507464555704,0.0,0.0,0.0,,0.0,,,,,5
default,poisoning,Baseline-XGBoost,2000.0,512.4,0.8638999999999999,0.8763387445887446,0.5469347459124728,0.672697102790502,0.026928013026318275,0.4530652540875272,0.8742565973425357,0.5469347459124728,,,,,,,0.0,14.8,,,,,,,0.3618572445533745,1.0,0.2399999999999996,,0.0,10.66770828247567,0.012861765042170521,0.032047473788377044,0.04054110867044979,0.03267548844657088,0.008642337975426413,0.04054110867044981,0.02685612738268172,0.04054110867044979,,,,,,,0.0,20.315019074566482,,,,,,,0.05264746900651056,0.0,0.11916375287812973,,5
default,poisoning,Naive-Adaptive,2000.0,512.4,0.7537,0.8334633965068747,0.04322838214076183,0.08006779026943016,0.0016128919818817113,0.9567716178592383,0.956336879578434,0.04322838214076183,2.9763459074837164,3.9872797398395954,3.8126456375172397,0.370299260619744,0.28075721816760535,0.9567716178592383,1975.4,32.8,,,,,,,0.06036394074387687,0.0012903225806451613,1.0,0.29583936104670155,0.0,10.66770828247567,0.012552888113896314,0.15138024000263517,0.04398883260670205,0.0773321218086667,0.0013984908506769799,0.04398883260670206,0.020145810731827207,0.04398883260670205,0.6286305824812239,0.528937435901636,0.40766538419550596,0.01702082885450908,0.036499830143231084,0.04398883260670206,21.524404753674382,22.98260211551338,,,,,,,0.061570015619482894,0.002885249003225535,0.0,0.02631524749444682,5
default,poisoning,XGB+Physical,2000.0,512.4,0.9898,0.9634325234065944,0.9980357002168331,0.980391214317506,0.0130220710312112,0.0019642997831669272,0.9998093093506369,0.9980357002168331,0.28128760035394906,0.2448333429906258,0.0,0.0,0.0,,0.0,0.0,,,,,,,0.9972190161687131,1.0,0.012,0.0,0.0,10.66770828247567,0.003801315561749688,0.013765601056333633,0.002435098384583591,0.007497975604841513,0.00479267664229256,0.0024350983845835995,0.0001679331545512667,0.002435098384583591,0.013641240400451582,0.048563878180408415,0.0,0.0,0.0,,0.0,0.0,,,,,,,0.003411604405241405,0.0,0.010954451150103323,0.0,5
default,poisoning,Physically-Anchored-Adaptive,2000.0,512.4,0.9898,0.9634228648347796,0.9980357002168331,0.9803771357136725,0.013016022853426281,0.0019642997831669272,0.9998180703306767,0.9980357002168331,0.295073726684387,0.2616584920048062,0.23592271280168595,0.00719411593599828,0.00014036879970626002,0.0019642997831669272,1469.2,0.0,,,,,,,0.9972190161687131,1.0,0.012,0.00421141509254094,0.0,10.66770828247567,0.004251470333896228,0.015406197175502139,0.002435098384583591,0.008395353176346097,0.005345754719074157,0.0024350983845835995,0.00016623720815085467,0.002435098384583591,0.00324047117412725,0.06301416829761437,0.05687429395078164,0.007005049871557521,0.00013664344117335643,0.0024350983845835995,6.379655163094638,0.0,,,,,,,0.003411604405241405,0.0,0.010954451150103323,0.00400734474687995,5
default,poisoning,XGB+StaticProfile,2000.0,512.4,0.8752000000000001,0.9840040870185002,0.5213458179034275,0.6814850906531427,0.0029630770507374114,0.4786541820965725,0.9522765153087163,0.5213458179034275,0.28128760035394906,0.2448333429906258,0.0,0.0,0.0,,0.0,26.4,,,,,,,0.32563859385947347,1.0,0.3120000000000015,0.0,0.0,10.66770828247567,0.0029916550603302414,0.010044622038160518,0.011803405254333791,0.009829156567888228,0.00195387289250107,0.01180340525433376,0.018710079429839346,0.011803405254333791,0.013641240400451582,0.048563878180408415,0.0,0.0,0.0,,0.0,19.743353311937668,,,,,,,0.007568572550779197,0.0,0.13682105101189823,0.0,5
default,poisoning,Anchored-Update-Only,2000.0,512.4,0.8749,0.9829852537407413,0.5205657944114919,0.6806162602902724,0.003090273376616718,0.4794342055885082,0.9596067534124184,0.5205657944114919,0.2951402797737351,0.26180616909079457,0.2360058159759526,0.002,2.0084834016470359e-07,0.0003976143141153081,1468.4,32.8,,,,,,,0.3245365316673412,1.0,0.3320000000000017,6.634688341259747e-06,0.0,10.66770828247567,0.0025836021365527083,0.005727175748573068,0.011592544392054985,0.010710802353436974,0.0010142473690476488,0.01159254439205493,0.013358333906196437,0.011592544392054985,0.003141661052153988,0.06321273358534724,0.05685188060593046,0.00447213595499958,4.491105417762785e-07,0.0008890926351887832,6.107372593840965,22.98260211551338,,,,,,,0.00727920177989154,0.0,0.12696456198483305,1.4835614140582117e-05,5
default,poisoning,Physical-Only,2000.0,512.4,0.9919,0.97108359011161,0.9980357002168331,0.9843345442898317,0.010192594514875924,0.0019642997831669272,0.999842426836229,0.9980357002168331,,,,,,,0.0,0.0,,,,,,,0.9972190161687131,1.0,0.012,,0.0,10.66770828247567,0.003990613987846985,0.014508081835199853,0.002435098384583591,0.007906394167024664,0.0049864780412752505,0.0024350983845835995,0.00013976157651046406,0.002435098384583591,,,,,,,0.0,0.0,,,,,,,0.003411604405241405,0.0,0.010954451150103323,,5
default,poisoning,Spatial-XGBoost,2000.0,512.4,0.9672000000000001,0.9974109076117852,0.8744413810094784,0.9288643640951213,0.0008041435794793337,0.1255586189905215,0.9988280875950476,0.8744413810094784,,,,,,,0.0,1.0,,,,,,,0.8214979236856168,1.0,0.04,,0.0,10.66770828247567,0.02749681799772472,0.001889638861591615,0.10697113519796941,0.06465077283084428,0.0005570908730125996,0.10697113519796936,0.0007473174139949303,0.10697113519796941,,,,,,,0.0,2.23606797749979,,,,,,,0.15652395207270783,0.0,0.01414213562373095,,5
default,poisoning,Sequential-Anchored,2000.0,512.4,0.9894000000000001,0.9619842238421865,0.9980357002168331,0.9796383461879159,0.013558729245719289,0.0019642997831669272,0.9998189276737941,0.9980357002168331,0.30985357241487094,0.30762874572005955,0.2351858516585843,0.0,0.0,0.0,304.2,0.0,,,,0.0,2.6,0.0,0.9972190161687131,1.0,0.012,0.0,0.0,10.66770828247567,0.003959166578965836,0.014282586634146369,0.002435098384583591,0.007808162820765647,0.004966057665062307,0.0024350983845835995,0.00015687616732436023,0.002435098384583591,0.04564861469823621,0.11709470927575158,0.04914806847782644,0.0,0.0,0.0,7.259476565152617,0.0,,,,0.0,2.792848008753788,0.0,0.003411604405241405,0.0,0.010954451150103323,0.0,5
default,poisoning,Sequential-Anchored+Rollback,2000.0,512.4,0.9896,0.9627140704204095,0.9980357002168331,0.9800125341110295,0.013288366865104975,0.0019642997831669272,0.9998186620663698,0.9980357002168331,0.3108662968678776,0.30875584411725016,0.2344060931449584,0.0,0.0,0.0,304.2,0.0,,,,0.0,2.6,2.2,0.9972190161687131,1.0,0.012,0.0,0.0,10.66770828247567,0.004159326868617095,0.015020418717319921,0.002435098384583591,0.008190656042873834,0.005227847635795657,0.0024350983845835995,0.00015734219172684592,0.002435098384583591,0.04048287857821802,0.11560225346621386,0.04428086987635346,0.0,0.0,0.0,7.259476565152617,0.0,,,,0.0,2.792848008753788,1.3038404810405297,0.003411604405241405,0.0,0.010954451150103323,0.0,5
default,poisoning,Sequential-Anchored-Full,2000.0,512.4,0.9851000000000001,0.9450672148173803,1.0,0.9716996604066669,0.020009618835154556,0.0,0.9999458280658786,1.0,0.29505138661362673,0.2683706629275528,0.2388385413810037,0.0,0.0,0.0,1450.0,0.0,,,,0.0,2.6,2.2,1.0,1.0,0.0,0.0,0.0,10.66770828247567,0.004435651023243395,0.01639956458997937,0.0,0.008634391528400872,0.0058634100462812005,0.0,0.00011894329978001155,0.0,0.004559442180813188,0.06623704841871508,0.06127235932136068,0.0,0.0,0.0,10.488088481701515,0.0,,,,0.0,2.792848008753788,1.3038404810405297,0.0,0.0,0.0,0.0,5
default,poisoning,Physical-Only+Sequential,2000.0,512.4,0.9871000000000001,0.952073502212692,1.0,0.9753932481694558,0.017319791031006337,0.0,0.9999532650737578,1.0,,,,,,,0.0,0.0,,,,0.0,2.6,0.0,1.0,1.0,0.0,,0.0,10.66770828247567,0.004292435206266943,0.016038762294336026,0.0,0.008393156657499411,0.0056766604254269324,0.0,0.00010231443652744953,0.0,,,,,,,0.0,0.0,,,,0.0,2.792848008753788,0.0,0.0,0.0,0.0,,5
default,power_drift,Baseline-XGBoost,2000.0,0.0,0.33290000000000003,,,,0.6671,,,,,,,,,,0.0,,0.8276249999999999,,0.0,,,,,,,,0.0,0.0,0.013277801022759748,,,,0.013277801022759756,,,,,,,,,,0.0,,0.014950438956766487,,0.0,,,,,,,,5
default,power_drift,Naive-Adaptive,2000.0,0.0,0.9921,,,,0.0079,,,,0.4062347197579038,0.30738633906155954,9.915257053607217,0.0,0.0,,1984.2,,0.009000000000000001,0.0,1.0,,,,,,,,0.0,0.0,0.004916807907575817,,,,0.0049168079075758075,,,,0.021187163735060827,0.1097478309916196,0.2871701302702708,0.0,0.0,,9.833615815151612,,0.0055304554514072355,0.0,0.0,,,,,,,,5
default,power_drift,XGB+Physical,2000.0,0.0,0.3786,,,,0.6214000000000001,,,,5.307484810628838,9.986880978220007,0.0,0.0,0.0,,0.0,,0.77225,,0.0,,,,,,,,0.0,0.0,0.008234075540095575,,,,0.0082340755400955,,,,0.1387902693688996,0.3225343290185971,0.0,0.0,0.0,,0.0,,0.009858372076565208,,0.0,,,,,,,,5
default,power_drift,Physically-Anchored-Adaptive,2000.0,0.0,0.9818,,,,0.0182,,,,0.40920287440506076,0.30700270213264047,9.919620533438762,0.0,0.0,,1963.6,,0.01825,0.0,1.0,,,,,,,,0.0,0.0,0.012023934464225942,,,,0.012023934464225925,,,,0.020570049361720303,0.11044439066117524,0.28542816403538485,0.0,0.0,,24.04786892845188,,0.011654197205299041,0.0,0.0,,,,,,,,5
default,power_drift,XGB+StaticProfile,2000.0,0.0,0.38370000000000004,,,,0.6163000000000001,,,,5.307484810628838,9.986880978220007,0.0,0.0,0.0,,0.0,,0.7695000000000001,,0.0,,,,,,,,0.0,0.0,0.008197560612767702,,,,0.008197560612767676,,,,0.1387902693688996,0.3225343290185971,0.0,0.0,0.0,,0.0,,0.010273600877978505,,0.0,,,,,,,,5
default,power_drift,Anchored-Update-Only,2000.0,0.0,0.9924,,,,0.0076,,,,0.40920287440506076,0.30700270213264047,9.919620533438762,0.0,0.0,,1963.6,,0.008625,0.0,1.0,,,,,,,,0.0,0.0,0.004159326868617105,,,,0.004159326868617084,,,,0.020570049361720303,0.11044439066117524,0.28542816403538485,0.0,0.0,,24.04786892845188,,0.004622465521775149,0.0,0.0,,,,,,,,5
default,power_drift,Physical-Only,2000.0,0.0,0.9892,,,,0.0108,,,,,,,,,,0.0,,0.009875,0.0,1.0,,,,,,,,0.0,0.0,0.008584870412533911,,,,0.0085848704125339,,,,,,,,,,0.0,,0.007947582179505915,0.0,0.0,,,,,,,,5
default,power_drift,Spatial-XGBoost,2000.0,0.0,0.7947,,,,0.20529999999999998,,,,,,,,,,0.0,,0.2565,,0.0,,,,,,,,0.0,0.0,0.08652933028748114,,,,0.08652933028748112,,,,,,,,,,0.0,,0.10796194352641118,,0.0,,,,,,,,5
default,power_drift,Sequential-Anchored,2000.0,0.0,0.9818,,,,0.0182,,,,0.40920287440506076,0.30700270213264047,9.919620533438762,0.0,0.0,,1963.6,,0.01825,0.0,1.0,0.0,,0.0,,,,,0.0,0.0,0.012023934464225942,,,,0.012023934464225925,,,,0.020570049361720303,0.11044439066117524,0.28542816403538485,0.0,0.0,,24.04786892845188,,0.011654197205299041,0.0,0.0,0.0,,0.0,,,,,5
default,power_drift,Sequential-Anchored+Rollback,2000.0,0.0,0.9818,,,,0.0182,,,,0.40920287440506076,0.30700270213264047,9.919620533438762,0.0,0.0,,1963.6,,0.01825,0.0,1.0,0.0,,0.0,,,,,0.0,0.0,0.012023934464225942,,,,0.012023934464225925,,,,0.020570049361720303,0.11044439066117524,0.28542816403538485,0.0,0.0,,24.04786892845188,,0.011654197205299041,0.0,0.0,0.0,,0.0,,,,,5
default,power_drift,Sequential-Anchored-Full,2000.0,0.0,0.9818,,,,0.0182,,,,0.40920287440506076,0.30700270213264047,9.919620533438762,0.0,0.0,,1963.6,,0.01825,0.0,1.0,0.0,,0.0,,,,,0.0,0.0,0.012023934464225942,,,,0.012023934464225925,,,,0.020570049361720303,0.11044439066117524,0.28542816403538485,0.0,0.0,,24.04786892845188,,0.011654197205299041,0.0,0.0,0.0,,0.0,,,,,5
default,power_drift,Physical-Only+Sequential,2000.0,0.0,0.9892,,,,0.0108,,,,,,,,,,0.0,,0.009875,0.0,1.0,0.0,,0.0,,,,,0.0,0.0,0.008584870412533911,,,,0.0085848704125339,,,,,,,,,,0.0,,0.007947582179505915,0.0,0.0,0.0,,0.0,,,,,5
default,power_matching_puea,Baseline-XGBoost,2000.0,436.8,0.8976000000000001,0.85572663463693,0.6135475599502361,0.6972575720507658,0.023995361104063168,0.38645244004976387,0.922537624318403,0.6135475599502361,,,,,,,0.0,1.6,,,,,,,,,,,0.0,18.335757415498275,0.05832709490451241,0.08976622309648548,0.26474520499864596,0.2089226199251528,0.006558176241576439,0.26474520499864596,0.07998878552378817,0.26474520499864596,,,,,,,0.0,2.3021728866442674,,,,,,,,,,,5
default,power_matching_puea,Naive-Adaptive,2000.0,436.8,0.7837,0.45670995670995673,0.01606540117065863,0.03786932323974038,0.0019163612704966506,0.9839345988293413,0.8988164158202281,0.01606540117065863,0.7950460414933332,0.9971582700502912,0.8986970396546049,0.3787983226599346,0.27813638998847107,0.9839345988293413,1989.8,2.0,,,,,,,,,,,0.0,18.335757415498275,0.007902531240052134,0.3228737897656203,0.02718510893123657,0.054951276417357836,0.0006298828119152274,0.027185108931236598,0.07623261921481334,0.02718510893123657,0.20803584493591698,0.36365604130001544,0.3165449077286747,0.015038244126168936,0.046416312803317844,0.027185108931236598,12.833549781724454,2.449489742783178,,,,,,,,,,,5
default,power_matching_puea,XGB+Physical,2000.0,436.8,0.9885999999999999,0.9514549815599309,1.0,0.9749753317516159,0.01463182098675651,0.0,1.0,1.0,0.2842540959049067,0.3034809423959707,0.0,0.0,0.0,,0.0,0.0,,,,,,,,,,,0.0,18.335757415498275,0.0065897647909466455,0.02620146448021504,0.0,0.013811885394088633,0.008511350519456085,0.0,0.0,0.0,0.02718758527813508,0.08348027159887762,0.0,0.0,0.0,,0.0,0.0,,,,,,,,,,,5
default,power_matching_puea,Physically-Anchored-Adaptive,2000.0,436.8,0.9894000000000001,0.9547749266622952,1.0,0.9767186573861263,0.013608307320983185,0.0,1.0,1.0,0.3085684499421917,0.29591210316377514,0.24123776856715376,0.0,0.0,0.0,1542.0,0.0,,,,,,,,,,,0.0,18.335757415498275,0.006523036102920157,0.0260066841361732,0.0,0.013685450855840527,0.008426778631509334,0.0,0.0,0.0,0.013900865245347612,0.09084014417790048,0.08112557187477701,0.0,0.0,0.0,27.99999999999999,0.0,,,,,,,,,,,5
default,power_matching_puea,XGB+StaticProfile,2000.0,436.8,0.8507,0.8359323093290311,0.32255728322409283,0.4265916186627895,0.003199951853207228,0.6774427167759072,0.9224681170928057,0.32255728322409283,0.2842540959049067,0.3034809423959707,0.0,0.0,0.0,,0.0,111.0,,,,,,,,,,,0.0,18.335757415498275,0.05596159397300975,0.28170952633368496,0.2754246498940061,0.3420525985092025,0.0018789070040632668,0.2754246498940061,0.08144307229802027,0.2754246498940061,0.02718758527813508,0.08348027159887762,0.0,0.0,0.0,,0.0,209.0490373094313,,,,,,,,,,,5
default,power_matching_puea,Anchored-Update-Only,2000.0,436.8,0.8378,0.8268562914381796,0.25958858446549204,0.3599760969312629,0.0021764381874339036,0.740411415534508,0.9221081857178662,0.25958858446549204,0.3085684499421917,0.29591210316377514,0.24123776856715376,0.0,0.0,0.0,1542.0,277.4,,,,,,,,,,,0.0,18.335757415498275,0.05009565849452422,0.322737134350156,0.2502692116195568,0.3128635276580601,0.001487066870144572,0.2502692116195568,0.08042969274879695,0.2502692116195568,0.013900865245347612,0.09084014417790048,0.08112557187477701,0.0,0.0,0.0,27.99999999999999,579.7122562099235,,,,,,,,,,,5
default,power_matching_puea,Physical-Only,2000.0,436.8,0.9909000000000001,0.9611685080351112,1.0,0.980030491400289,0.011688292139459749,0.0,1.0,1.0,,,,,,,0.0,0.0,,,,,,,,,,,0.0,18.335757415498275,0.006958807369082753,0.02814341461236929,0.0,0.014750480095304507,0.008974933416661397,0.0,0.0,0.0,,,,,,,0.0,0.0,,,,,,,,,,,5
default,power_matching_puea,Spatial-XGBoost,2000.0,436.8,0.9991,0.9958007823450499,1.0,0.997893345577974,0.0011441411464487722,0.0,1.0,1.0,,,,,,,0.0,0.0,,,,,,,,,,,0.0,18.335757415498275,0.000741619848709611,0.0036119850831588442,0.0,0.0018151015457561431,0.0009311219742054002,0.0,0.0,0.0,,,,,,,0.0,0.0,,,,,,,,,,,5
default,power_matching_puea,Sequential-Anchored,2000.0,436.8,0.9888,0.9523055672089017,1.0,0.975419227383002,0.014376707040698766,0.0,1.0,1.0,0.29991702927174896,0.31302612645681566,0.2023545452351437,0.0,0.0,0.0,497.2,0.0,,,,0.0,0.0,0.0,,,,,0.0,18.335757415498275,0.006685805860178716,0.026415244000168384,0.0,0.01394871066575301,0.00864133343843847,0.0,0.0,0.0,0.019942547557732292,0.08093554765580208,0.02114232583334092,0.0,0.0,0.0,6.220932405998318,0.0,,,,0.0,0.0,0.0,,,,,5
default,power_matching_puea,Sequential-Anchored+Rollback,2000.0,436.8,0.9888,0.9523055672089017,1.0,0.975419227383002,0.014376707040698766,0.0,1.0,1.0,0.29905812283377864,0.3108078597049519,0.18746891027339657,0.0,0.0,0.0,497.2,0.0,,,,0.0,0.0,1.6,,,,,0.0,18.335757415498275,0.006685805860178716,0.026415244000168384,0.0,0.01394871066575301,0.00864133343843847,0.0,0.0,0.0,0.019311158067778108,0.08190156317368448,0.04281933994481842,0.0,0.0,0.0,6.220932405998318,0.0,,,,0.0,0.0,0.8944271909999159,,,,,5
default,power_matching_puea,Sequential-Anchored-Full,2000.0,436.8,0.9845,0.9347346363709944,1.0,0.9661341010323735,0.019882003803917626,0.0,0.9999859319304999,1.0,0.30947276426778647,0.30147308909650217,0.24606027162408464,0.0,0.0,0.0,1521.2,0.0,,,,0.0,0.0,1.6,,,,,0.0,18.335757415498275,0.006451743950281958,0.024471307205804597,0.0,0.01308576263635757,0.008371905895005822,0.0,1.941990452842049e-05,0.0,0.015045062862488417,0.09206254425620601,0.08616272046168894,0.0,0.0,0.0,27.206616842231593,0.0,,,,0.0,0.0,0.8944271909999159,,,,,5
default,power_matching_puea,Physical-Only+Sequential,2000.0,436.8,0.9859,0.940524102406107,1.0,0.9691808457130812,0.018090937687513468,0.0,0.9999859319304999,1.0,,,,,,,0.0,0.0,,,,0.0,0.0,0.0,,,,,0.0,18.335757415498275,0.00720590036012162,0.027801588754556975,0.0,0.014811997738609419,0.009326590484187151,0.0,1.941990452842049e-05,0.0,,,,,,,0.0,0.0,,,,0.0,0.0,0.0,,,,,5
default,shadowing_drift,Baseline-XGBoost,2000.0,0.0,0.9267,,,,0.0733,,,,,,,,,,0.0,,0.08525,1426.3333333333333,0.6,,,,,,,,0.0,0.0,0.03266420058718718,,,,0.03266420058718719,,,,,,,,,,0.0,,0.03955218072369714,245.89496402597052,0.5477225575051662,,,,,,,,5
default,shadowing_drift,Naive-Adaptive,2000.0,0.0,0.9948,,,,0.0052,,,,0.3549993359498834,0.38855236498890616,1.5469528760397984,0.0,0.0,,1989.6,,0.00625,0.0,1.0,,,,,,,,0.0,0.0,0.003114482300479494,,,,0.0031144823004794872,,,,0.018082743191325162,0.03974199744904428,0.21409523577722428,0.0,0.0,,6.228964600958987,,0.0036174490321219457,0.0,0.0,,,,,,,,5
default,shadowing_drift,XGB+Physical,2000.0,0.0,0.9539,,,,0.046099999999999995,,,,0.9095434712390474,1.5964385506256937,0.0,0.0,0.0,,0.0,,0.054125,1290.25,0.8,,,,,,,,0.0,0.0,0.016137688806021767,,,,0.01613768880602176,,,,0.12163679760095544,0.205109706022831,0.0,0.0,0.0,,0.0,,0.019558605842441838,307.8737565951343,0.4472135954999579,,,,,,,,5
default,shadowing_drift,Physically-Anchored-Adaptive,2000.0,0.0,0.9814999999999999,,,,0.0185,,,,0.3553803924431593,0.3905551719284731,1.5616827009246372,0.0,0.0,,1963.0,,0.019875,0.0,1.0,,,,,,,,0.0,0.0,0.006661456297237107,,,,0.006661456297237115,,,,0.018729856303508013,0.033871856196550316,0.2189198295860111,0.0,0.0,,13.322912594474214,,0.006516205759489183,0.0,0.0,,,,,,,,5
default,shadowing_drift,XGB+StaticProfile,2000.0,0.0,0.9669000000000001,,,,0.0331,,,,0.9095434712390474,1.5964385506256937,0.0,0.0,0.0,,0.0,,0.040749999999999995,382.75,0.8,,,,,,,,0.0,0.0,0.017426273267684082,,,,0.017426273267684058,,,,0.12163679760095544,0.205109706022831,0.0,0.0,0.0,,0.0,,0.02103475546565731,765.5,0.4472135954999579,,,,,,,,5
default,shadowing_drift,Anchored-Update-Only,2000.0,0.0,0.9947000000000001,,,,0.0053,,,,0.3553803924431593,0.3905551719284731,1.5616827009246372,0.0,0.0,,1963.0,,0.00625,0.0,1.0,,,,,,,,0.0,0.0,0.003251922508301836,,,,0.00325192250830182,,,,0.018729856303508013,0.033871856196550316,0.2189198295860111,0.0,0.0,,13.322912594474214,,0.0036174490321219457,0.0,0.0,,,,,,,,5
default,shadowing_drift,Physical-Only,2000.0,0.0,0.9868,,,,0.0132,,,,,,,,,,0.0,,0.013624999999999998,0.0,1.0,,,,,,,,0.0,0.0,0.0065726706900620215,,,,0.006572670690061993,,,,,,,,,,0.0,,0.006240617958183308,0.0,0.0,,,,,,,,5
default,shadowing_drift,Spatial-XGBoost,2000.0,0.0,0.9909000000000001,,,,0.0091,,,,,,,,,,0.0,,0.01125,0.0,1.0,,,,,,,,0.0,0.0,0.0023822258499143255,,,,0.002382225849914319,,,,,,,,,,0.0,,0.0029973947020704495,0.0,0.0,,,,,,,,5
default,shadowing_drift,Sequential-Anchored,2000.0,0.0,0.9814999999999999,,,,0.0185,,,,0.3551508631150459,0.3903861363917437,1.5616881113326724,0.0,0.0,,1962.8,,0.019875,0.0,1.0,0.0002,,0.0,,,,,0.0,0.0,0.006661456297237107,,,,0.006661456297237115,,,,0.0186495983894455,0.0337620489848675,0.21891117826885262,0.0,0.0,,13.700364958642531,,0.006516205759489183,0.0,0.0,0.00027386127875258305,,0.0,,,,,5
default,shadowing_drift,Sequential-Anchored+Rollback,2000.0,0.0,0.9814999999999999,,,,0.0185,,,,0.35543072094936906,0.3909005870367634,1.5620143912258406,0.0,0.0,,1962.8,,0.019875,0.0,1.0,0.0002,,0.4,,,,,0.0,0.0,0.006661456297237107,,,,0.006661456297237115,,,,0.018467501633504683,0.034120966150528134,0.21838634456281006,0.0,0.0,,13.700364958642531,,0.006516205759489183,0.0,0.0,0.00027386127875258305,,0.5477225575051661,,,,,5
default,shadowing_drift,Sequential-Anchored-Full,2000.0,0.0,0.9814999999999999,,,,0.0185,,,,0.35543072094936906,0.3909005870367634,1.5620143912258406,0.0,0.0,,1962.8,,0.019875,0.0,1.0,0.0002,,0.4,,,,,0.0,0.0,0.006661456297237107,,,,0.006661456297237115,,,,0.018467501633504683,0.034120966150528134,0.21838634456281006,0.0,0.0,,13.700364958642531,,0.006516205759489183,0.0,0.0,0.00027386127875258305,,0.5477225575051661,,,,,5
default,shadowing_drift,Physical-Only+Sequential,2000.0,0.0,0.9868,,,,0.0132,,,,,,,,,,0.0,,0.013624999999999998,0.0,1.0,0.0002,,0.0,,,,,0.0,0.0,0.0065726706900620215,,,,0.006572670690061993,,,,,,,,,,0.0,,0.006240617958183308,0.0,0.0,0.00027386127875258305,,0.0,,,,,5
default,slow_near_pu_poisoning,Baseline-XGBoost,2000.0,217.0,0.9563,0.8057145199685483,0.7898512114944428,0.796790612413496,0.023329340922208203,0.21014878850555715,0.9268914753353481,0.7898512114944428,,,,,,,0.0,127.8,,,,,,,0.28965151508733544,1.0,0.2559999999999999,,0.0,20.880613017821098,0.005179285665031466,0.04344273246296181,0.020626575779011676,0.015105954001842439,0.005842669079082589,0.020626575779011707,0.011336858261660225,0.020626575779011676,,,,,,,0.0,141.6110871365657,,,,,,,0.014337774135491014,0.0,0.03577708763999665,,5
default,slow_near_pu_poisoning,Naive-Adaptive,2000.0,217.0,0.9745000000000001,0.9874969904055309,0.7759712710018627,0.8689185553360993,0.0012383762075229253,0.2240287289981373,0.9726381995256747,0.7759712710018627,0.31939067494014595,0.31395111451128016,0.2358706469019219,0.07819090898469627,0.0014153667854091,0.2240287289981373,1829.6,254.4,,,,,,,0.2416972396509248,1.0,0.4240000000000004,0.044373442013061884,0.0,20.880613017821098,0.004198213905936705,0.010608124981381105,0.01811957825490993,0.011389740397883163,0.0010859930962819364,0.01811957825490998,0.011695777645701415,0.01811957825490993,0.0229003670491937,0.05434726702210649,0.08643259593366528,0.009279270207573511,0.0003776996784949259,0.01811957825490998,15.109599597606806,118.74468409154154,,,,,,,0.021892456767219445,0.0,0.0328633534503101,0.0078933079821382,5
default,slow_near_pu_poisoning,XGB+Physical,2000.0,217.0,0.9656,0.8839727822461789,0.7916203526140877,0.8342137862638845,0.013144317603385271,0.20837964738591225,0.9613924994297983,0.7916203526140877,0.2863681037018907,0.28038308927650846,0.0,0.0,0.0,,0.0,98.6,,,,,,,0.2953188218535086,1.0,0.2599999999999999,0.0,0.0,20.880613017821098,0.00676756972627543,0.04958806174040964,0.022889527931271948,0.017825685790884827,0.007206808064667402,0.022889527931271976,0.00991445748512493,0.022889527931271948,0.015919989961340406,0.05364774661380165,0.0,0.0,0.0,,0.0,166.0340326559588,,,,,,,0.04472132777671656,0.0,0.07071067811865478,0.0,5
default,slow_near_pu_poisoning,Physically-Anchored-Adaptive,2000.0,217.0,0.9663999999999999,0.8913158579675784,0.79064947882768,0.8371322225223545,0.012133477855277047,0.20935052117232003,0.9632282554302328,0.79064947882768,0.3128506638685738,0.3144578513655503,0.2378119962304368,0.0723703278268693,0.0014065226319599998,0.20935052117232003,1807.0,103.4,,,,,,,0.29168245821714495,1.0,0.28400000000000003,0.042910213529763944,0.0,20.880613017821098,0.006238990302925606,0.04357670690873727,0.022229835353851226,0.015858169114487643,0.006333070948145655,0.022229835353851275,0.008678321518057967,0.022229835353851226,0.02536554169910346,0.05215994566518094,0.08257033959846244,0.009223915085580785,0.00046293135440427923,0.022229835353851275,22.83637449333847,176.47464407103928,,,,,,,0.047660157153761845,0.0,0.07797435475847192,0.011163007939482853,5
default,slow_near_pu_poisoning,XGB+StaticProfile,2000.0,217.0,0.974,0.9755524620436902,0.7815129838421283,0.867572568253107,0.0024735587181549615,0.21848701615787164,0.9582256320058272,0.7815129838421283,0.2863681037018907,0.28038308927650846,0.0,0.0,0.0,,0.0,225.0,,,,,,,0.26076458382100964,1.0,0.32399999999999995,0.0,0.0,20.880613017821098,0.004272001872658761,0.02039944475231131,0.018689300819209533,0.011062983131793222,0.0021254430602156067,0.018689300819209536,0.010181824781523829,0.018689300819209533,0.015919989961340406,0.05364774661380165,0.0,0.0,0.0,,0.0,112.1160113453917,,,,,,,0.016812685915190553,0.0,0.016733200530681627,0.0,5
default,slow_near_pu_poisoning,Anchored-Update-Only,2000.0,217.0,0.9747,0.9863101397170808,0.7788412091548197,0.8702719308782132,0.0013502330307891444,0.22115879084518028,0.9700692646128282,0.7788412091548197,0.31238093625083063,0.3141024749574302,0.2375311422152358,0.05720314410127956,0.00094461300251916,0.15179092147511272,1794.6,254.4,,,,,,,0.251543978455826,1.0,0.38000000000000017,0.028586496618961378,0.0,20.880613017821098,0.004280770958600814,0.008971056766879431,0.018107159897331103,0.011704462163244308,0.0009463818881789326,0.01810715989733112,0.013162627583762855,0.018107159897331103,0.02643412237835386,0.052028734043995765,0.0825206388444412,0.01249553632495875,0.0004990576086799248,0.034128436816981,25.451915448547286,118.74468409154154,,,,,,,0.017255571277481917,0.0,0.03741657386773933,0.01218127543972564,5
default,slow_near_pu_poisoning,Physical-Only,2000.0,217.0,0.9554,0.8893717192018034,0.6747065925959496,0.7629568837864024,0.010670758885230312,0.3252934074040504,0.9506856893789776,0.6747065925959496,,,,,,,0.0,122.2,,,,,,,0.26236091819771906,0.8494930259163965,0.39200000000000024,,0.0,20.880613017821098,0.0074279876144215835,0.03365800883036161,0.09626780303266032,0.054093735140362253,0.005323276803620877,0.09626780303266029,0.006672096751378482,0.09626780303266032,,,,,,,0.0,217.64121852259512,,,,,,,0.0739815188576128,0.12107693756616475,0.1735511451993334,,5
default,slow_near_pu_poisoning,Spatial-XGBoost,2000.0,217.0,0.9693999999999999,0.9862831413240748,0.7291674746935417,0.8379720334308702,0.0012344321413030879,0.27083252530645824,0.9761670216384006,0.7291674746935417,,,,,,,0.0,543.0,,,,,,,0.15720139784462703,0.968518051979269,0.7240000000000004,,0.0,20.880613017821098,0.005561025085359729,0.00500439400378391,0.03818017489829834,0.02491354092750852,0.00047234347648621253,0.03818017489829835,0.006778669760663023,0.03818017489829834,,,,,,,0.0,155.0612782096162,,,,,,,0.028238926679810268,0.032621905068210104,0.05727128425310548,,5
default,slow_near_pu_poisoning,Sequential-Anchored,2000.0,217.0,0.9662,0.8905005783294289,0.78984947882768,0.8362558019821378,0.01224596379453464,0.21015052117232003,0.9634234118226563,0.78984947882768,0.30698307951898396,0.3259077423897001,0.22817658733559779,0.0675593361640486,0.04667820070925928,0.18698200897079814,1365.4,103.4,,,,0.0,317.4,0.0,0.28927281966292806,1.0,0.28400000000000003,0.04714951482643306,0.0,20.880613017821098,0.006486524493131885,0.045105079552709405,0.023466242509500634,0.016705789342693345,0.00657599009893829,0.023466242509500666,0.008891990376587385,0.023466242509500634,0.021489335727996443,0.05747045788775554,0.04983576231651152,0.014780175896745414,0.010188889768029258,0.044977150519109985,146.1618965394196,176.47464407103928,,,,0.0,307.1217999426286,0.0,0.048122117819279005,0.0,0.07797435475847192,0.00938192388654486,5
default,slow_near_pu_poisoning,Sequential-Anchored+Rollback,2000.0,217.0,0.9663,0.8912292778809983,0.78984947882768,0.8366226080485457,0.012133477855277047,0.21015052117232003,0.9640029433993933,0.78984947882768,0.310508008308076,0.32690218958773276,0.20928792626257436,0.07070108585409078,0.03446064164704478,0.1879528827572059,1365.4,103.4,,,,0.0,317.4,6.2,0.28927281966292806,1.0,0.288,0.03473401695975776,0.0,20.880613017821098,0.006350196847342601,0.043531893486402455,0.023466242509500634,0.016165173770081493,0.006333070948145655,0.023466242509500666,0.009675125579333912,0.023466242509500634,0.01837024149557855,0.09867331008926805,0.08758218385449343,0.011087479554692768,0.011342806879330408,0.043360822077467456,146.1618965394196,176.47464407103928,,,,0.0,307.1217999426286,5.674504383644443,0.048122117819279005,0.0,0.08318653737234184,0.011324958489870978,5
default,slow_near_pu_poisoning,Sequential-Anchored-Full,2000.0,217.0,0.9648,0.8730541858730648,0.7953639019887051,0.8315167864231313,0.01449558150986382,0.20463609801129495,0.963553964255822,0.7953639019887051,0.3116325138229513,0.3205878120624629,0.2345364411342153,0.07088279889706692,0.0011564997661648,0.20383609801129493,1796.8,103.4,,,,0.0,317.4,6.2,0.3089407554754422,1.0,0.284,0.03177081132950428,0.0,20.880613017821098,0.0064284523798500935,0.03951909675279029,0.027317552037731167,0.014666700541191492,0.006238655973388465,0.02731755203773117,0.008854350210069431,0.027317552037731167,0.02460207155590758,0.05271133311869008,0.07760396645892033,0.01082763542096692,0.0005052715796129511,0.0262053590961227,19.9173291382153,176.47464407103928,,,,0.0,307.1217999426286,5.674504383644443,0.0552008761722961,0.0,0.07797435475847186,0.014163827128102699,5
default,slow_near_pu_poisoning,Physical-Only+Sequential,2000.0,217.0,0.9628,0.8761452982608748,0.7684242764782058,0.817942897632285,0.01359868512303097,0.23157572352179426,0.9545557665071203,0.7684242764782058,,,,,,,0.0,122.2,,,,0.0,300.4,0.0,0.2928941333092474,0.9683145021735738,0.3560000000000002,,0.0,20.880613017821098,0.005007494383421734,0.03487021696152966,0.02621690611894202,0.008666066302537686,0.005288569962351454,0.026216906118941997,0.008655152854173523,0.02621690611894202,,,,,,,0.0,217.64121852259512,,,,0.0,291.8343708338687,0.0,0.0702792420576852,0.02327876307303716,0.13957077057894346,,5
default,stable,Baseline-XGBoost,2000.0,0.0,0.9781000000000001,,,,0.0219,,,,,,,,,,0.0,,,,,,,,,,,,0.0,0.0,0.008706319543871556,,,,0.008706319543871566,,,,,,,,,,0.0,,,,,,,,,,,,5
default,stable,Naive-Adaptive,2000.0,0.0,0.9978,,,,0.0021999999999999997,,,,0.2978710599627537,0.32269040109614705,0.2081109864634673,0.0,0.0,,1995.6,,,,,,,,,,,,0.0,0.0,0.0006708203932499593,,,,0.000670820393249937,,,,0.015300720099705534,0.040113151140444774,0.09072762758147193,0.0,0.0,,1.3416407864998674,,,,,,,,,,,,5
default,stable,XGB+Physical,2000.0,0.0,0.9876000000000001,,,,0.0124,,,,0.2777691276692408,0.25345372432019003,0.0,0.0,0.0,,0.0,,,,,,,,,,,,0.0,0.0,0.004098780306383847,,,,0.004098780306383839,,,,0.014089320489414076,0.03619062077305976,0.0,0.0,0.0,,0.0,,,,,,,,,,,,5
default,stable,Physically-Anchored-Adaptive,2000.0,0.0,0.9880000000000001,,,,0.012,,,,0.2976539248881321,0.329303535256957,0.21612614081644024,0.0,0.0,,1976.0,,,,,,,,,,,,0.0,0.0,0.0036912057650583356,,,,0.0036912057650583495,,,,0.01479608760259555,0.04247488015123367,0.089866758823403,0.0,0.0,,7.3824115301167,,,,,,,,,,,,5
default,stable,XGB+StaticProfile,2000.0,0.0,0.9974999999999999,,,,0.0025,,,,0.2777691276692408,0.25345372432019003,0.0,0.0,0.0,,0.0,,,,,,,,,,,,0.0,0.0,0.0019039432764659532,,,,0.001903943276465977,,,,0.014089320489414076,0.03619062077305976,0.0,0.0,0.0,,0.0,,,,,,,,,,,,5
default,stable,Anchored-Update-Only,2000.0,0.0,0.9978,,,,0.0021999999999999997,,,,0.2976539248881321,0.329303535256957,0.21612614081644024,0.0,0.0,,1976.0,,,,,,,,,,,,0.0,0.0,0.0006708203932499593,,,,0.000670820393249937,,,,0.01479608760259555,0.04247488015123367,0.089866758823403,0.0,0.0,,7.3824115301167,,,,,,,,,,,,5
default,stable,Physical-Only,2000.0,0.0,0.9901,,,,0.0099,,,,,,,,,,0.0,,,,,,,,,,,,0.0,0.0,0.004248529157249616,,,,0.004248529157249601,,,,,,,,,,0.0,,,,,,,,,,,,5
default,stable,Spatial-XGBoost,2000.0,0.0,0.9997,,,,0.00030000000000000003,,,,,,,,,,0.0,,,,,,,,,,,,0.0,0.0,0.0006708203932499189,,,,0.000670820393249937,,,,,,,,,,0.0,,,,,,,,,,,,5
default,stable,Sequential-Anchored,2000.0,0.0,0.9880000000000001,,,,0.012,,,,0.2976539248881321,0.329303535256957,0.21612614081644024,0.0,0.0,,1976.0,,,,,0.0,,0.0,,,,,0.0,0.0,0.0036912057650583356,,,,0.0036912057650583495,,,,0.01479608760259555,0.04247488015123367,0.089866758823403,0.0,0.0,,7.3824115301167,,,,,0.0,,0.0,,,,,5
default,stable,Sequential-Anchored+Rollback,2000.0,0.0,0.9880000000000001,,,,0.012,,,,0.2976539248881321,0.329303535256957,0.21612614081644024,0.0,0.0,,1976.0,,,,,0.0,,0.0,,,,,0.0,0.0,0.0036912057650583356,,,,0.0036912057650583495,,,,0.01479608760259555,0.04247488015123367,0.089866758823403,0.0,0.0,,7.3824115301167,,,,,0.0,,0.0,,,,,5
default,stable,Sequential-Anchored-Full,2000.0,0.0,0.9880000000000001,,,,0.012,,,,0.2976539248881321,0.329303535256957,0.21612614081644024,0.0,0.0,,1976.0,,,,,0.0,,0.0,,,,,0.0,0.0,0.0036912057650583356,,,,0.0036912057650583495,,,,0.01479608760259555,0.04247488015123367,0.089866758823403,0.0,0.0,,7.3824115301167,,,,,0.0,,0.0,,,,,5
default,stable,Physical-Only+Sequential,2000.0,0.0,0.9901,,,,0.0099,,,,,,,,,,0.0,,,,,0.0,,0.0,,,,,0.0,0.0,0.004248529157249616,,,,0.004248529157249601,,,,,,,,,,0.0,,,,,0.0,,0.0,,,,,5
default,stealthy_puea,Baseline-XGBoost,2000.0,229.0,0.42699999999999994,0.16110057855503043,0.9533249541439544,0.27555341960621316,0.6409172297026238,0.04667504585604566,0.7568050869521473,0.9533249541439544,,,,,,,0.0,3.4,0.821665241786849,,0.0,,,,,,,,0.0,12.884098726725126,0.007382411530116718,0.004274947102908704,0.03908000816864871,0.006252583994393029,0.008901295553661074,0.0390800081686487,0.10385937437036102,0.03908000816864871,,,,,,,0.0,3.4351128074635335,0.012283050286992428,,0.0,,,,,,,,5
default,stealthy_puea,Naive-Adaptive,2000.0,229.0,0.8854,0.5178205128205129,0.03572134662914207,0.06570160814857948,0.004618635840402304,0.9642786533708578,0.7795622388249037,0.03572134662914207,0.526873586562217,0.4437514714979097,10.033942688340494,0.20628503116700658,0.15058652274134193,0.9642786533708578,1983.8,63.0,0.00494525044248959,0.0,1.0,,,,,,,,0.0,12.884098726725126,0.006868405928597969,0.19211550225435514,0.021353156639418457,0.03826602313140833,0.0024961146676519804,0.021353156639418423,0.09526257483333077,0.021353156639418457,0.06732139556106707,0.1424375603021547,0.29726276073396823,0.012306320884324803,0.013126987422406202,0.021353156639418423,7.88669766125215,80.38345600930579,0.002735712451731906,0.0,0.0,,,,,,,,5
default,stealthy_puea,XGB+Physical,2000.0,229.0,0.47569999999999996,0.17930121939768698,1.0,0.30395937702620335,0.5920567370333851,0.0,0.8026256876086583,1.0,5.289386995089223,9.956210934279818,0.0,0.0,0.0,,0.0,0.0,0.7589549326933133,,0.0,,,,,,,,0.0,12.884098726725126,0.01173988926693945,0.011184751854591155,0.0,0.015956739431538695,0.010084170628737218,0.0,0.04544573880217565,0.0,0.1547179004305012,0.2953124167416548,0.0,0.0,0.0,,0.0,0.0,0.010762315013529498,,0.0,,,,,,,,5
default,stealthy_puea,Physically-Anchored-Adaptive,2000.0,229.0,0.984,0.8789850823789832,1.0,0.9349510461246489,0.018054266987513033,0.0,0.9999972571428571,1.0,0.5042879876032527,0.32093321896196325,10.0050641918636,0.0,0.0,0.0,1739.0,0.0,0.017480324322257455,0.0,1.0,,,,,,,,0.0,12.884098726725126,0.007656696415556767,0.05083283089365854,0.0,0.029783560243323032,0.008582734995561479,0.0,6.133215023998464e-06,0.0,0.03481116968922607,0.12465936410383674,0.24381869325669558,0.0,0.0,0.0,16.748134224444243,0.0,0.008647970604177345,0.0,0.0,,,,,,,,5
default,stealthy_puea,XGB+StaticProfile,2000.0,229.0,0.4668,0.1630193733317398,0.8872774644784605,0.2752765721592579,0.5872012770033871,0.11272253552153955,0.6844856630924074,0.8872774644784605,5.289386995089223,9.956210934279818,0.0,0.0,0.0,,0.0,61.6,0.7575025887205291,,0.0,,,,,,,,0.0,12.884098726725126,0.0048554093545240635,0.005283141361294082,0.0685603794013184,0.009194238766438238,0.008800921493246997,0.06856037940131844,0.03522065849958732,0.0685603794013184,0.1547179004305012,0.2953124167416548,0.0,0.0,0.0,,0.0,78.54489162256193,0.009755557348911308,,0.0,,,,,,,,5
default,stealthy_puea,Anchored-Update-Only,2000.0,229.0,0.9094,0.7037503546488747,0.268527031954383,0.3613432902701977,0.00654205918847843,0.7314729680456169,0.850239784891967,0.268527031954383,0.5042879876032527,0.32093321896196325,10.0050641918636,0.0,0.0,0.0,1739.0,62.2,0.007431253632500137,0.0,1.0,,,,,,,,0.0,12.884098726725126,0.03108134488724706,0.2249951028170389,0.24296571133233272,0.2990321502108003,0.0021151673306115146,0.24296571133233272,0.13716614496455798,0.24296571133233272,0.03481116968922607,0.12465936410383674,0.24381869325669558,0.0,0.0,0.0,16.748134224444243,79.52798249672878,0.002245246649713076,0.0,0.0,,,,,,,,5
default,stealthy_puea,Physical-Only,2000.0,229.0,0.9897,0.9191454896536848,1.0,0.9572971174371367,0.011624315422352987,0.0,0.9999972571428571,1.0,,,,,,,0.0,0.0,0.010193579360277549,0.0,1.0,,,,,,,,0.0,12.884098726725126,0.006861122357165809,0.049590267681517086,0.0,0.027693992327025675,0.007710684520727219,0.0,6.133215023998464e-06,0.0,,,,,,,0.0,0.0,0.007593228787355517,0.0,0.0,,,,,,,,5
default,stealthy_puea,Spatial-XGBoost,2000.0,229.0,0.8295999999999999,0.42349703057297816,0.9959189427312776,0.5884272645107893,0.19231702658726352,0.004081057268722467,0.9896632865304003,0.9959189427312776,,,,,,,0.0,0.0,0.24816133292434756,,0.0,,,,,,,,0.0,12.884098726725126,0.0713936271665756,0.10748401959634232,0.006930573670632477,0.10139985631777196,0.08129460555697668,0.006930573670632449,0.018337118286893887,0.006930573670632477,,,,,,,0.0,0.0,0.10522500604317442,,0.0,,,,,,,,5
default,stealthy_puea,Sequential-Anchored,2000.0,229.0,0.5138999999999999,0.1908005662961052,1.0,0.3203214573446918,0.548953357257253,0.0,0.89621633706879,1.0,4.968392818648834,9.515616044317305,0.49058203071421336,0.0,0.0,0.0,507.0,0.0,0.7032888400332562,,0.0,0.0,0.0,0.0,,,,,0.0,12.884098726725126,0.021884355142429947,0.012049875673676111,0.0,0.016822070404915415,0.0242996277089799,0.0,0.07559495900346516,0.0,0.1946841496014961,0.3361968818871038,0.1680179512198709,0.0,0.0,0.0,9.772410142846033,0.0,0.031015396677844125,,0.0,0.0,0.0,0.0,,,,,5
default,stealthy_puea,Sequential-Anchored+Rollback,2000.0,229.0,0.5084,0.18902726992279847,1.0,0.317832239970259,0.5551710616034365,0.0,0.8863656319292573,1.0,5.048775111472247,9.625339394805987,0.3908299972228013,0.0,0.0,0.0,507.0,0.0,0.711323296334645,,0.0,0.0,0.0,4.0,,,,,0.0,12.884098726725126,0.020166184567240297,0.01129746063126233,0.0,0.015860143911845776,0.022488148878381825,0.0,0.07619729625106147,0.0,0.1767380764595136,0.2965800947715806,0.132556650331706,0.0,0.0,0.0,9.772410142846033,0.0,0.028106648982112754,,0.0,0.0,0.0,2.0,,,,,5
default,stealthy_puea,Sequential-Anchored-Full,2000.0,229.0,0.9788,0.845471537638414,1.0,0.9156187969646516,0.02392995826724991,0.0,1.0,1.0,0.5189794178989191,0.32081343064694845,10.006463869077416,0.0,0.0,0.0,1721.6,0.0,0.02507165827378314,0.0,1.0,0.0,0.0,4.0,,,,,0.0,12.884098726725126,0.008074651695274559,0.04953594456094003,0.0,0.030146804681969366,0.009048974828873695,0.0,0.0,0.0,0.03414421548996661,0.11840394948812125,0.24495110864392083,0.0,0.0,0.0,17.84096409950984,0.0,0.009216022101659043,0.0,0.0,0.0,0.0,2.0,,,,,5
default,stealthy_puea,Physical-Only+Sequential,2000.0,229.0,0.9842000000000001,0.88048757019866,1.0,0.935856760387811,0.017837212231360235,0.0,1.0,1.0,,,,,,,0.0,0.0,0.018219907309629135,0.0,1.0,0.0,0.0,0.0,,,,,0.0,12.884098726725126,0.0073620649277223865,0.04872402876703706,0.0,0.02843142651972078,0.008270238800482093,0.0,0.0,0.0,,,,,,,0.0,0.0,0.008257175090947144,0.0,0.0,0.0,0.0,0.0,,,,,5
weak_anchor,basic_puea,Baseline-XGBoost,2000.0,447.8,0.917,0.7317672443860417,0.9986587366694012,0.843991892327348,0.10652653441691065,0.0013412633305988513,0.9990504370163713,0.9986587366694012,,,,,,,0.0,0.0,,,,,,,,,,,0.0,14.788509052639487,0.017822036920621603,0.046982958917040636,0.001966668046624985,0.03064759665158328,0.02258655357538517,0.0019666680466249916,0.001120279374403094,0.001966668046624985,,,,,,,0.0,0.0,,,,,,,,,,,5
weak_anchor,basic_puea,Naive-Adaptive,2000.0,447.8,0.8452,0.804743411927878,0.31140294189555057,0.36556506153310453,0.0015489889685915545,0.6885970581044495,0.8310011680638221,0.31140294189555057,0.940914639571905,1.3707548263933598,1.4051238444868144,0.293661688624959,0.2395155659664246,0.6885970581044495,1857.0,2.0,,,,,,,,,,,0.0,14.788509052639487,0.09548337551636935,0.3001364665386881,0.42099362034754045,0.429540981172987,0.001345910850805743,0.42099362034754045,0.11400432751628137,0.42099362034754045,0.3724909741070395,0.5931293118194331,0.6806945192343624,0.14994189236540217,0.1349819219811402,0.42099362034754045,190.3825097008651,4.47213595499958,,,,,,,,,,,5
weak_anchor,basic_puea,XGB+Physical,2000.0,447.8,0.9888999999999999,0.9528006031775567,1.0,0.9757428034801725,0.014280093826927142,0.0,0.9999740043948762,1.0,0.29603048112394853,0.2930516140028355,0.0,0.0,0.0,,0.0,0.0,,,,,,,,,,,0.0,14.788509052639487,0.004735504197020625,0.020093396314642967,0.0,0.010580081794098832,0.006019416892473667,0.0,3.927069404234372e-05,0.0,0.040405013165856235,0.08004475370606472,0.0,0.0,0.0,,0.0,0.0,,,,,,,,,,,5
weak_anchor,basic_puea,Physically-Anchored-Adaptive,2000.0,447.8,0.9891,0.953702342851547,1.0,0.9762143817177,0.014030120363535504,0.0,0.9999784435661144,1.0,0.30939254346450035,0.29273662495147645,0.24547373682228205,0.0,0.0,0.0,1530.4,0.0,,,,,,,,,,,0.0,14.788509052639487,0.004827007354458879,0.020254395733289663,0.0,0.010637366416824643,0.006165675670233118,0.0,2.9593995710449513e-05,0.0,0.02097800942108624,0.06027337325363623,0.07012747749750095,0.0,0.0,0.0,14.741099009232673,0.0,,,,,,,,,,,5
weak_anchor,basic_puea,XGB+StaticProfile,2000.0,447.8,0.9755,0.9907732723500796,0.8990840550362897,0.9408423697073939,0.002315476374893076,0.10091594496371041,0.9975766415050058,0.8990840550362897,0.29603048112394853,0.2930516140028355,0.0,0.0,0.0,,0.0,2.0,,,,,,,,,,,0.0,14.788509052639487,0.0219288622595884,0.005447601947124089,0.0930212961762995,0.05291643061457612,0.0013325219202853214,0.09302129617629952,0.0022064314516656693,0.0930212961762995,0.040405013165856235,0.08004475370606472,0.0,0.0,0.0,,0.0,4.47213595499958,,,,,,,,,,,5
weak_anchor,basic_puea,Anchored-Update-Only,2000.0,447.8,0.9715999999999999,0.9919077845752989,0.8795052791591855,0.9301049511604933,0.0019356327816313066,0.12049472084081451,0.9972860127299953,0.8795052791591855,0.30939254346450035,0.29273662495147645,0.24547373682228205,0.0,0.0,0.0,1530.4,2.0,,,,,,,,,,,0.0,14.788509052639487,0.024174883660526718,0.006942364002804498,0.10270974566843609,0.05980950024442177,0.0016549589244884812,0.10270974566843609,0.0026261442993624757,0.10270974566843609,0.02097800942108624,0.06027337325363623,0.07012747749750095,0.0,0.0,0.0,14.741099009232673,4.47213595499958,,,,,,,,,,,5
weak_anchor,basic_puea,Physical-Only,2000.0,447.8,0.9905000000000002,0.9597300258909215,0.9995283018867924,0.9791540988665695,0.012094487581904198,0.0004716981132075472,0.999918829092714,0.9995283018867924,,,,,,,0.0,0.0,,,,,,,,,,,0.0,14.788509052639487,0.0045414755311462265,0.01887975045265219,0.001054749045990448,0.010177733557976302,0.00562056841955645,0.0010547490459904669,0.00010249752631774728,0.001054749045990448,,,,,,,0.0,0.0,,,,,,,,,,,5
weak_anchor,basic_puea,Spatial-XGBoost,2000.0,447.8,0.9880000000000001,0.9490655314055925,1.0,0.9737947334821768,0.015435908847697868,0.0,1.0,1.0,,,,,,,0.0,0.0,,,,,,,,,,,0.0,14.788509052639487,0.004227883631321933,0.018378082758495784,0.0,0.009611807155527192,0.005357174605278678,0.0,0.0,0.0,,,,,,,0.0,0.0,,,,,,,,,,,5
weak_anchor,basic_puea,Sequential-Anchored,2000.0,447.8,0.9891,0.9536537663856371,1.0,0.9761893946409896,0.014025903598477978,0.0,0.9999770654275032,1.0,0.3144092309798965,0.32927616636388635,0.22574477446492938,0.0,0.0,0.0,589.4,0.0,,,,0.0,52.4,0.0,,,,,0.0,14.788509052639487,0.004774934554525314,0.020193630242773965,0.0,0.010612659422467745,0.006082555454051301,0.0,3.234399868046532e-05,0.0,0.028632341708126872,0.058721321004070286,0.08139608546452326,0.0,0.0,0.0,149.81254954108485,0.0,,,,0.0,63.27163661546934,0.0,,,,,5
weak_anchor,basic_puea,Sequential-Anchored+Rollback,2000.0,447.8,0.9892,0.9540624804785617,1.0,0.9764086520616123,0.01389900004517849,0.0,0.9999779929213917,1.0,0.316440013364783,0.2999115031760916,0.2535385393692452,0.0,0.0,0.0,589.2,0.0,,,,0.0,52.4,5.0,,,,,0.0,14.788509052639487,0.0046448896649974505,0.019602795940431208,0.0,0.010295049592017953,0.005923347127005311,0.0,3.221532843226379e-05,0.0,0.018558142906048625,0.0780617338548412,0.06737374781240273,0.0,0.0,0.0,149.37436192332336,0.0,,,,0.0,63.27163661546934,6.3639610306789285,,,,,5
weak_anchor,basic_puea,Sequential-Anchored-Full,2000.0,447.8,0.9848000000000001,0.9367964057856737,1.0,0.9672371314657667,0.019580061645940713,0.0,0.9999958097883344,1.0,0.3106126187588838,0.29769820658187507,0.2668955218348463,0.0,0.0,0.0,1518.2,0.0,,,,0.0,52.4,5.0,,,,,0.0,14.788509052639487,0.006027022482121676,0.024322737229817173,0.0,0.012921185114022637,0.007734658458206693,0.0,9.369598124301288e-06,0.0,0.01655815665879901,0.054798819646418695,0.04717984144835637,0.0,0.0,0.0,20.897368255356945,0.0,,,,0.0,63.27163661546934,6.3639610306789285,,,,,5
weak_anchor,basic_puea,Physical-Only+Sequential,2000.0,447.8,0.9864,0.943031594503327,1.0,0.9705694449560367,0.017517525311009915,0.0,0.9999874387061265,1.0,,,,,,,0.0,0.0,,,,0.0,52.4,0.0,,,,,0.0,14.788509052639487,0.005538501602419171,0.022619738795493366,0.0,0.011941885773056394,0.0071090752429841956,0.0,2.728466808804315e-05,0.0,,,,,,,0.0,0.0,,,,0.0,63.27163661546934,0.0,,,,,5
weak_anchor,combined_drift,Baseline-XGBoost,2000.0,0.0,0.7203999999999999,,,,0.27959999999999996,,,,,,,,,,0.0,,0.32275,,0.0,,,,,,,,0.0,0.0,0.06508974573617568,,,,0.06508974573617568,,,,,,,,,,0.0,,0.08547957541132267,,0.0,,,,,,,,5
weak_anchor,combined_drift,Naive-Adaptive,2000.0,0.0,0.9963000000000001,,,,0.0036999999999999997,,,,1.2526355201391681,0.3386896926427833,44.6769546487575,0.0,0.0,,1992.6,,0.0043749999999999995,0.0,1.0,,,,,,,,0.0,0.0,0.0012549900398011054,,,,0.0012549900398011132,,,,0.08046971225413355,0.07458394245137057,2.368141187073745,0.0,0.0,,2.509980079602223,,0.0014657549249448218,0.0,0.0,,,,,,,,5
weak_anchor,combined_drift,XGB+Physical,2000.0,0.0,0.7388,,,,0.2612,,,,23.492690394141423,44.66125134284861,0.0,0.0,0.0,,0.0,,0.323875,,0.0,,,,,,,,0.0,0.0,0.07121586901807771,,,,0.07121586901807771,,,,1.2968777872840274,2.505968895731902,0.0,0.0,0.0,,0.0,,0.08880763973330223,,0.0,,,,,,,,5
weak_anchor,combined_drift,Physically-Anchored-Adaptive,2000.0,0.0,0.9849,,,,0.015099999999999999,,,,1.2780223789096996,0.34265549410487506,44.67293410133023,0.0,0.0,,1969.8,,0.016625,0.0,1.0,,,,,,,,0.0,0.0,0.0057271284253105235,,,,0.005727128425310542,,,,0.08353933098266955,0.0782063824669516,2.3638917299446294,0.0,0.0,,11.454256850621077,,0.007051706353784167,0.0,0.0,,,,,,,,5
weak_anchor,combined_drift,XGB+StaticProfile,2000.0,0.0,0.7464999999999999,,,,0.2535,,,,23.492690394141423,44.66125134284861,0.0,0.0,0.0,,0.0,,0.31625,,0.0,,,,,,,,0.0,0.0,0.06794391069109873,,,,0.06794391069109874,,,,1.2968777872840274,2.505968895731902,0.0,0.0,0.0,,0.0,,0.08504479518171586,,0.0,,,,,,,,5
weak_anchor,combined_drift,Anchored-Update-Only,2000.0,0.0,0.9963000000000001,,,,0.0036999999999999997,,,,1.2780223789096996,0.34265549410487506,44.67293410133023,0.0,0.0,,1969.8,,0.0043749999999999995,0.0,1.0,,,,,,,,0.0,0.0,0.0012549900398011054,,,,0.0012549900398011132,,,,0.08353933098266955,0.0782063824669516,2.3638917299446294,0.0,0.0,,11.454256850621077,,0.0014657549249448218,0.0,0.0,,,,,,,,5
weak_anchor,combined_drift,Physical-Only,2000.0,0.0,0.9884999999999999,,,,0.0115,,,,,,,,,,0.0,,0.012375,0.0,1.0,,,,,,,,0.0,0.0,0.005135659646043561,,,,0.005135659646043534,,,,,,,,,,0.0,,0.006209242103509896,0.0,0.0,,,,,,,,5
weak_anchor,combined_drift,Spatial-XGBoost,2000.0,0.0,0.9404,,,,0.0596,,,,,,,,,,0.0,,0.072,973.3333333333334,0.6,,,,,,,,0.0,0.0,0.02477498738647513,,,,0.024774987386475093,,,,,,,,,,0.0,,0.02938962401937119,845.4338136917244,0.5477225575051662,,,,,,,,5
weak_anchor,combined_drift,Sequential-Anchored,2000.0,0.0,0.9849,,,,0.015099999999999999,,,,1.2780223789096996,0.34265549410487506,44.67293410133023,0.0,0.0,,1969.8,,0.016625,0.0,1.0,0.0,,0.0,,,,,0.0,0.0,0.0057271284253105235,,,,0.005727128425310542,,,,0.08353933098266955,0.0782063824669516,2.3638917299446294,0.0,0.0,,11.454256850621077,,0.007051706353784167,0.0,0.0,0.0,,0.0,,,,,5
weak_anchor,combined_drift,Sequential-Anchored+Rollback,2000.0,0.0,0.9849,,,,0.015099999999999999,,,,1.2780223789096996,0.34265549410487506,44.67293410133023,0.0,0.0,,1969.8,,0.016625,0.0,1.0,0.0,,0.0,,,,,0.0,0.0,0.0057271284253105235,,,,0.005727128425310542,,,,0.08353933098266955,0.0782063824669516,2.3638917299446294,0.0,0.0,,11.454256850621077,,0.007051706353784167,0.0,0.0,0.0,,0.0,,,,,5
weak_anchor,combined_drift,Sequential-Anchored-Full,2000.0,0.0,0.9849,,,,0.015099999999999999,,,,1.2780223789096996,0.34265549410487506,44.67293410133023,0.0,0.0,,1969.8,,0.016625,0.0,1.0,0.0,,0.0,,,,,0.0,0.0,0.0057271284253105235,,,,0.005727128425310542,,,,0.08353933098266955,0.0782063824669516,2.3638917299446294,0.0,0.0,,11.454256850621077,,0.007051706353784167,0.0,0.0,0.0,,0.0,,,,,5
weak_anchor,combined_drift,Physical-Only+Sequential,2000.0,0.0,0.9884999999999999,,,,0.0115,,,,,,,,,,0.0,,0.012375,0.0,1.0,0.0,,0.0,,,,,0.0,0.0,0.005135659646043561,,,,0.005135659646043534,,,,,,,,,,0.0,,0.006209242103509896,0.0,0.0,0.0,,0.0,,,,,5
weak_anchor,gradual_puea,Baseline-XGBoost,2000.0,457.8,0.8245000000000001,0.6189627491958326,0.5699150088918518,0.5918106968338321,0.10062055107284851,0.43008499110814824,0.805995655862473,0.5699150088918518,,,,,,,0.0,3.4,,,,,,,,,,,0.0,26.565014586858407,0.03842037220017528,0.09684409099613049,0.13757038577759786,0.11859054143309034,0.015624229197587026,0.13757038577759792,0.08467956622758585,0.13757038577759786,,,,,,,0.0,7.602631123499285,,,,,,,,,,,5
weak_anchor,gradual_puea,Naive-Adaptive,2000.0,457.8,0.7721,0.6452380952380952,0.011321684962250935,0.027508301422928344,0.0019225729786994748,0.9886783150377492,0.6881045987178721,0.011321684962250935,0.6047037456907813,0.41894527119902014,0.33271629516249684,0.39134649296057333,0.31933748905379983,0.9886783150377492,1992.0,10.25,,,,,,,,,,,0.0,26.565014586858407,0.013772254717365644,0.05573666624152201,0.009553561463545397,0.015820540641364744,0.0017953605766099937,0.009553561463545406,0.08570265653012483,0.009553561463545397,0.09540383676404048,0.09803706011213462,0.13087491703098847,0.02409908775350578,0.04922101166558141,0.009553561463545406,6.855654600401044,13.475286020464774,,,,,,,,,,,5
weak_anchor,gradual_puea,XGB+Physical,2000.0,457.8,0.9339000000000001,0.9348491444630909,0.7605907468995498,0.8363503078080787,0.015434590796917594,0.23940925310045022,0.9502721371439558,0.7605907468995498,0.2979322184573866,0.2878765432651004,0.0,0.0,0.0,,0.0,0.0,,,,,,,,,,,0.0,26.565014586858407,0.02228620649639591,0.022240495282670292,0.10027736919245973,0.06825986007238014,0.004784953232173473,0.1002773691924597,0.03826608639753577,0.10027736919245973,0.025396320015378077,0.058031115913134715,0.0,0.0,0.0,,0.0,0.0,,,,,,,,,,,5
weak_anchor,gradual_puea,Physically-Anchored-Adaptive,2000.0,457.8,0.9339999999999999,0.9359677540391942,0.7601567153728817,0.8365056796468439,0.015172362030111042,0.23984328462711835,0.9509281502345079,0.7601567153728817,0.32477474144490237,0.3327938938376457,0.24499943716961609,0.277323535590837,0.251562229422017,0.23984328462711835,1627.4,0.0,,,,,,,,,,,0.0,26.565014586858407,0.021263231174964897,0.018143503177073278,0.09888416747590163,0.0661859924890004,0.003828211228973432,0.0988841674759016,0.037405067923817543,0.09888416747590163,0.027422932254072278,0.05219763251375936,0.059188769882393716,0.08512726116893178,0.08607776448066487,0.0988841674759016,57.89473205741605,0.0,,,,,,,,,,,5
weak_anchor,gradual_puea,XGB+StaticProfile,2000.0,457.8,0.7917,0.8944817927170868,0.1014284386378967,0.17884622238083805,0.002828179971007779,0.8985715613621034,0.7827749063432896,0.1014284386378967,0.2979322184573866,0.2878765432651004,0.0,0.0,0.0,,0.0,11.4,,,,,,,,,,,0.0,26.565014586858407,0.021606133388461703,0.10272006971352542,0.056025088872960024,0.08955997028126236,0.002332031972926906,0.05602508887295998,0.08188382969861166,0.056025088872960024,0.025396320015378077,0.058031115913134715,0.0,0.0,0.0,,0.0,12.074767078498866,,,,,,,,,,,5
weak_anchor,gradual_puea,Anchored-Update-Only,2000.0,457.8,0.7878000000000001,0.8983247105198325,0.08213770046688947,0.1484986559395097,0.0024377460759961007,0.9178622995331105,0.7749252735095518,0.08213770046688947,0.32477474144490237,0.3327938938376457,0.24499943716961609,0.277323535590837,0.251562229422017,0.23984328462711835,1627.4,11.6,,,,,,,,,,,0.0,26.565014586858407,0.016983815825661795,0.09090415009965047,0.040657668689594126,0.0680542566064687,0.0022186796130084395,0.04065766868959418,0.08297715092428763,0.040657668689594126,0.027422932254072278,0.05219763251375936,0.059188769882393716,0.08512726116893178,0.08607776448066487,0.0988841674759016,57.89473205741605,11.802542099056458,,,,,,,,,,,5
weak_anchor,gradual_puea,Physical-Only,2000.0,457.8,0.9352,0.9456822977061128,0.7574165210119903,0.8384323711555963,0.012861278398700124,0.24258347898800964,0.953970658808414,0.7574165210119903,,,,,,,0.0,0.0,,,,,,,,,,,0.0,26.565014586858407,0.021167782122839412,0.017569264323204253,0.09998021387647059,0.06611196827906889,0.004245511335971946,0.09998021387647059,0.0346092431482231,0.09998021387647059,,,,,,,0.0,0.0,,,,,,,,,,,5
weak_anchor,gradual_puea,Spatial-XGBoost,2000.0,457.8,0.9480000000000001,0.9436939663007375,0.8176696725512042,0.8752384250295814,0.013968617423115995,0.18233032744879596,0.9581902926809441,0.8176696725512042,,,,,,,0.0,0.0,,,,,,,,,,,0.0,26.565014586858407,0.019811612756158965,0.02326791078043466,0.07731890764763873,0.053671477762023294,0.0048308270440092374,0.07731890764763877,0.03394372562356578,0.07731890764763873,,,,,,,0.0,0.0,,,,,,,,,,,5
weak_anchor,gradual_puea,Sequential-Anchored,2000.0,457.8,0.9342,0.9372778208332886,0.7601362014450043,0.8368552669088863,0.014919037140940682,0.23986379855499568,0.9507187095526446,0.7601362014450043,0.3179373906565023,0.32769951816021103,0.2564914603626041,0.04515818759677876,0.04454791370138718,0.0136085774047982,657.6,0.0,,,,0.0,71.2,0.0,,,,,0.0,26.565014586858407,0.021209078244940293,0.018131046443730446,0.09995568733607767,0.06622972507411737,0.004118775057330847,0.09995568733607765,0.03764870390338234,0.09995568733607767,0.04557942115521459,0.07519873921487416,0.075655617241911,0.0803770724420277,0.07958614295159808,0.021448165203966384,214.10581496073385,0.0,,,,0.0,124.58210144318485,0.0,,,,,5
weak_anchor,gradual_puea,Sequential-Anchored+Rollback,2000.0,457.8,0.9346,0.9388133611137531,0.7606112608274271,0.8378197403510903,0.01453199331170221,0.23938873917257286,0.9508882499944121,0.7606112608274271,0.298127442232347,0.30936533235037134,0.25770607965343706,0.04169291443709386,0.035509897903867084,0.0136085774047982,657.6,0.0,,,,0.0,71.2,5.0,,,,,0.0,26.565014586858407,0.02107545966284007,0.016694037572336187,0.09919618925556332,0.0657223839452364,0.003718254442870635,0.09919618925556332,0.03756203967452491,0.09919618925556332,0.02667220713076035,0.08343464393842137,0.07573551948408498,0.0779750883619106,0.07940254558712409,0.021448165203966384,214.10581496073385,0.0,,,,0.0,124.58210144318485,5.0990195135927845,,,,,5
weak_anchor,gradual_puea,Sequential-Anchored-Full,2000.0,457.8,0.9484999999999999,0.926281058225473,0.8385001552233993,0.8780938247087772,0.01958770150576374,0.16149984477660073,0.955700124968606,0.8385001552233993,0.31244304574732973,0.27590436843103466,0.1911091702239385,0.1922243554671677,0.14718606431447873,0.16149984477660073,1580.4,0.0,,,,0.0,71.2,5.0,,,,,0.0,26.565014586858407,0.022133119978891364,0.019150935583604648,0.09887431023308772,0.06057549422947952,0.004761535541707024,0.09887431023308774,0.036915398686524284,0.09887431023308772,0.024006111731150772,0.016297378921962855,0.02532582875989855,0.07753318065841938,0.05054764011128991,0.09887431023308774,64.94844108983679,0.0,,,,0.0,124.58210144318485,5.0990195135927845,,,,,5
weak_anchor,gradual_puea,Physical-Only+Sequential,2000.0,457.8,0.9498,0.9346745944556932,0.8361864000949172,0.880453771792779,0.017275075190732868,0.16381359990508268,0.9579506721517965,0.8361864000949172,,,,,,,0.0,0.0,,,,0.0,71.2,0.0,,,,,0.0,26.565014586858407,0.02207260745811425,0.018272585954690675,0.09940325160819155,0.06050695995880217,0.004905368444535765,0.09940325160819154,0.03426693815880079,0.09940325160819155,,,,,,,0.0,0.0,,,,0.0,124.58210144318485,0.0,,,,,5
weak_anchor,near_pu_poisoning,Baseline-XGBoost,2000.0,514.2,0.7984,0.633618929670547,0.5152316391573776,0.5679762071860492,0.10368896224981614,0.4847683608426224,0.7635256057375527,0.5152316391573776,,,,,,,0.0,21.6,,,,,,,0.31728139793929266,0.9883995612366953,0.5320000000000018,,0.0,12.597618822618813,0.00973010791307068,0.02685271253318822,0.011443714278263493,0.009608530465467079,0.01415350036734032,0.011443714278263463,0.02327989195414184,0.011443714278263493,,,,,,,0.0,20.935615586841482,,,,,,,0.004331549035237569,0.0129486202255161,0.09859006035092946,,5
weak_anchor,near_pu_poisoning,Naive-Adaptive,2000.0,514.2,0.7457,0.8966666666666667,0.012953978755188134,0.025401582704789927,0.0006659135928624406,0.9870460212448119,0.811287070163775,0.012953978755188134,1.1248774824700405,1.4255667550629247,1.3892931254037522,0.3888431285548955,0.2947263635683939,0.9870460212448119,1992.4,76.4,,,,,,,0.015530739395005325,0.0068498168498168505,1.0,0.30917465259688426,0.0,12.597618822618813,0.007129165449054965,0.1416176385749867,0.008139536441632676,0.0157282137759077,0.001148591671503214,0.008139536441632749,0.0434037630324366,0.008139536441632676,0.03231590296463724,0.07535341145994393,0.19643396787396894,0.006973537557503805,0.032490499679166965,0.008139536441632749,5.128352561983224,52.96036253652348,,,,,,,0.007685195923524404,0.009860898387953138,0.0,0.04602594139282735,5
weak_anchor,near_pu_poisoning,XGB+Physical,2000.0,514.2,0.8446,0.9114267514816221,0.4388298749675802,0.5919914560137414,0.014934881992156906,0.5611701250324198,0.9047606143657829,0.4388298749675802,0.30046452538844426,0.2370800546033487,0.0,0.0,0.0,,0.0,42.0,,,,,,,0.29962843712151194,0.7727529400455,0.8680000000000005,0.0,0.0,12.597618822618813,0.00853229160308061,0.038527893195943484,0.022728112483890946,0.022344478289337368,0.006782896777085802,0.022728112483890957,0.005299696683950705,0.022728112483890946,0.03082038490134752,0.04535673936576657,0.0,0.0,0.0,,0.0,24.889756929307286,,,,,,,0.0036425626916178943,0.07550644953680402,0.0626099033699942,0.0,5
weak_anchor,near_pu_poisoning,Physically-Anchored-Adaptive,2000.0,514.2,0.7631,0.7213893722863822,0.11370019267627274,0.18847017069615357,0.012106436439475204,0.8862998073237274,0.7797929700792239,0.11370019267627274,1.0315976657299495,1.3051088450558102,1.2636239194378698,0.35563060103116806,0.2680971336935142,0.8862998073237274,1923.6,33.4,,,,,,,0.1105412521201995,0.12087274759032966,1.0,0.2857766351497899,0.0,12.597618822618813,0.024577428669411282,0.16173458292828444,0.09447461798331476,0.1377372648214329,0.005775179528830773,0.09447461798331476,0.06393282874165118,0.09447461798331476,0.12126685469616572,0.12975972815509307,0.1411427070369866,0.034151986810217826,0.032339769053464314,0.09447461798331476,51.91627875724533,33.9087009482817,,,,,,,0.09088472342048094,0.10582198246291362,0.0,0.05234773684209703,5
weak_anchor,near_pu_poisoning,XGB+StaticProfile,2000.0,514.2,0.8509,0.9761055816563691,0.4306786174062062,0.5973921188234437,0.003629220912233288,0.5693213825937937,0.933434721576206,0.4306786174062062,0.30046452538844426,0.2370800546033487,0.0,0.0,0.0,,0.0,58.4,,,,,,,0.2979897644163572,0.7492926418970854,0.9000000000000004,0.0,0.0,12.597618822618813,0.00736036683868405,0.010980277466449764,0.022211763305587964,0.021850049740947418,0.0016033288274531654,0.022211763305588036,0.017145997806255985,0.022211763305587964,0.03082038490134752,0.04535673936576657,0.0,0.0,0.0,,0.0,15.485477067239485,,,,,,,0.0030368757611834137,0.07505810336402366,0.06480740698407839,0.0,5
weak_anchor,near_pu_poisoning,Anchored-Update-Only,2000.0,514.2,0.7457,0.8928571428571429,0.01293059933412565,0.02539862871809635,0.0006659135928624406,0.9870694006658743,0.8201065422287968,0.01293059933412565,1.05009581977338,1.3053345216665604,1.263763242106634,0.35531441576929945,0.2680934284350045,0.883976921767837,1922.4,81.6,,,,,,,0.014937641485425418,0.008107678485036976,1.0,0.2854456569103737,0.0,12.597618822618813,0.006787856804618059,0.14725377234348785,0.006507878260526821,0.012586837893712415,0.001148591671503214,0.006507878260526882,0.04882125456734507,0.006507878260526821,0.1056183462061367,0.12954885376538935,0.14114492663311567,0.034721399468680976,0.032343274745572026,0.10203842385592322,55.93567734460719,55.82830823157728,,,,,,,0.005875418605258436,0.009143746055373452,0.0,0.05292260361433212,5
weak_anchor,near_pu_poisoning,Physical-Only,2000.0,514.2,0.7605999999999999,0.6785081699346406,0.1019824101050417,0.1688528499548821,0.011440522846612764,0.8980175898949583,0.6980650353602076,0.1019824101050417,,,,,,,0.0,124.2,,,,,,,0.0967399742711377,0.11419364053386412,1.0,,0.0,12.597618822618813,0.02547400635942454,0.17559187276284244,0.0991068219137039,0.1473836838415164,0.005246966486517154,0.0991068219137039,0.09132578126096737,0.0991068219137039,,,,,,,0.0,163.1048742374059,,,,,,,0.09733623981084642,0.10519622576139274,0.0,,5
weak_anchor,near_pu_poisoning,Spatial-XGBoost,2000.0,514.2,0.8365,0.9005761891096877,0.40985437341057074,0.5629185481563478,0.01574195319292249,0.5901456265894293,0.9061691998626706,0.40985437341057074,,,,,,,0.0,90.4,,,,,,,0.29578786313204597,0.6858107065387754,0.9280000000000003,,0.0,12.597618822618813,0.008253787009609574,0.024512812442297215,0.022662361090934755,0.021282916638301275,0.0042729712792529745,0.0226623610909348,0.012191444845332373,0.022662361090934755,,,,,,,0.0,29.254059547351712,,,,,,,0.0032676387120791554,0.08848629235378747,0.07563068160475592,,5
weak_anchor,near_pu_poisoning,Sequential-Anchored,2000.0,514.2,0.7819,0.8062012312041066,0.18748718350334576,0.28518973849945295,0.012506823564000258,0.8125128164966542,0.8487133829104462,0.18748718350334576,0.636188051236506,0.7535266020265112,0.7186949252792991,0.2310633123507145,0.21958036656360944,0.1025118464039054,479.2,33.4,,,,0.0,179.2,0.0,0.1495758152025465,0.2738854991567702,0.9800000000000001,0.21958036656360944,0.0,12.597618822618813,0.03711367672435598,0.0620763620923311,0.15442928837752412,0.1965835223751272,0.00607745600862664,0.1544292883775241,0.05187769543948569,0.15442928837752412,0.2643056178784932,0.332399944944008,0.334121164494159,0.09589334209599282,0.09061368310830857,0.0584622860675497,116.15808194008714,33.9087009482817,,,,0.0,111.54236863183425,0.0,0.09663187148478702,0.28727444518764494,0.04472135954999552,0.09061368310830857,5
weak_anchor,near_pu_poisoning,Sequential-Anchored+Rollback,2000.0,514.2,0.8327,0.9064262020474775,0.38808099845930955,0.542107387042143,0.013721904145015099,0.6119190015406903,0.9072418090780511,0.38808099845930955,0.32745407221439127,0.3092469347024557,0.25760542176306095,0.22277931890297814,0.07901716384540866,0.10638031835748374,490.6,33.4,,,,0.0,179.2,3.4,0.2869061892503721,0.6262397825276459,0.9720000000000002,0.07901716384540866,0.0,12.597618822618813,0.012427791436936838,0.04971424250563327,0.05342837721572583,0.058093951812077216,0.007142908037995356,0.053428377215725846,0.006969155921819688,0.05342837721572583,0.03408791455932101,0.06966387615784647,0.06725204590359297,0.09404700355387922,0.08199009041623535,0.06425500521954257,134.95295476572568,33.9087009482817,,,,0.0,111.54236863183425,3.5777087639996634,0.014605754938431996,0.1386841080879091,0.03898717737923553,0.08199009041623535,5
weak_anchor,near_pu_poisoning,Sequential-Anchored-Full,2000.0,514.2,0.7881,0.7872704051148929,0.23561530563853567,0.3535936993472013,0.020721796487900356,0.7643846943614643,0.8368446864143092,0.23561530563853567,0.6350940834709972,0.7845971991583987,0.7380853181761686,0.26494082120560736,0.15828766528479019,0.7636154635922335,1846.8,33.4,,,,0.0,179.2,3.8,0.20673061075069388,0.3026166461559644,0.9240000000000006,0.20414248069430183,0.0,12.597618822618813,0.029409607273814455,0.09074968873872773,0.11575210389321836,0.13601815150545155,0.008223214645679046,0.11575210389321841,0.03637534041993499,0.11575210389321836,0.1800163058375599,0.28730233391521515,0.2537516489032786,0.04282142003769559,0.06416193620294382,0.11734311950749675,66.4469713380527,33.9087009482817,,,,0.0,111.54236863183425,4.381780460041329,0.06724122474160123,0.2310188038633461,0.1699411662899826,0.04224227933729182,5
weak_anchor,near_pu_poisoning,Physical-Only+Sequential,2000.0,514.2,0.7824,0.7636825800416739,0.21079665471948936,0.3197239492975856,0.01978702607042091,0.7892033452805107,0.7909674547918999,0.21079665471948936,,,,,,,0.0,62.0,,,,0.0,163.0,0.0,0.17974828085631409,0.2833347331004664,0.9240000000000006,,0.0,12.597618822618813,0.03117972097373545,0.08522576480846612,0.12393273761771291,0.15471660293887496,0.006722865177319413,0.12393273761771291,0.049418647168871274,0.12393273761771291,,,,,,,0.0,42.62041764225217,,,,0.0,113.62438118643375,0.0,0.08881449457286886,0.20861770978449243,0.1699411662899826,,5
weak_anchor,noise_drift,Baseline-XGBoost,2000.0,0.0,0.7398,,,,0.2602,,,,,,,,,,0.0,,0.300375,1580.0,0.2,,,,,,,,0.0,0.0,0.09217076543025994,,,,0.09217076543025994,,,,,,,,,,0.0,,0.11842109055189452,,0.447213595499958,,,,,,,,5
weak_anchor,noise_drift,Naive-Adaptive,2000.0,0.0,0.9973000000000001,,,,0.0027,,,,1.592553823219904,0.27011871808216925,59.292327921416074,0.0,0.0,,1994.6,,0.002875,0.0,1.0,,,,,,,,0.0,0.0,0.002079663434308522,,,,0.002079663434308542,,,,0.07616042813600715,0.04991464411368756,3.295570019391388,0.0,0.0,,4.159326868617084,,0.0019059938352471134,0.0,0.0,,,,,,,,5
weak_anchor,noise_drift,XGB+Physical,2000.0,0.0,0.7557,,,,0.24430000000000002,,,,31.21417281548556,59.27147319912342,0.0,0.0,0.0,,0.0,,0.3025,,0.0,,,,,,,,0.0,0.0,0.09349104235166063,,,,0.09349104235166063,,,,1.7096007688407004,3.268500059441982,0.0,0.0,0.0,,0.0,,0.11624579965529938,,0.0,,,,,,,,5
weak_anchor,noise_drift,Physically-Anchored-Adaptive,2000.0,0.0,0.9870000000000001,,,,0.013000000000000001,,,,1.6248895736703148,0.26837995295817185,59.29293318843105,0.0,0.0,,1974.0,,0.013375000000000001,0.0,1.0,,,,,,,,0.0,0.0,0.006304760106459226,,,,0.0063047601064592455,,,,0.07508464014449076,0.047036114818448375,3.300429325118919,0.0,0.0,,12.6095202129185,,0.006968119366084367,0.0,0.0,,,,,,,,5
weak_anchor,noise_drift,XGB+StaticProfile,2000.0,0.0,0.762,,,,0.238,,,,31.21417281548556,59.27147319912342,0.0,0.0,0.0,,0.0,,0.29700000000000004,1580.0,0.2,,,,,,,,0.0,0.0,0.09383429543615705,,,,0.09383429543615703,,,,1.7096007688407004,3.268500059441982,0.0,0.0,0.0,,0.0,,0.11708153542510451,,0.447213595499958,,,,,,,,5
weak_anchor,noise_drift,Anchored-Update-Only,2000.0,0.0,0.9972,,,,0.0028,,,,1.6248895736703148,0.26837995295817185,59.29293318843105,0.0,0.0,,1974.0,,0.003,0.0,1.0,,,,,,,,0.0,0.0,0.002252776065213789,,,,0.002252776065213762,,,,0.07508464014449076,0.047036114818448375,3.300429325118919,0.0,0.0,,12.6095202129185,,0.0020916500663351887,0.0,0.0,,,,,,,,5
weak_anchor,noise_drift,Physical-Only,2000.0,0.0,0.9898,,,,0.0102,,,,,,,,,,0.0,,0.010375,0.0,1.0,,,,,,,,0.0,0.0,0.004604345773288516,,,,0.004604345773288536,,,,,,,,,,0.0,,0.005530455451407235,0.0,0.0,,,,,,,,5
weak_anchor,noise_drift,Spatial-XGBoost,2000.0,0.0,0.986,,,,0.013999999999999999,,,,,,,,,,0.0,,0.014249999999999999,0.0,1.0,,,,,,,,0.0,0.0,0.005062114182829177,,,,0.005062114182829146,,,,,,,,,,0.0,,0.005027269388047551,0.0,0.0,,,,,,,,5
weak_anchor,noise_drift,Sequential-Anchored,2000.0,0.0,0.9870000000000001,,,,0.013000000000000001,,,,1.6248895736703148,0.26837995295817185,59.29293318843105,0.0,0.0,,1974.0,,0.013375000000000001,0.0,1.0,0.0,,0.0,,,,,0.0,0.0,0.006304760106459226,,,,0.0063047601064592455,,,,0.07508464014449076,0.047036114818448375,3.300429325118919,0.0,0.0,,12.6095202129185,,0.006968119366084367,0.0,0.0,0.0,,0.0,,,,,5
weak_anchor,noise_drift,Sequential-Anchored+Rollback,2000.0,0.0,0.9870000000000001,,,,0.013000000000000001,,,,1.6248895736703148,0.26837995295817185,59.29293318843105,0.0,0.0,,1974.0,,0.013375000000000001,0.0,1.0,0.0,,0.0,,,,,0.0,0.0,0.006304760106459226,,,,0.0063047601064592455,,,,0.07508464014449076,0.047036114818448375,3.300429325118919,0.0,0.0,,12.6095202129185,,0.006968119366084367,0.0,0.0,0.0,,0.0,,,,,5
weak_anchor,noise_drift,Sequential-Anchored-Full,2000.0,0.0,0.9870000000000001,,,,0.013000000000000001,,,,1.6248895736703148,0.26837995295817185,59.29293318843105,0.0,0.0,,1974.0,,0.013375000000000001,0.0,1.0,0.0,,0.0,,,,,0.0,0.0,0.006304760106459226,,,,0.0063047601064592455,,,,0.07508464014449076,0.047036114818448375,3.300429325118919,0.0,0.0,,12.6095202129185,,0.006968119366084367,0.0,0.0,0.0,,0.0,,,,,5
weak_anchor,noise_drift,Physical-Only+Sequential,2000.0,0.0,0.9898,,,,0.0102,,,,,,,,,,0.0,,0.010375,0.0,1.0,0.0,,0.0,,,,,0.0,0.0,0.004604345773288516,,,,0.004604345773288536,,,,,,,,,,0.0,,0.005530455451407235,0.0,0.0,0.0,,0.0,,,,,5
weak_anchor,poisoning,Baseline-XGBoost,2000.0,513.0,0.8013,0.6299379246955862,0.5469762110344947,0.5851334013617276,0.11086858780714308,0.4530237889655053,0.7960591495517716,0.5469762110344947,,,,,,,0.0,3.8,,,,,,,0.3509315355766969,1.0,0.3440000000000001,,0.0,16.263455967290593,0.015332155751883016,0.045512682932242136,0.035838693100183096,0.03595791503258824,0.013723455719922926,0.0358386931001831,0.02729211793854362,0.035838693100183096,,,,,,,0.0,3.1937438845342623,,,,,,,0.03805083756568448,0.0,0.17052858997833775,,5
weak_anchor,poisoning,Naive-Adaptive,2000.0,513.0,0.7438,0.6202380952380953,0.005423257748715588,0.0107238742748332,0.0014758003459154722,0.9945767422512845,0.777691775431091,0.005423257748715588,1.4077477838963186,1.8235300922249202,1.6668362920352855,0.36797986086593953,0.2993302407706562,0.9945767422512845,1995.0,237.8,,,,,,,0.006095955579826548,0.003854530511608794,1.0,0.29626565264062144,0.0,16.263455967290593,0.0075795778246548545,0.32863396575325565,0.003951491175376859,0.007783761190465378,0.0015970428613169233,0.003951491175376836,0.06963701384691168,0.003951491175376859,0.1827461642582343,0.2207429590378834,0.23460360734619426,0.022243946071473026,0.028073361676905044,0.003951491175376836,2.828427124746185,239.74820124455573,,,,,,,0.0035025044901585214,0.005761419226882458,0.0,0.042605952400839094,5
weak_anchor,poisoning,XGB+Physical,2000.0,513.0,0.8795999999999999,0.935382730096522,0.5692060691899992,0.7069636542779822,0.013603994910909642,0.4307939308100008,0.9303656775478881,0.5692060691899992,0.310058668337594,0.25848894292912916,0.0,0.0,0.0,,0.0,14.4,,,,,,,0.3825259225904387,1.0,0.19599999999999956,0.0,0.0,16.263455967290593,0.009742946166329779,0.013901616671353784,0.04496738640310003,0.03629461975965426,0.003298113576281154,0.044967386403100065,0.01606229859869031,0.04496738640310003,0.02549852926645762,0.04535159595255396,0.0,0.0,0.0,,0.0,15.17563837207516,,,,,,,0.05786581226582634,0.0,0.0792464510246352,0.0,5
weak_anchor,poisoning,Physically-Anchored-Adaptive,2000.0,513.0,0.8803000000000001,0.9401099687736794,0.5688279973563508,0.7080506346602001,0.012525464345337444,0.43117200264364924,0.9313611677532615,0.5688279973563508,0.3635808131162414,0.33030911807782914,0.18952843731659547,0.2634584836125481,0.006691767600908739,0.43117200264364924,1689.2,14.4,,,,,,,0.38198828818183655,1.0,0.19599999999999956,0.20109340973966755,0.0,16.263455967290593,0.009859006035092979,0.015278765605054093,0.044458094194403636,0.03634138102436543,0.0033126589468275595,0.04445809419440359,0.016491883468527146,0.044458094194403636,0.023675996949583205,0.07919615465702079,0.030269215940833996,0.00787894885278957,0.0013180682466234544,0.04445809419440359,31.491268631161848,15.17563837207516,,,,,,,0.05700712559932827,0.0,0.0792464510246352,0.037164415245567906,5
weak_anchor,poisoning,XGB+StaticProfile,2000.0,513.0,0.8638,0.9820636570498653,0.477387434239104,0.6419999756120056,0.002960756037906638,0.522612565760896,0.9548413531746085,0.477387434239104,0.310058668337594,0.25848894292912916,0.0,0.0,0.0,,0.0,89.4,,,,,,,0.29796478790027175,0.8899213811607499,0.9240000000000006,0.0,0.0,16.263455967290593,0.009595571895410894,0.012017362510659267,0.03387000375161586,0.032298166077112944,0.0018798178577084095,0.033870003751615876,0.020852976691063056,0.03387000375161586,0.02549852926645762,0.04535159595255396,0.0,0.0,0.0,,0.0,33.30615558721841,,,,,,,0.004675494901539349,0.08783785038006282,0.07797435475847178,0.0,5
weak_anchor,poisoning,Anchored-Update-Only,2000.0,513.0,0.8606,0.9868795180972828,0.46259445913152863,0.6289045941718626,0.0020177432534646987,0.5374055408684713,0.9580038346939677,0.46259445913152863,0.32310141541907467,0.33232249147320736,0.19110242141928852,0.07207784651863683,3.432940436452126e-05,0.018762550433851714,1477.8,95.2,,,,,,,0.2962860123505285,0.844693360386127,0.9440000000000003,0.001190956251391761,0.0,16.263455967290593,0.014808781178746564,0.010964421302456392,0.048179618133975095,0.04688605998049909,0.0015760897166419245,0.04817961813397508,0.018202244077247742,0.048179618133975095,0.017719181177159173,0.08146114095782575,0.03112881512411811,0.013620039740756536,4.8324690187315144e-05,0.005117441813219525,20.11715685677281,52.88383495927654,,,,,,,0.005048060806755147,0.13881927775823533,0.05899152481501039,0.001751061962435448,5
weak_anchor,poisoning,Physical-Only,2000.0,513.0,0.8815999999999999,0.9488512801264812,0.5684295909818488,0.7100879964739373,0.010643238873003004,0.43157040901815125,0.9391139801467894,0.5684295909818488,,,,,,,0.0,14.4,,,,,,,0.38198828818183655,0.9985507246376812,0.19599999999999956,,0.0,16.263455967290593,0.009051243008559666,0.007798770127673123,0.04509950096041907,0.035542911500095045,0.002306403906379492,0.04509950096041901,0.012647780716017737,0.04509950096041907,,,,,,,0.0,15.17563837207516,,,,,,,0.05700712559932827,0.003240678228260573,0.0792464510246352,,5
weak_anchor,poisoning,Spatial-XGBoost,2000.0,513.0,0.8813000000000001,0.9329120178186827,0.57812377238817,0.7128305925966112,0.014108830138729146,0.42187622761182997,0.9192486700043464,0.57812377238817,,,,,,,0.0,4.4,,,,,,,0.39629425810070973,1.0,0.16399999999999998,,0.0,16.263455967290593,0.01583745560372624,0.018431191728549984,0.05819274472880541,0.047693183419363225,0.0031386997626555568,0.058192744728805416,0.02328960377836831,0.05819274472880541,,,,,,,0.0,5.856620185738529,,,,,,,0.07014551545473773,0.0,0.05549774770204637,,5
weak_anchor,poisoning,Sequential-Anchored,2000.0,513.0,0.8804000000000001,0.9406568986693624,0.5688279973563508,0.7082141368771167,0.012389492479070523,0.43117200264364924,0.9314364302874818,0.5688279973563508,0.311481416605113,0.28598017409769494,0.2086724640789915,0.10891975962464957,0.098817175749662,0.04592321245881922,400.4,14.4,,,,0.0,76.2,0.0,0.38198828818183655,1.0,0.19599999999999956,0.098817175749662,0.0,16.263455967290593,0.009787747442593676,0.013692439001537429,0.044458094194403636,0.03633815036143388,0.0029857186321740436,0.04445809419440359,0.016609478186419155,0.044458094194403636,0.025069252002083497,0.08416165607061067,0.06568737370387905,0.08270899245262095,0.07027789588870452,0.057995923348504265,115.24235332550269,15.17563837207516,,,,0.0,86.45056390793528,0.0,0.05700712559932827,0.0,0.0792464510246352,0.07027789588870452,5
weak_anchor,poisoning,Sequential-Anchored+Rollback,2000.0,513.0,0.8804000000000001,0.9402955646240609,0.5692060691899992,0.7083311765239614,0.012527904991924734,0.4307939308100008,0.9313044578786288,0.5692060691899992,0.310574305837639,0.295024902869171,0.23486107107742793,0.10262583121385563,0.016628889380052077,0.04592321245881922,400.4,14.4,,,,0.0,76.2,4.4,0.3825259225904387,1.0,0.19599999999999956,0.016628889380052077,0.0,16.263455967290593,0.009528903399657281,0.013456905558514278,0.04496738640310003,0.03598700596537133,0.003302159923615463,0.044967386403100065,0.01617469262254033,0.04496738640310003,0.011851749330713745,0.04474990447638763,0.07703777839665503,0.07812917736434073,0.03188851792681407,0.057995923348504265,115.24235332550269,15.17563837207516,,,,0.0,86.45056390793528,1.1401754250991378,0.05786581226582634,0.0,0.0792464510246352,0.03188851792681407,5
weak_anchor,poisoning,Sequential-Anchored-Full,2000.0,513.0,0.8972,0.9196267926479965,0.6536093547030474,0.7599129118207635,0.019388305950675335,0.3463906452969527,0.9348867760895017,0.6536093547030474,0.3175612128819428,0.3312168657104389,0.1986413412815958,0.1557427970774433,0.0036854826027387195,0.34601470544732865,1633.6,14.4,,,,0.0,76.2,5.6,0.5049861964055513,1.0,0.16799999999999998,0.10738255528395171,0.0,16.263455967290593,0.02734638915835142,0.01551765324184655,0.11601114466667216,0.08548811050432945,0.003358117722021703,0.1160111446666722,0.030979044512826587,0.11601114466667216,0.015426404535320548,0.08068210077675765,0.030145196159114623,0.045728350348024145,0.0010007169658593515,0.11638120616566233,70.10206844309232,15.17563837207516,,,,0.0,86.45056390793528,3.714835124201342,0.1577911178453956,0.0,0.07014271166700067,0.038652263228043576,5
weak_anchor,poisoning,Physical-Only+Sequential,2000.0,513.0,0.8989,0.9290746775844971,0.6536093547030474,0.7628094717481086,0.017103540000281397,0.3463906452969527,0.9390653204561289,0.6536093547030474,,,,,,,0.0,14.4,,,,0.0,76.2,0.0,0.5049861964055513,1.0,0.16799999999999998,,0.0,16.263455967290593,0.02648206940554306,0.006533195889011443,0.11601114466667216,0.08413757360256159,0.0028495899183100214,0.1160111446666722,0.025062028267638512,0.11601114466667216,,,,,,,0.0,15.17563837207516,,,,0.0,86.45056390793528,0.0,0.1577911178453956,0.0,0.07014271166700067,,5
weak_anchor,power_drift,Baseline-XGBoost,2000.0,0.0,0.48710000000000003,,,,0.5129,,,,,,,,,,0.0,,0.614875,,0.0,,,,,,,,0.0,0.0,0.04269426190953534,,,,0.04269426190953538,,,,,,,,,,0.0,,0.05132882657435293,,0.0,,,,,,,,5
weak_anchor,power_drift,Naive-Adaptive,2000.0,0.0,0.9960000000000001,,,,0.004,,,,0.3269244298716302,0.3133975271033979,3.467773457965408,0.0,0.0,,1992.0,,0.0043749999999999995,0.0,1.0,,,,,,,,0.0,0.0,0.0011726039399558273,,,,0.0011726039399558574,,,,0.019392866702020617,0.0785637398154156,0.15604534967949485,0.0,0.0,,2.345207879911715,,0.00125,0.0,0.0,,,,,,,,5
weak_anchor,power_drift,XGB+Physical,2000.0,0.0,0.8495000000000001,,,,0.15050000000000002,,,,1.9283598086752023,3.562435461510751,0.0,0.0,0.0,,0.0,,0.1845,,0.0,,,,,,,,0.0,0.0,0.02951906163820249,,,,0.029519061638202504,,,,0.0739438881975616,0.24630964414921766,0.0,0.0,0.0,,0.0,,0.03559593112281233,,0.0,,,,,,,,5
weak_anchor,power_drift,Physically-Anchored-Adaptive,2000.0,0.0,0.9853999999999999,,,,0.014599999999999998,,,,0.32694132093034783,0.3089217414655492,3.4692139311173507,0.0,0.0,,1970.8,,0.014750000000000003,0.0,1.0,,,,,,,,0.0,0.0,0.003764970119403318,,,,0.00376497011940334,,,,0.01980421092153462,0.08023046812088482,0.15734828611410911,0.0,0.0,,7.529940238806651,,0.00429843721601235,0.0,0.0,,,,,,,,5
weak_anchor,power_drift,XGB+StaticProfile,2000.0,0.0,0.8591,,,,0.1409,,,,1.9283598086752023,3.562435461510751,0.0,0.0,0.0,,0.0,,0.175375,,0.0,,,,,,,,0.0,0.0,0.030342626781476915,,,,0.03034262678147693,,,,0.0739438881975616,0.24630964414921766,0.0,0.0,0.0,,0.0,,0.03736067869431712,,0.0,,,,,,,,5
weak_anchor,power_drift,Anchored-Update-Only,2000.0,0.0,0.9960000000000001,,,,0.004,,,,0.32694132093034783,0.3089217414655492,3.4692139311173507,0.0,0.0,,1970.8,,0.0043749999999999995,0.0,1.0,,,,,,,,0.0,0.0,0.0012747548783982137,,,,0.001274754878398196,,,,0.01980421092153462,0.08023046812088482,0.15734828611410911,0.0,0.0,,7.529940238806651,,0.0012500000000000002,0.0,0.0,,,,,,,,5
weak_anchor,power_drift,Physical-Only,2000.0,0.0,0.9894000000000001,,,,0.010600000000000002,,,,,,,,,,0.0,,0.010375,0.0,1.0,,,,,,,,0.0,0.0,0.0036469165057620824,,,,0.003646916505762094,,,,,,,,,,0.0,,0.004647748110644552,0.0,0.0,,,,,,,,5
weak_anchor,power_drift,Spatial-XGBoost,2000.0,0.0,0.8826,,,,0.11739999999999999,,,,,,,,,,0.0,,0.14375,,0.0,,,,,,,,0.0,0.0,0.04441480608986154,,,,0.044414806089861515,,,,,,,,,,0.0,,0.055010652377516844,,0.0,,,,,,,,5
weak_anchor,power_drift,Sequential-Anchored,2000.0,0.0,0.9853999999999999,,,,0.014599999999999998,,,,0.32694132093034783,0.3089217414655492,3.4692139311173507,0.0,0.0,,1970.8,,0.014750000000000003,0.0,1.0,0.0,,0.0,,,,,0.0,0.0,0.003764970119403318,,,,0.00376497011940334,,,,0.01980421092153462,0.08023046812088482,0.15734828611410911,0.0,0.0,,7.529940238806651,,0.00429843721601235,0.0,0.0,0.0,,0.0,,,,,5
weak_anchor,power_drift,Sequential-Anchored+Rollback,2000.0,0.0,0.9853999999999999,,,,0.014599999999999998,,,,0.32694132093034783,0.3089217414655492,3.4692139311173507,0.0,0.0,,1970.8,,0.014750000000000003,0.0,1.0,0.0,,0.0,,,,,0.0,0.0,0.003764970119403318,,,,0.00376497011940334,,,,0.01980421092153462,0.08023046812088482,0.15734828611410911,0.0,0.0,,7.529940238806651,,0.00429843721601235,0.0,0.0,0.0,,0.0,,,,,5
weak_anchor,power_drift,Sequential-Anchored-Full,2000.0,0.0,0.9853999999999999,,,,0.014599999999999998,,,,0.32694132093034783,0.3089217414655492,3.4692139311173507,0.0,0.0,,1970.8,,0.014750000000000003,0.0,1.0,0.0,,0.0,,,,,0.0,0.0,0.003764970119403318,,,,0.00376497011940334,,,,0.01980421092153462,0.08023046812088482,0.15734828611410911,0.0,0.0,,7.529940238806651,,0.00429843721601235,0.0,0.0,0.0,,0.0,,,,,5
weak_anchor,power_drift,Physical-Only+Sequential,2000.0,0.0,0.9894000000000001,,,,0.010600000000000002,,,,,,,,,,0.0,,0.010375,0.0,1.0,0.0,,0.0,,,,,0.0,0.0,0.0036469165057620824,,,,0.003646916505762094,,,,,,,,,,0.0,,0.004647748110644552,0.0,0.0,0.0,,0.0,,,,,5
weak_anchor,power_matching_puea,Baseline-XGBoost,2000.0,449.0,0.77,0.4273701090192047,0.34450551407417035,0.371718148267505,0.10917626854688942,0.6554944859258296,0.6884472271781078,0.34450551407417035,,,,,,,0.0,3.2,,,,,,,,,,,0.0,18.01388353465182,0.06850729888121408,0.1786911304172545,0.29047900717020025,0.2392916328753598,0.010434877067496634,0.2904790071702003,0.1529224041758582,0.29047900717020025,,,,,,,0.0,2.387467277262665,,,,,,,,,,,5
weak_anchor,power_matching_puea,Naive-Adaptive,2000.0,449.0,0.7745,0.0,0.0,,0.0012853174046681408,1.0,0.6204454192537711,0.0,0.42031396575377056,0.5063238529252116,0.42347284339007085,0.3700979051949534,0.3292310693142395,1.0,1998.0,,,,,,,,,,,,0.0,18.01388353465182,0.008667467911679824,0.0,0.0,,0.000790494709354427,0.0,0.12705298500901271,0.0,0.12570032982088225,0.2161374863358148,0.2676095873173554,0.014934910807232258,0.04019832936754715,0.0,1.224744871391589,,,,,,,,,,,,5
weak_anchor,power_matching_puea,XGB+Physical,2000.0,449.0,0.9870000000000001,0.9455576119931628,0.9995485327313769,0.9717507482992787,0.01661452687827251,0.0004514672686230248,0.9998268529903663,0.9995485327313769,0.30109674030757544,0.26550643524288425,0.0,0.0,0.0,,0.0,0.0,,,,,,,,,,,0.0,18.01388353465182,0.0038405728739343155,0.016019984290540298,0.0010095115022572408,0.008702018021957152,0.004710654684758009,0.0010095115022572413,0.0002389514839656964,0.0010095115022572408,0.023658606247118567,0.06170428314304744,0.0,0.0,0.0,,0.0,0.0,,,,,,,,,,,5
weak_anchor,power_matching_puea,Physically-Anchored-Adaptive,2000.0,449.0,0.9876000000000001,0.9479775805773668,0.9995485327313769,0.973028778044094,0.015843447881507704,0.0004514672686230248,0.9998320846124471,0.9995485327313769,0.30002004012366584,0.2842460200193968,0.23440499349172947,0.002,1.1531474001954093e-05,0.0004514672686230248,1526.6,0.0,,,,,,,,,,,0.0,18.01388353465182,0.0038144462245521273,0.015854926550626803,0.0010095115022572408,0.008592069076363765,0.004689252449546307,0.0010095115022572413,0.00023154690269342704,0.0010095115022572408,0.02388499098619617,0.04659139147015735,0.0668432675073836,0.00447213595499958,2.5785159749140892e-05,0.0010095115022572413,16.288032416470713,0.0,,,,,,,,,,,5
weak_anchor,power_matching_puea,XGB+StaticProfile,2000.0,449.0,0.7742,0.23333333333333334,0.0016971854243880958,0.008418220430494564,0.0021841919285895003,0.9983028145756119,0.6551850447235994,0.0016971854243880958,0.30109674030757544,0.26550643524288425,0.0,0.0,0.0,,0.0,167.5,,,,,,,,,,,0.0,18.01388353465182,0.00776691702028547,0.4346134936801766,0.002742573676960201,0.005809413390174554,0.0013353986293873044,0.0027425736769601983,0.1497652537935798,0.002742573676960201,0.023658606247118567,0.06170428314304744,0.0,0.0,0.0,,0.0,40.30508652763321,,,,,,,,,,,5
weak_anchor,power_matching_puea,Anchored-Update-Only,2000.0,449.0,0.7746000000000001,0.2,0.0008403361344537815,0.008368200836820083,0.0014131129318246901,0.9991596638655462,0.6534682767385303,0.0008403361344537815,0.30002004012366584,0.2842460200193968,0.23440499349172947,0.002,1.1531474001954093e-05,0.0004514672686230248,1526.6,139.0,,,,,,,,,,,0.0,18.01388353465182,0.00821127273935044,0.447213595499958,0.0018790487205880585,,0.000839159251942871,0.0018790487205880518,0.1480256850480179,0.0018790487205880585,0.02388499098619617,0.04659139147015735,0.0668432675073836,0.00447213595499958,2.5785159749140892e-05,0.0010095115022572413,16.288032416470713,,,,,,,,,,,,5
weak_anchor,power_matching_puea,Physical-Only,2000.0,449.0,0.9887,0.9524499810780386,0.9995485327313769,0.9753827089469812,0.01443033494968301,0.0004514672686230248,0.9998386927714783,0.9995485327313769,,,,,,,0.0,0.0,,,,,,,,,,,0.0,18.01388353465182,0.0037181984885156193,0.01540916527520693,0.0010095115022572408,0.008285124605065386,0.004610652571443582,0.0010095115022572413,0.0002257082442289983,0.0010095115022572408,,,,,,,0.0,0.0,,,,,,,,,,,5
weak_anchor,power_matching_puea,Spatial-XGBoost,2000.0,449.0,0.9843,0.934443870555943,1.0,0.9660464107181932,0.020210296499256142,0.0,0.9999653331542634,1.0,,,,,,,0.0,0.0,,,,,,,,,,,0.0,18.01388353465182,0.003993745109543196,0.01713448427681252,0.0,0.009132708204282969,0.005007362637658149,0.0,4.466956885113911e-05,0.0,,,,,,,0.0,0.0,,,,,,,,,,,5
weak_anchor,power_matching_puea,Sequential-Anchored,2000.0,449.0,0.9877,0.94838816700072,0.9995485327313769,0.973251658956943,0.015717721621838737,0.0004514672686230248,0.9998320778441915,0.9995485327313769,0.29409227320850595,0.2974133277041793,0.21335680276721453,0.0,0.0,0.0,531.4,0.0,,,,0.0,42.2,0.0,,,,,0.0,18.01388353465182,0.003598610843089297,0.014873968304489851,0.0010095115022572408,0.008099377856943923,0.004404482360209966,0.0010095115022572413,0.00023233103277860568,0.0010095115022572408,0.03192531328335001,0.06063727220191175,0.07269019269945692,0.0,0.0,0.0,44.11122306171072,0.0,,,,0.0,49.17011287357392,0.0,,,,,5
weak_anchor,power_matching_puea,Sequential-Anchored+Rollback,2000.0,449.0,0.9877,0.94838816700072,0.9995485327313769,0.973251658956943,0.015717721621838737,0.0004514672686230248,0.9998332376830319,0.9995485327313769,0.2934339948169715,0.3137745200138575,0.2165216622453093,0.0,0.0,0.0,531.4,0.0,,,,0.0,42.2,1.8,,,,,0.0,18.01388353465182,0.003598610843089297,0.014873968304489851,0.0010095115022572408,0.008099377856943923,0.004404482360209966,0.0010095115022572413,0.0002300711610049354,0.0010095115022572408,0.03260723958115146,0.05502214776126797,0.03908166335022549,0.0,0.0,0.0,44.11122306171072,0.0,,,,0.0,49.17011287357392,0.8366600265340756,,,,,5
weak_anchor,power_matching_puea,Sequential-Anchored-Full,2000.0,449.0,0.984,0.9335707690720312,1.0,0.9655395087471537,0.02061222491506315,0.0,0.9999944907655081,1.0,0.2995730741906866,0.28217012458318963,0.2365340082676477,0.0,0.0,0.0,1510.0,0.0,,,,0.0,42.2,1.8,,,,,0.0,18.01388353465182,0.005315072906367329,0.021784402812955104,0.0,0.011623862823011248,0.006770203616686162,0.0,1.2319022827846044e-05,0.0,0.02241998786655002,0.05100385884933015,0.06549810990944664,0.0,0.0,0.0,24.899799195977444,0.0,,,,0.0,49.17011287357392,0.8366600265340756,,,,,5
weak_anchor,power_matching_puea,Physical-Only+Sequential,2000.0,449.0,0.9850999999999999,0.9379098197820598,1.0,0.9678571929765216,0.019199111983238457,0.0,0.9999944907655081,1.0,,,,,,,0.0,0.0,,,,0.0,42.2,0.0,,,,,0.0,18.01388353465182,0.005296225070746165,0.0217031772122187,0.0,0.011501116309265083,0.006777512275868343,0.0,1.2319022827846044e-05,0.0,,,,,,,0.0,0.0,,,,0.0,49.17011287357392,0.0,,,,,5
weak_anchor,shadowing_drift,Baseline-XGBoost,2000.0,0.0,0.8773,,,,0.1227,,,,,,,,,,0.0,,0.12525,1565.0,0.4,,,,,,,,0.0,0.0,0.015168223363334274,,,,0.015168223363334284,,,,,,,,,,0.0,,0.019302282896072165,28.284271247461902,0.5477225575051661,,,,,,,,5
weak_anchor,shadowing_drift,Naive-Adaptive,2000.0,0.0,0.9971,,,,0.0029,,,,0.3235237773799826,0.35786906278933645,0.9426727994256374,0.0,0.0,,1994.2,,0.002875,0.0,1.0,,,,,,,,0.0,0.0,0.002631539473388118,,,,0.0026315394733881533,,,,0.01289663030946846,0.06193992902489386,0.12726687136481277,0.0,0.0,,5.26307894677632,,0.002484325864293974,0.0,0.0,,,,,,,,5
weak_anchor,shadowing_drift,XGB+Physical,2000.0,0.0,0.9757,,,,0.0243,,,,0.6040048288474882,0.8484688234200706,0.0,0.0,0.0,,0.0,,0.027375,241.2,1.0,,,,,,,,0.0,0.0,0.012477980605851261,,,,0.012477980605851254,,,,0.030371249569557716,0.09938672916414044,0.0,0.0,0.0,,0.0,,0.014539816023595347,539.3395961729493,0.0,,,,,,,,5
weak_anchor,shadowing_drift,Physically-Anchored-Adaptive,2000.0,0.0,0.9853,,,,0.0147,,,,0.3233736533149469,0.35561975507885385,0.952392832316359,0.0,0.0,,1970.6,,0.01525,0.0,1.0,,,,,,,,0.0,0.0,0.007957700672933122,,,,0.007957700672933105,,,,0.011741332321648347,0.06061837150715267,0.11817404004732929,0.0,0.0,,15.9154013458662,,0.00855359938856152,0.0,0.0,,,,,,,,5
weak_anchor,shadowing_drift,XGB+StaticProfile,2000.0,0.0,0.9874,,,,0.0126,,,,0.6040048288474882,0.8484688234200706,0.0,0.0,0.0,,0.0,,0.015125,0.0,1.0,,,,,,,,0.0,0.0,0.007494998332221316,,,,0.007494998332221296,,,,0.030371249569557716,0.09938672916414044,0.0,0.0,0.0,,0.0,,0.00877674484077098,0.0,0.0,,,,,,,,5
weak_anchor,shadowing_drift,Anchored-Update-Only,2000.0,0.0,0.9971,,,,0.0029,,,,0.3233736533149469,0.35561975507885385,0.952392832316359,0.0,0.0,,1970.6,,0.002875,0.0,1.0,,,,,,,,0.0,0.0,0.002631539473388118,,,,0.0026315394733881533,,,,0.011741332321648347,0.06061837150715267,0.11817404004732929,0.0,0.0,,15.9154013458662,,0.002484325864293974,0.0,0.0,,,,,,,,5
weak_anchor,shadowing_drift,Physical-Only,2000.0,0.0,0.9882,,,,0.0118,,,,,,,,,,0.0,,0.012375,0.0,1.0,,,,,,,,0.0,0.0,0.0061603571325045845,,,,0.006160357132504577,,,,,,,,,,0.0,,0.006852235036832873,0.0,0.0,,,,,,,,5
weak_anchor,shadowing_drift,Spatial-XGBoost,2000.0,0.0,0.9678000000000001,,,,0.0322,,,,,,,,,,0.0,,0.036375000000000005,0.0,1.0,,,,,,,,0.0,0.0,0.008474963126763444,,,,0.008474963126763444,,,,,,,,,,0.0,,0.01001366254174765,0.0,0.0,,,,,,,,5
weak_anchor,shadowing_drift,Sequential-Anchored,2000.0,0.0,0.9853,,,,0.0147,,,,0.3233736533149469,0.35561975507885385,0.952392832316359,0.0,0.0,,1970.6,,0.01525,0.0,1.0,0.0,,0.0,,,,,0.0,0.0,0.007957700672933122,,,,0.007957700672933105,,,,0.011741332321648347,0.06061837150715267,0.11817404004732929,0.0,0.0,,15.9154013458662,,0.00855359938856152,0.0,0.0,0.0,,0.0,,,,,5
weak_anchor,shadowing_drift,Sequential-Anchored+Rollback,2000.0,0.0,0.9853,,,,0.0147,,,,0.3233736533149469,0.35561975507885385,0.952392832316359,0.0,0.0,,1970.6,,0.01525,0.0,1.0,0.0,,0.0,,,,,0.0,0.0,0.007957700672933122,,,,0.007957700672933105,,,,0.011741332321648347,0.06061837150715267,0.11817404004732929,0.0,0.0,,15.9154013458662,,0.00855359938856152,0.0,0.0,0.0,,0.0,,,,,5
weak_anchor,shadowing_drift,Sequential-Anchored-Full,2000.0,0.0,0.9853,,,,0.0147,,,,0.3233736533149469,0.35561975507885385,0.952392832316359,0.0,0.0,,1970.6,,0.01525,0.0,1.0,0.0,,0.0,,,,,0.0,0.0,0.007957700672933122,,,,0.007957700672933105,,,,0.011741332321648347,0.06061837150715267,0.11817404004732929,0.0,0.0,,15.9154013458662,,0.00855359938856152,0.0,0.0,0.0,,0.0,,,,,5
weak_anchor,shadowing_drift,Physical-Only+Sequential,2000.0,0.0,0.9882,,,,0.0118,,,,,,,,,,0.0,,0.012375,0.0,1.0,0.0,,0.0,,,,,0.0,0.0,0.0061603571325045845,,,,0.006160357132504577,,,,,,,,,,0.0,,0.006852235036832873,0.0,0.0,0.0,,0.0,,,,,5
weak_anchor,slow_near_pu_poisoning,Baseline-XGBoost,2000.0,207.0,0.8779,0.45177002710760783,0.775049627054213,0.5691408327587127,0.1101336562931109,0.22495037294578699,0.8890873528277341,0.775049627054213,,,,,,,0.0,213.4,,,,,,,0.23195059842118665,0.9797656179847809,0.41200000000000003,,0.0,9.486832980505142,0.018932115571166346,0.05946024995018847,0.04135872793185763,0.05249990076162062,0.020175449477939828,0.04135872793185759,0.022145776111698916,0.04135872793185763,,,,,,,0.0,178.3908629947173,,,,,,,0.029148341859463345,0.01360413053352038,0.13608820668963215,,5
weak_anchor,slow_near_pu_poisoning,Naive-Adaptive,2000.0,207.0,0.8991,0.7565028435616672,0.04085479014280867,0.07667271451386123,0.0017799135348930619,0.9591452098571913,0.8122610003807825,0.04085479014280867,0.5371547306295178,1.4027749777880825,1.4368822185012524,0.3352458860804113,0.30444017405730417,0.9591452098571913,1988.4,543.2,,,,,,,0.06552711993888465,0.02997860263306488,0.9000000000000004,0.040866152626273924,0.0,9.486832980505142,0.0046690470119715105,0.1302379474114786,0.01846099435248559,0.0330383399320683,0.0016325777338296401,0.01846099435248558,0.016157195620749597,0.01846099435248559,0.0447234514412963,0.16535034319786804,0.09993743800451219,0.02176609472420623,0.01746396559562733,0.01846099435248558,5.813776741499453,156.45670327601817,,,,,,,0.02651799436397088,0.02721823206432408,0.09591663046625416,0.016677898532495752,5
weak_anchor,slow_near_pu_poisoning,XGB+Physical,2000.0,207.0,0.942,0.8198788265949887,0.5609596933135165,0.6647527870008341,0.014171139381371479,0.43904030668648364,0.9144858317187907,0.5609596933135165,0.29170752039804204,0.28033952128439854,0.0,0.0,0.0,,0.0,465.8,,,,,,,0.12918194550547493,0.7229700078961908,0.7320000000000004,0.0,0.0,9.486832980505142,0.006955213871621743,0.03867227581439166,0.06902714047915853,0.05680455762476546,0.0030179217504337284,0.06902714047915856,0.015478309039450943,0.06902714047915853,0.013700952156066223,0.08704642689147028,0.0,0.0,0.0,,0.0,213.81113160918446,,,,,,,0.029758686124979637,0.08587715700572701,0.10059821071967441,0.0,5
weak_anchor,slow_near_pu_poisoning,Physically-Anchored-Adaptive,2000.0,207.0,0.9000999999999999,0.5149837593819848,0.14736556317369626,0.2237121107229476,0.013390805043121823,0.8526344368263038,0.8032809653671011,0.14736556317369626,0.5004730548484411,1.299209453118268,1.3498396506210368,0.3060582898236426,0.28410110903014385,0.8526344368263038,1944.8,465.8,,,,,,,0.09795136236312707,0.16547092262084512,0.8400000000000004,0.034743565816523644,0.0,9.486832980505142,0.007334848328356915,0.1633006592979258,0.1044887781988743,0.13936817334448984,0.0029520450082413563,0.10448877819887437,0.046298787711784986,0.1044887781988743,0.03149284981529416,0.10842624158055873,0.06282874453485836,0.027027063926148107,0.023370022683764254,0.10448877819887437,25.965361541869587,213.81113160918446,,,,,,,0.03483540822791195,0.13951043428307686,0.14212670403551889,0.014473619855491601,5
weak_anchor,slow_near_pu_poisoning,XGB+StaticProfile,2000.0,207.0,0.9493,0.9600947346520424,0.5318690591660917,0.6832062885915757,0.002560247873142718,0.4681309408339082,0.9281063376797682,0.5318690591660917,0.29170752039804204,0.28033952128439854,0.0,0.0,0.0,,0.0,543.2,,,,,,,0.11001527883880824,0.6894796167391576,0.7840000000000005,0.0,0.0,9.486832980505142,0.0046178999556074785,0.032570989035486976,0.05030031875621158,0.04336312711950885,0.0020580169668637364,0.050300318756211604,0.017754147760237322,0.05030031875621158,0.013700952156066223,0.08704642689147028,0.0,0.0,0.0,,0.0,156.45670327601817,,,,,,,0.02950909939478441,0.06409363302482128,0.07797435475847177,0.0,5
weak_anchor,slow_near_pu_poisoning,Anchored-Update-Only,2000.0,207.0,0.9009,0.791423478482302,0.05724830374994457,0.10592891446487758,0.0017799135348930619,0.9427516962500555,0.8239999735649395,0.05724830374994457,0.5037767278466234,1.3007838242936365,1.3508210905256497,0.3071388093082271,0.2842512351248579,0.852894238943691,1944.8,543.2,,,,,,,0.06855742296918768,0.05181791339243173,0.9000000000000004,0.0324144278159586,0.0,9.486832980505142,0.0015165750888102927,0.15784965058263417,0.02528736362475902,0.04481756087531761,0.0016325777338296401,0.025287363624759075,0.023821981739004634,0.02528736362475902,0.03553869174866622,0.10879491082142993,0.06098108601111864,0.026220086874251092,0.023357244184020902,0.10994272551531338,27.23416971379888,156.45670327601817,,,,,,,0.02668027276553813,0.036751771879214,0.09591663046625416,0.013884610267135345,5
weak_anchor,slow_near_pu_poisoning,Physical-Only,2000.0,207.0,0.8965,0.4202997077777192,0.09729993300882778,0.15325501901663113,0.011610891508228761,0.9027000669911722,0.7072696421228083,0.09729993300882778,,,,,,,0.0,702.2,,,,,,,0.053239750445632804,0.11525731803690023,0.9160000000000004,,0.0,9.486832980505142,0.006041522986797289,0.20231326318960424,0.09416375529324725,0.13360805424979882,0.0031609370858990205,0.09416375529324729,0.08267157902299671,0.09416375529324725,,,,,,,0.0,452.875479574684,,,,,,,0.049076402239017054,0.11742751361883627,0.1344618905117728,,5
weak_anchor,slow_near_pu_poisoning,Spatial-XGBoost,2000.0,207.0,0.9366,0.7906715202132792,0.5286168209658169,0.629225590550164,0.016058773277376034,0.47138317903418325,0.9083328235220275,0.5286168209658169,,,,,,,0.0,349.6,,,,,,,0.13617731941261352,0.6737757405115492,0.7000000000000005,,0.0,9.486832980505142,0.011610340218959998,0.04560374375509121,0.10534353240445171,0.08281282882980014,0.0041925079634343825,0.1053435324044517,0.02005799234651711,0.10534353240445171,,,,,,,0.0,223.50234898094473,,,,,,,0.022495420917716134,0.13214243543607507,0.08485281374238576,,5
weak_anchor,slow_near_pu_poisoning,Sequential-Anchored,2000.0,207.0,0.906,0.5573134742885583,0.20219739412075133,0.2838446463225081,0.013390805043121823,0.7978026058792487,0.8360425103696567,0.20219739412075133,0.40654959690975295,0.6662663113086242,0.65166585425408,0.15604749304570004,0.14334759979643624,0.3803920440289562,1592.8,465.8,,,,0.0,1030.6,0.0,0.09795136236312707,0.24076972681608394,0.8400000000000004,0.0347408781857627,0.0,9.486832980505142,0.014404860290887974,0.19257842310103296,0.17394192126851427,0.21082602512417728,0.0029520450082413563,0.17394192126851432,0.06064231995053108,0.17394192126851427,0.050612645519762106,0.32934080775569197,0.33555620244863454,0.08148385805191136,0.07552655184230973,0.1835554207890826,121.49567893550784,213.81113160918446,,,,0.0,516.5678077464758,0.0,0.03483540822791195,0.2354665154956783,0.14212670403551889,0.014471872758545633,5
weak_anchor,slow_near_pu_poisoning,Sequential-Anchored+Rollback,2000.0,207.0,0.9187,0.6939754821837202,0.3269268181566212,0.4287878364409049,0.01361477264933009,0.6730731818433788,0.8807021268822546,0.3269268181566212,0.3562932703467016,0.39183036736200927,0.3047584237406475,0.14683919497650808,0.04209435760594098,0.3803920440289562,1592.6,465.8,,,,0.0,1030.6,5.6,0.09795136236312707,0.40950976031178293,0.8400000000000004,0.03477416372957552,0.0,9.486832980505142,0.015348452690743796,0.12131490596399398,0.19120864399344772,0.20860119399525642,0.003151391453108302,0.19120864399344778,0.035694104387523906,0.19120864399344772,0.03147469506230455,0.03274362145341942,0.09655828186756495,0.07082692788867835,0.02563578505001422,0.1835554207890826,121.70373864429966,213.81113160918446,,,,0.0,516.5678077464758,4.8270073544588685,0.03483540822791195,0.24726060323575447,0.14212670403551889,0.01449367088682679,5
weak_anchor,slow_near_pu_poisoning,Sequential-Anchored-Full,2000.0,207.0,0.9146000000000001,0.6625965049325072,0.296160423400271,0.3971950109308178,0.01473148149173445,0.703839576599729,0.8682511157645832,0.296160423400271,0.38326163205921476,0.6436442303325259,0.6812429503065637,0.1662266955573469,0.14021417003302097,0.7001394227981553,1908.6,465.8,,,,0.0,1030.6,5.6,0.09795136236312707,0.3699878713103043,0.8400000000000004,0.03477417271678202,0.0,9.486832980505142,0.014419604710254795,0.1281156576061957,0.17619769747218564,0.18518227377961335,0.0031366950438998994,0.1761976974721856,0.041395158951368666,0.17619769747218564,0.04025682551965367,0.1707358254630056,0.17098522686429152,0.055117905315816576,0.041566928509123136,0.18080275585017078,46.50591360246568,213.81113160918446,,,,0.0,516.5678077464758,4.8270073544588685,0.03483540822791195,0.2431585360940047,0.14212670403551889,0.014493676819579174,5
weak_anchor,slow_near_pu_poisoning,Physical-Only+Sequential,2000.0,207.0,0.9082000000000001,0.6043170448318818,0.21822283869452236,0.3071818951937547,0.01283914524745409,0.7817771613054776,0.7828830807474353,0.21822283869452236,,,,,,,0.0,670.8,,,,0.0,1030.6,0.0,0.053239750445632804,0.28210313652293423,0.9160000000000004,,0.0,9.486832980505142,0.013931080360115656,0.15791310541460377,0.17176623483902845,0.19468040640160103,0.0035740118188741458,0.17176623483902842,0.07997284254999348,0.17176623483902845,,,,,,,0.0,396.00340907623513,,,,0.0,516.5678077464758,0.0,0.049076402239017054,0.23018289841166076,0.1344618905117728,,5
weak_anchor,stable,Baseline-XGBoost,2000.0,0.0,0.8919,,,,0.1081,,,,,,,,,,0.0,,,,,,,,,,,,0.0,0.0,0.017487138130637618,,,,0.017487138130637615,,,,,,,,,,0.0,,,,,,,,,,,,5
weak_anchor,stable,Naive-Adaptive,2000.0,0.0,0.998,,,,0.002,,,,0.3213129660592412,0.2748690782312578,0.21072985108164694,0.0,0.0,,1996.0,,,,,,,,,,,,0.0,0.0,0.0010000000000000096,,,,0.001,,,,0.010082377342552564,0.09885859755279888,0.072926447200673,0.0,0.0,,2.0,,,,,,,,,,,,5
weak_anchor,stable,XGB+Physical,2000.0,0.0,0.9868,,,,0.0132,,,,0.2991231906442994,0.2506701393212226,0.0,0.0,0.0,,0.0,,,,,,,,,,,,0.0,0.0,0.005032395056034502,,,,0.0050323950560344525,,,,0.028540075184332745,0.05620201857972994,0.0,0.0,0.0,,0.0,,,,,,,,,,,,5
weak_anchor,stable,Physically-Anchored-Adaptive,2000.0,0.0,0.9874,,,,0.0126,,,,0.3224067250605519,0.27729185881482055,0.21043155346377254,0.0,0.0,,1974.8,,,,,,,,,,,,0.0,0.0,0.00480104155366314,,,,0.004801041553663121,,,,0.009271708630891119,0.09736889641627826,0.07278908702598338,0.0,0.0,,9.602083107326221,,,,,,,,,,,,5
weak_anchor,stable,XGB+StaticProfile,2000.0,0.0,0.9976,,,,0.0024000000000000002,,,,0.2991231906442994,0.2506701393212226,0.0,0.0,0.0,,0.0,,,,,,,,,,,,0.0,0.0,0.0015572411502397594,,,,0.0015572411502397436,,,,0.028540075184332745,0.05620201857972994,0.0,0.0,0.0,,0.0,,,,,,,,,,,,5
weak_anchor,stable,Anchored-Update-Only,2000.0,0.0,0.9981,,,,0.0019,,,,0.3224067250605519,0.27729185881482055,0.21043155346377254,0.0,0.0,,1974.8,,,,,,,,,,,,0.0,0.0,0.0008944271909999263,,,,0.0008944271909999159,,,,0.009271708630891119,0.09736889641627826,0.07278908702598338,0.0,0.0,,9.602083107326221,,,,,,,,,,,,5
weak_anchor,stable,Physical-Only,2000.0,0.0,0.9892,,,,0.0108,,,,,,,,,,0.0,,,,,,,,,,,,0.0,0.0,0.0042219663665169285,,,,0.004221966366516911,,,,,,,,,,0.0,,,,,,,,,,,,5
weak_anchor,stable,Spatial-XGBoost,2000.0,0.0,0.9843,,,,0.0157,,,,,,,,,,0.0,,,,,,,,,,,,0.0,0.0,0.006058052492344418,,,,0.006058052492344384,,,,,,,,,,0.0,,,,,,,,,,,,5
weak_anchor,stable,Sequential-Anchored,2000.0,0.0,0.9874,,,,0.0126,,,,0.32247920503882926,0.2772918599331683,0.21043155262276744,0.0,0.0,,1974.0,,,,,0.0005,,0.0,,,,,0.0,0.0,0.00480104155366314,,,,0.004801041553663121,,,,0.00920308049486782,0.0973688956520174,0.07278908814929351,0.0,0.0,,9.110433579144319,,,,,0.001118033988749895,,0.0,,,,,5
weak_anchor,stable,Sequential-Anchored+Rollback,2000.0,0.0,0.9874,,,,0.0126,,,,0.3225240642445675,0.277291867047387,0.21043154221527285,0.0,0.0,,1974.0,,,,,0.0005,,0.4,,,,,0.0,0.0,0.00480104155366314,,,,0.004801041553663121,,,,0.009161784128086282,0.09736889079027611,0.07278910205033444,0.0,0.0,,9.110433579144319,,,,,0.001118033988749895,,0.894427190999916,,,,,5
weak_anchor,stable,Sequential-Anchored-Full,2000.0,0.0,0.9873000000000001,,,,0.0127,,,,0.3224664765959072,0.27729186699388986,0.21043154220750332,0.0,0.0,,1974.4,,,,,0.0005,,0.4,,,,,0.0,0.0,0.004724933861970966,,,,0.00472493386197098,,,,0.00921496316813227,0.09736889082683521,0.072789102060712,0.0,0.0,,9.316651759081704,,,,,0.001118033988749895,,0.894427190999916,,,,,5
weak_anchor,stable,Physical-Only+Sequential,2000.0,0.0,0.9891,,,,0.0109,,,,,,,,,,0.0,,,,,0.0005,,0.0,,,,,0.0,0.0,0.004174326292948331,,,,0.004174326292948361,,,,,,,,,,0.0,,,,,0.001118033988749895,,0.0,,,,,5
weak_anchor,stealthy_puea,Baseline-XGBoost,2000.0,234.6,0.5404,0.16965759192073054,0.7447580629400983,0.2762456972492926,0.4868855200654597,0.25524193705990184,0.6685553219939686,0.7447580629400983,,,,,,,0.0,17.2,0.597610480411596,,0.0,,,,,,,,0.0,9.396807968666808,0.03357156534926547,0.02598001749303318,0.07870901998638999,0.03960757571435862,0.029065649350648898,0.07870901998639,0.0710821787856059,0.07870901998638999,,,,,,,0.0,35.13829819442029,0.036719776696817,,0.0,,,,,,,,5
weak_anchor,stealthy_puea,Naive-Adaptive,2000.0,234.6,0.8814,0.22857142857142856,0.015554819281611208,0.04802730498093564,0.0036218481210900993,0.9844451807183887,0.6333630108037756,0.015554819281611208,0.39184715462025305,0.36443763914348376,3.487185833185035,0.21216297088019803,0.12857384747075468,0.9844451807183887,1989.8,342.3333333333333,0.0032155441034416622,0.0,1.0,,,,,,,,0.0,9.396807968666808,0.003879432948254176,0.3404220736212868,0.03001437242837315,0.06868766517229852,0.002380625973686103,0.030014372428373143,0.10062757958387941,0.03001437242837315,0.047516367932241024,0.06376087352709817,0.12609459795702774,0.019899873630279168,0.02588553176578114,0.030014372428373143,7.259476565152604,528.2814906215561,0.0018832977010817297,0.0,0.0,,,,,,,,5
weak_anchor,stealthy_puea,XGB+Physical,2000.0,234.6,0.8246,0.3445563561174892,0.6077668029472484,0.4364450520712948,0.14731093195295455,0.3922331970527516,0.8325182897827228,0.6077668029472484,1.9505795176694505,3.512706733088057,0.0,0.0,0.0,,0.0,10.0,0.18534936498345403,,0.0,,,,,,,,0.0,9.396807968666808,0.0346615781521846,0.11433938199366601,0.27291422521476566,0.16189169317791313,0.02862342097945421,0.27291422521476566,0.11081200005101512,0.27291422521476566,0.07173635692245428,0.09855746477221863,0.0,0.0,0.0,,0.0,14.089002803605371,0.038364344177501335,,0.0,,,,,,,,5
weak_anchor,stealthy_puea,Physically-Anchored-Adaptive,2000.0,234.6,0.9297000000000001,0.7554514690702825,0.517639641090396,0.589979235226948,0.016335160600580455,0.482360358909604,0.9059173414102704,0.517639641090396,0.3648554372700814,0.32510375233194566,3.469961172504969,0.12626771426787242,0.05933642862231038,0.482360358909604,1848.4,10.0,0.01628487598242198,0.0,1.0,,,,,,,,0.0,9.396807968666808,0.03544467519952751,0.16102805762061095,0.3058339944465988,0.28633065999622725,0.00677525959644166,0.3058339944465988,0.08914910869263665,0.3058339944465988,0.020849352156751495,0.032622821810499074,0.10623875578775374,0.06107284431440144,0.028492015327874144,0.3058339944465988,75.38766477348926,14.089002803605371,0.005953655784379597,0.0,0.0,,,,,,,,5
weak_anchor,stealthy_puea,XGB+StaticProfile,2000.0,234.6,0.7924,0.19729730955873054,0.2588300320159846,0.2214280574820397,0.13709542895083301,0.7411699679840155,0.6603918412875707,0.2588300320159846,1.9505795176694505,3.512706733088057,0.0,0.0,0.0,,0.0,227.4,0.1755116925148512,,0.0,,,,,,,,0.0,9.396807968666808,0.01954290152459452,0.05578032087273374,0.11750543773556645,0.07655205314833644,0.029880142536171522,0.11750543773556642,0.06860388302472395,0.11750543773556645,0.07173635692245428,0.09855746477221863,0.0,0.0,0.0,,0.0,225.67520909484054,0.03932991722659131,,0.0,,,,,,,,5
weak_anchor,stealthy_puea,Anchored-Update-Only,2000.0,234.6,0.8832000000000001,0.26427350427350427,0.03346481009700054,0.09534546792462079,0.00407647261793917,0.9665351899029995,0.660157252858576,0.03346481009700054,0.3648554372700814,0.32510375233194566,3.469961172504969,0.12626771426787242,0.05933642862231038,0.482360358909604,1848.4,342.3333333333333,0.003803918848273672,0.0,1.0,,,,,,,,0.0,9.396807968666808,0.006310705190388783,0.3639372041339723,0.06773501001810282,0.14366143167774306,0.00240730289202413,0.0677350100181028,0.12087492902103096,0.06773501001810282,0.020849352156751495,0.032622821810499074,0.10623875578775374,0.06107284431440144,0.028492015327874144,0.3058339944465988,75.38766477348926,528.2814906215561,0.0021380303174969102,0.0,0.0,,,,,,,,5
weak_anchor,stealthy_puea,Physical-Only,2000.0,234.6,0.9327,0.8151688500094296,0.5126539274998416,0.5950557222365653,0.012258687982641285,0.4873460725001584,0.9250709810345548,0.5126539274998416,,,,,,,0.0,12.2,0.012480957134148308,0.0,1.0,,,,,,,,0.0,9.396807968666808,0.03315607033410321,0.10990561513342126,0.3027826084474333,0.2847542413537982,0.0061116777676228865,0.3027826084474333,0.07087183521560447,0.3027826084474333,,,,,,,0.0,13.572030061858838,0.006229802245861226,0.0,0.0,,,,,,,,5
weak_anchor,stealthy_puea,Spatial-XGBoost,2000.0,234.6,0.8659000000000001,0.46919273428816555,0.7023253101385624,0.5602413756983018,0.11243566989553318,0.2976746898614376,0.8838165338872919,0.7023253101385624,,,,,,,0.0,7.8,0.14260761587863974,,0.0,,,,,,,,0.0,9.396807968666808,0.059434207322046476,0.16269355809852715,0.16683261335685495,0.16763406411722434,0.048454190663650795,0.16683261335685495,0.07807858209788805,0.16683261335685495,,,,,,,0.0,11.366617790706258,0.06245369498642761,,0.0,,,,,,,,5
weak_anchor,stealthy_puea,Sequential-Anchored,2000.0,234.6,0.8942,0.567247742231,0.5422193406416381,0.4991381864930512,0.05992073360487209,0.4577806593583619,0.8834813433666678,0.5422193406416381,1.2233465452620844,2.1216980241541563,1.5966144728596767,0.09880370665809192,0.05520959008180946,0.295069341928461,1027.6,10.0,0.0726709198782367,0.0,0.4,0.00078125,297.5,0.0,,,,,0.0,9.396807968666808,0.019090573590125573,0.06723926204099098,0.32498330973284606,0.20613408163975583,0.04465753753326667,0.324983309732846,0.07048788257914648,0.32498330973284606,0.7926367796834419,1.630954706321592,1.6926363983657424,0.0848833368029326,0.03173414579477994,0.3799632965086421,657.6688376379103,14.089002803605371,0.059526919066036646,0.0,0.5477225575051662,0.0017469281074217107,495.0996532685785,0.0,,,,,5
weak_anchor,stealthy_puea,Sequential-Anchored+Rollback,2000.0,234.6,0.8736,0.514090704685169,0.5497247575104687,0.4637023553998344,0.08439340575585488,0.4502752424895312,0.8734423185489438,0.5497247575104687,1.3312241429619998,2.2561382212946475,1.4984290995563108,0.09909024299259575,0.039435305986958616,0.2959662029150081,1027.8,10.0,0.10435713758150737,0.0,0.4,0.00078125,297.5,2.0,,,,,0.0,9.396807968666808,0.040465108426890405,0.08848426311051198,0.3339835604773685,0.18051081508238914,0.07662824441437048,0.3339835604773685,0.06286880341951376,0.3339835604773685,0.8456662388990293,1.7237747903333422,1.6668163863775758,0.08460785313785449,0.056398187724255214,0.38108097872215746,657.8789402314077,14.089002803605371,0.1005420509313884,0.0,0.5477225575051662,0.0017469281074217107,495.0996532685785,1.0,,,,,5
weak_anchor,stealthy_puea,Sequential-Anchored-Full,2000.0,234.6,0.9423,0.7689420124203376,0.6473489511499014,0.6694984373731266,0.019284504036342787,0.3526510488500985,0.9174414475841525,0.6473489511499014,0.3786008630803201,0.3269983263748755,3.428330043917705,0.09909024299259575,0.034468180788163716,0.3526510488500985,1812.4,10.0,0.020099738526231946,0.0,1.0,0.00078125,297.5,2.0,,,,,0.0,9.396807968666808,0.04400369302683585,0.14023287629013523,0.3847319644576986,0.31009545793654175,0.007341173517302365,0.3847319644576986,0.09269072741279069,0.3847319644576986,0.02958658029648727,0.019448133688687877,0.09145440877390673,0.08460785313785449,0.03580648239708602,0.3847319644576986,95.32470823453903,14.089002803605371,0.008140229712552976,0.0,0.0,0.0017469281074217107,495.0996532685785,1.0,,,,,5
weak_anchor,stealthy_puea,Physical-Only+Sequential,2000.0,234.6,0.9455,0.8181949962219018,0.6448260739031918,0.6767237971299489,0.01532160325258874,0.3551739260968082,0.9334000231437415,0.6448260739031918,,,,,,,0.0,12.2,0.016442770449449823,0.0,1.0,0.00078125,297.5,0.0,,,,,0.0,9.396807968666808,0.04186884283091668,0.10240624151374374,0.3844639921631542,0.30804604642676814,0.007187195175081733,0.38446399216315424,0.07461069652746574,0.3844639921631542,,,,,,,0.0,13.572030061858838,0.008373486676412712,0.0,0.0,0.0017469281074217107,495.0996532685785,0.0,,,,,5
