regime,seed,scenario,system,n_slots,n_attack,accuracy,precision,recall,f1,fpr,fnr,roc_auc,attack_detection_rate,adaptation_error_mean,adaptation_error_final,profile_drift_final,profile_contamination_max,profile_contamination_final,poisoning_rate,n_profile_updates,detection_delay,drift_false_alarm_rate,recovery_slots,recovered,seq_alarm_before_attack,seq_alarm_delay,n_rollbacks,poison_phase_recall,attack_phase_recall,max_poison_progress,contamination_at_attack_start
correlated_shadowing,0,basic_puea,Baseline-XGBoost,2000,457,0.978,0.9121756487025948,1.0,0.954070981210856,0.028515878159429683,0.0,1.0,1.0,,,,,,,0,0.0,,,,,,,,,,
correlated_shadowing,0,basic_puea,Naive-Adaptive,2000,457,1.0,1.0,1.0,1.0,0.0,0.0,1.0,1.0,0.8892127462649982,0.6690116992019307,0.5547104070505698,0.0,0.0,0.0,1543,0.0,,,,,,,,,,
correlated_shadowing,0,basic_puea,XGB+Physical,2000,457,0.994,0.9744136460554371,1.0,0.9870410367170627,0.007777057679844459,0.0,1.0,1.0,0.7817078738693792,0.8047466719273243,0.0,0.0,0.0,,0,0.0,,,,,,,,,,
correlated_shadowing,0,basic_puea,Physically-Anchored-Adaptive,2000,457,0.9945,0.9764957264957265,1.0,0.988108108108108,0.007128969539857421,0.0,1.0,1.0,0.8917194596096223,0.6680940965341448,0.556029877351709,0.0,0.0,0.0,1532,0.0,,,,,,,,,,
correlated_shadowing,0,basic_puea,XGB+StaticProfile,2000,457,0.9995,0.9978165938864629,1.0,0.9989071038251366,0.0006480881399870382,0.0,1.0,1.0,0.7817078738693792,0.8047466719273243,0.0,0.0,0.0,,0,0.0,,,,,,,,,,
correlated_shadowing,0,basic_puea,Anchored-Update-Only,2000,457,1.0,1.0,1.0,1.0,0.0,0.0,1.0,1.0,0.8917194596096223,0.6680940965341448,0.556029877351709,0.0,0.0,0.0,1532,0.0,,,,,,,,,,
correlated_shadowing,0,basic_puea,Physical-Only,2000,457,0.9945,0.9764957264957265,1.0,0.988108108108108,0.007128969539857421,0.0,1.0,1.0,,,,,,,0,0.0,,,,,,,,,,
correlated_shadowing,0,basic_puea,Spatial-XGBoost,2000,457,1.0,1.0,1.0,1.0,0.0,0.0,1.0,1.0,,,,,,,0,0.0,,,,,,,,,,
correlated_shadowing,0,basic_puea,Sequential-Anchored,2000,457,0.9945,0.9764957264957265,1.0,0.988108108108108,0.007128969539857421,0.0,1.0,1.0,0.9199460403902416,1.1072149315273991,0.7588420049513144,0.0,0.0,0.0,491,0.0,,,,0.0,0.0,0.0,,,,
correlated_shadowing,0,basic_puea,Sequential-Anchored+Rollback,2000,457,0.9945,0.9764957264957265,1.0,0.988108108108108,0.007128969539857421,0.0,1.0,1.0,0.8813156302868228,1.110920476011442,0.7356720393876528,0.0,0.0,0.0,491,0.0,,,,0.0,0.0,1.0,,,,
correlated_shadowing,0,basic_puea,Sequential-Anchored-Full,2000,457,0.9855,0.9403292181069959,1.0,0.9692470837751856,0.018794556059624108,0.0,1.0,1.0,0.8932385213881203,0.6654293876898566,0.559390622182186,0.0,0.0,0.0,1467,0.0,,,,0.0,0.0,1.0,,,,
correlated_shadowing,0,basic_puea,Physical-Only+Sequential,2000,457,0.9855,0.9403292181069959,1.0,0.9692470837751856,0.018794556059624108,0.0,1.0,1.0,,,,,,,0,0.0,,,,0.0,0.0,0.0,,,,
correlated_shadowing,0,combined_drift,Baseline-XGBoost,2000,0,0.396,,,,0.604,,,,,,,,,,0,,0.749375,,0.0,,,,,,,
correlated_shadowing,0,combined_drift,Naive-Adaptive,2000,0,0.9995,,,,0.0005,,,,2.155860930063289,1.330703987534112,61.39481081911955,0.0,0.0,,1999,,0.000625,0.0,1.0,,,,,,,
correlated_shadowing,0,combined_drift,XGB+Physical,2000,0,0.402,,,,0.598,,,,32.43805586320595,61.426194304554535,0.0,0.0,0.0,,0,,0.7475,,0.0,,,,,,,
correlated_shadowing,0,combined_drift,Physically-Anchored-Adaptive,2000,0,0.992,,,,0.008,,,,2.1718776023142374,1.309306093228637,61.38728143851437,0.0,0.0,,1984,,0.01,0.0,1.0,,,,,,,
correlated_shadowing,0,combined_drift,XGB+StaticProfile,2000,0,0.403,,,,0.597,,,,32.43805586320595,61.426194304554535,0.0,0.0,0.0,,0,,0.74625,,0.0,,,,,,,
correlated_shadowing,0,combined_drift,Anchored-Update-Only,2000,0,0.9995,,,,0.0005,,,,2.1718776023142374,1.309306093228637,61.38728143851437,0.0,0.0,,1984,,0.000625,0.0,1.0,,,,,,,
correlated_shadowing,0,combined_drift,Physical-Only,2000,0,0.9925,,,,0.0075,,,,,,,,,,0,,0.009375,0.0,1.0,,,,,,,
correlated_shadowing,0,combined_drift,Spatial-XGBoost,2000,0,0.9365,,,,0.0635,,,,,,,,,,0,,0.079375,,0.0,,,,,,,
correlated_shadowing,0,combined_drift,Sequential-Anchored,2000,0,0.992,,,,0.008,,,,2.169382347467681,1.2596223207669384,61.40968804512771,0.0,0.0,,1956,,0.01,0.0,1.0,0.015,,0.0,,,,
correlated_shadowing,0,combined_drift,Sequential-Anchored+Rollback,2000,0,0.992,,,,0.008,,,,2.3489380607587327,1.25777181051598,61.14565478937225,0.0,0.0,,1956,,0.01,0.0,1.0,0.015,,3.0,,,,
correlated_shadowing,0,combined_drift,Sequential-Anchored-Full,2000,0,0.987,,,,0.013,,,,2.3489222562112118,1.2577591484756128,61.14567920068773,0.0,0.0,,1974,,0.01625,1560.0,1.0,0.015,,3.0,,,,
correlated_shadowing,0,combined_drift,Physical-Only+Sequential,2000,0,0.9875,,,,0.0125,,,,,,,,,,0,,0.015625,1560.0,1.0,0.015,,0.0,,,,
correlated_shadowing,0,gradual_puea,Baseline-XGBoost,2000,457,0.911,0.8821917808219178,0.7045951859956237,0.7834549878345498,0.027867790019442645,0.29540481400437635,0.8812041676179996,0.7045951859956237,,,,,,,0,0.0,,,,,,,,,,
correlated_shadowing,0,gradual_puea,Naive-Adaptive,2000,457,0.808,1.0,0.15973741794310722,0.27547169811320754,0.0,0.8402625820568927,0.8386019448316743,0.15973741794310722,1.0556020720235584,1.0216838717657424,0.7420774928469749,0.3829918166434197,0.3462513285905479,0.8402625820568927,1927,0.0,,,,,,,,,,
correlated_shadowing,0,gradual_puea,XGB+Physical,2000,457,0.995,0.9785867237687366,1.0,0.9891774891774892,0.0064808813998703824,0.0,1.0,1.0,0.7884518269005925,0.8763877643359916,0.0,0.0,0.0,,0,0.0,,,,,,,,,,
correlated_shadowing,0,gradual_puea,Physically-Anchored-Adaptive,2000,457,0.9955,0.98068669527897,1.0,0.9902491874322861,0.005832793259883344,0.0,1.0,1.0,0.8324267541879637,0.8270430527015287,0.5007754936519577,0.0,0.0,0.0,1534,0.0,,,,,,,,,,
correlated_shadowing,0,gradual_puea,XGB+StaticProfile,2000,457,0.8575,0.9942528735632183,0.3785557986870897,0.5483359746434231,0.0006480881399870382,0.6214442013129103,0.8804738275915371,0.3785557986870897,0.7884518269005925,0.8763877643359916,0.0,0.0,0.0,,0,0.0,,,,,,,,,,
correlated_shadowing,0,gradual_puea,Anchored-Update-Only,2000,457,0.868,1.0,0.4223194748358862,0.5938461538461538,0.0,0.5776805251641138,0.8818309837183809,0.4223194748358862,0.8324267541879637,0.8270430527015287,0.5007754936519577,0.0,0.0,0.0,1534,0.0,,,,,,,,,,
correlated_shadowing,0,gradual_puea,Physical-Only,2000,457,0.9955,0.98068669527897,1.0,0.9902491874322861,0.005832793259883344,0.0,1.0,1.0,,,,,,,0,0.0,,,,,,,,,,
correlated_shadowing,0,gradual_puea,Spatial-XGBoost,2000,457,0.9995,1.0,0.9978118161925602,0.9989047097480832,0.0,0.002188183807439825,1.0,0.9978118161925602,,,,,,,0,0.0,,,,,,,,,,
correlated_shadowing,0,gradual_puea,Sequential-Anchored,2000,457,0.9945,0.9764957264957265,1.0,0.988108108108108,0.007128969539857421,0.0,1.0,1.0,0.960409510269442,1.0727895456716912,0.9006466955159425,0.0,0.0,0.0,447,0.0,,,,0.09,0.0,0.0,,,,
correlated_shadowing,0,gradual_puea,Sequential-Anchored+Rollback,2000,457,0.994,0.9744136460554371,1.0,0.9870410367170627,0.007777057679844459,0.0,1.0,1.0,0.8469627012038761,0.6263193396505959,0.7165785695271877,0.0,0.0,0.0,447,0.0,,,,0.09,0.0,5.0,,,,
correlated_shadowing,0,gradual_puea,Sequential-Anchored-Full,2000,457,0.873,0.6427566807313643,1.0,0.7825342465753424,0.1646143875567077,0.0,0.9975522973093706,1.0,0.8177437556074828,0.8340173524810686,0.4984687282988858,0.0,0.0,0.0,1186,0.0,,,,0.09,0.0,5.0,,,,
correlated_shadowing,0,gradual_puea,Physical-Only+Sequential,2000,457,0.873,0.6427566807313643,1.0,0.7825342465753424,0.1646143875567077,0.0,0.9975522973093706,1.0,,,,,,,0,0.0,,,,0.09,0.0,0.0,,,,
correlated_shadowing,0,near_pu_poisoning,Baseline-XGBoost,2000,512,0.8645,0.9057239057239057,0.525390625,0.6650185414091471,0.01881720430107527,0.474609375,0.849392798639113,0.525390625,,,,,,,0,25.0,,,,,,,0.3268698060941828,1.0,0.3599999999999994,
correlated_shadowing,0,near_pu_poisoning,Naive-Adaptive,2000,512,0.746,1.0,0.0078125,0.015503875968992248,0.0,0.9921875,0.9507492229502689,0.0078125,3.0755545019394415,4.374783759580684,4.0078956521385045,0.373500427379488,0.3283244542596679,0.9921875,1996,25.0,,,,,,,0.008310249307479225,0.006622516556291391,1.0,0.3559700380704981
correlated_shadowing,0,near_pu_poisoning,XGB+Physical,2000,512,0.875,0.9816176470588235,0.521484375,0.6811224489795918,0.003360215053763441,0.478515625,0.9718260406165994,0.521484375,0.9784170437044153,1.1138077401077529,0.0,0.0,0.0,,0,59.0,,,,,,,0.32132963988919666,1.0,0.5400000000000033,0.0
correlated_shadowing,0,near_pu_poisoning,Physically-Anchored-Adaptive,2000,512,0.849,0.981651376146789,0.41796875,0.5863013698630137,0.002688172043010753,0.58203125,0.9652985603578629,0.41796875,1.655850640182416,1.857329610549976,1.1116614056886074,0.295123709479644,0.0902847267058643,0.58203125,1782,25.0,,,,,,,0.29916897506925205,0.7019867549668874,0.8400000000000012,0.2816473170530152
correlated_shadowing,0,near_pu_poisoning,XGB+StaticProfile,2000,512,0.877,0.996268656716418,0.521484375,0.6846153846153847,0.0006720430107526882,0.478515625,0.9793110509072581,0.521484375,0.9784170437044153,1.1138077401077529,0.0,0.0,0.0,,0,59.0,,,,,,,0.32132963988919666,1.0,0.5400000000000037,0.0
correlated_shadowing,0,near_pu_poisoning,Anchored-Update-Only,2000,512,0.7725,1.0,0.111328125,0.20035149384885764,0.0,0.888671875,0.9817275180611559,0.111328125,1.5503393547434048,1.8552840700721176,1.1104555944414758,0.2098262265269875,0.0877960949257308,0.337890625,1657,25.0,,,,,,,0.14681440443213298,0.026490066225165563,1.0,0.1549989614868238
correlated_shadowing,0,near_pu_poisoning,Physical-Only,2000,512,0.848,0.9814814814814815,0.4140625,0.5824175824175825,0.002688172043010753,0.5859375,0.9575293756300405,0.4140625,,,,,,,0,61.0,,,,,,,0.29916897506925205,0.6887417218543046,0.8400000000000011,
correlated_shadowing,0,near_pu_poisoning,Spatial-XGBoost,2000,512,0.873,0.9923664122137404,0.5078125,0.6718346253229973,0.0013440860215053765,0.4921875,0.9838250273017473,0.5078125,,,,,,,0,101.0,,,,,,,0.30193905817174516,1.0,0.7600000000000003,
correlated_shadowing,0,near_pu_poisoning,Sequential-Anchored,2000,512,0.873,0.9813432835820896,0.513671875,0.6743589743589743,0.003360215053763441,0.486328125,0.9786593529485887,0.513671875,1.2084417254089324,1.7267277493348712,0.8385360649461432,0.175172227883522,0.127223353757042,0.064453125,479,25.0,,,,0.0,8.0,0.0,0.31024930747922436,1.0,0.6600000000000036,0.127223353757042
correlated_shadowing,0,near_pu_poisoning,Sequential-Anchored+Rollback,2000,512,0.8735,0.9850187265917603,0.513671875,0.675224646983312,0.002688172043010753,0.486328125,0.97821044921875,0.513671875,1.2395453226881368,1.80032037205147,0.8219804170413719,0.1740699501895928,0.139428539456468,0.064453125,479,25.0,,,,0.0,8.0,33.0,0.31024930747922436,1.0,0.6800000000000023,0.139428539456468
correlated_shadowing,0,near_pu_poisoning,Sequential-Anchored-Full,2000,512,0.8695,0.9087947882736156,0.544921875,0.6813186813186812,0.01881720430107527,0.455078125,0.9177534862231183,0.544921875,1.1006191587561198,1.035269017002371,0.4171170661974867,0.1794476197889162,0.0058241885142455,0.341796875,1556,25.0,,,,0.0,8.0,57.0,0.3545706371191136,1.0,0.6800000000000004,0.1121298550427711
correlated_shadowing,0,near_pu_poisoning,Physical-Only+Sequential,2000,512,0.8685,0.9029126213592233,0.544921875,0.679658952496955,0.020161290322580645,0.455078125,0.9199625651041666,0.544921875,,,,,,,0,61.0,,,,0.0,8.0,0.0,0.3601108033240997,0.9867549668874173,0.8000000000000005,
correlated_shadowing,0,noise_drift,Baseline-XGBoost,2000,0,0.4025,,,,0.5975,,,,,,,,,,0,,0.733125,,0.0,,,,,,,
correlated_shadowing,0,noise_drift,Naive-Adaptive,2000,0,0.9995,,,,0.0005,,,,2.444062162952203,0.785379286840591,81.35371261402788,0.0,0.0,,1999,,0.000625,0.0,1.0,,,,,,,
correlated_shadowing,0,noise_drift,XGB+Physical,2000,0,0.412,,,,0.588,,,,42.96945615467356,81.5190675400951,0.0,0.0,0.0,,0,,0.733125,,0.0,,,,,,,
correlated_shadowing,0,noise_drift,Physically-Anchored-Adaptive,2000,0,0.994,,,,0.006,,,,2.4440955196416163,0.7912643833458735,81.35234473373687,0.0,0.0,,1988,,0.00625,0.0,1.0,,,,,,,
correlated_shadowing,0,noise_drift,XGB+StaticProfile,2000,0,0.413,,,,0.587,,,,42.96945615467356,81.5190675400951,0.0,0.0,0.0,,0,,0.733125,,0.0,,,,,,,
correlated_shadowing,0,noise_drift,Anchored-Update-Only,2000,0,0.9995,,,,0.0005,,,,2.4440955196416163,0.7912643833458735,81.35234473373687,0.0,0.0,,1988,,0.000625,0.0,1.0,,,,,,,
correlated_shadowing,0,noise_drift,Physical-Only,2000,0,0.9945,,,,0.0055,,,,,,,,,,0,,0.005625,0.0,1.0,,,,,,,
correlated_shadowing,0,noise_drift,Spatial-XGBoost,2000,0,1.0,,,,0.0,,,,,,,,,,0,,0.0,0.0,1.0,,,,,,,
correlated_shadowing,0,noise_drift,Sequential-Anchored,2000,0,0.994,,,,0.006,,,,2.443439289882919,0.7888931486528244,81.35167738369559,0.0,0.0,,1983,,0.00625,0.0,1.0,0.0025,,0.0,,,,
correlated_shadowing,0,noise_drift,Sequential-Anchored+Rollback,2000,0,0.994,,,,0.006,,,,2.440867712016472,0.8067675671908483,81.33381217134357,0.0,0.0,,1983,,0.00625,0.0,1.0,0.0025,,3.0,,,,
correlated_shadowing,0,noise_drift,Sequential-Anchored-Full,2000,0,0.992,,,,0.008,,,,2.440867712016472,0.8067675671908483,81.33381217134357,0.0,0.0,,1983,,0.00875,1375.0,1.0,0.0025,,3.0,,,,
correlated_shadowing,0,noise_drift,Physical-Only+Sequential,2000,0,0.9925,,,,0.0075,,,,,,,,,,0,,0.008125,1375.0,1.0,0.0025,,0.0,,,,
correlated_shadowing,0,poisoning,Baseline-XGBoost,2000,523,0.8505,0.8478260869565217,0.5219885277246654,0.6461538461538462,0.03317535545023697,0.4780114722753346,0.8777546341545508,0.5219885277246654,,,,,,,0,23.0,,,,,,,0.3188010899182561,1.0,0.4000000000000002,
correlated_shadowing,0,poisoning,Naive-Adaptive,2000,523,0.7405,1.0,0.0076481835564053535,0.015180265654648957,0.0,0.9923518164435946,0.9316479194688215,0.0076481835564053535,2.6929295819581966,3.441494611570018,3.214621943004865,0.3905822130609483,0.3111272185252314,0.9923518164435946,1996,23.0,,,,,,,0.010899182561307902,0.0,1.0,0.3138799204979052
correlated_shadowing,0,poisoning,XGB+Physical,2000,523,0.9955,0.9885931558935361,0.994263862332696,0.9914204003813156,0.004062288422477996,0.0057361376673040155,0.9999443344798704,0.994263862332696,0.8212139798106125,0.6415457095230291,0.0,0.0,0.0,,0,5.0,,,,,,,0.9918256130790191,1.0,0.04,0.0
correlated_shadowing,0,poisoning,Physically-Anchored-Adaptive,2000,523,0.995,0.9867172675521821,0.994263862332696,0.9904761904761904,0.004739336492890996,0.0057361376673040155,0.9999456290268502,0.994263862332696,0.9633532542649533,0.7371332885890581,0.1305250282495638,0.0200188832905978,1.2648455223616106e-05,0.0057361376673040155,1473,5.0,,,,,,,0.9918256130790191,1.0,0.04,0.0004013567266957
correlated_shadowing,0,poisoning,XGB+StaticProfile,2000,523,0.874,1.0,0.5181644359464627,0.6826196473551638,0.0,0.4818355640535373,0.9832537402698612,0.5181644359464627,0.8212139798106125,0.6415457095230291,0.0,0.0,0.0,,0,23.0,,,,,,,0.3133514986376022,1.0,0.8000000000000029,0.0
correlated_shadowing,0,poisoning,Anchored-Update-Only,2000,523,0.8735,0.9963235294117647,0.5181644359464627,0.681761006289308,0.0006770480704129993,0.4818355640535373,0.9799940709748327,0.5181644359464627,0.9650630193398209,0.7371163918770297,0.130514454567892,0.01,7.66386892366771e-08,0.0019120458891013384,1471,23.0,,,,,,,0.3133514986376022,1.0,0.8000000000000009,2.431874320340407e-06
correlated_shadowing,0,poisoning,Physical-Only,2000,523,0.9955,0.9885931558935361,0.994263862332696,0.9914204003813156,0.004062288422477996,0.0057361376673040155,0.999952101761749,0.994263862332696,,,,,,,0,5.0,,,,,,,0.9918256130790191,1.0,0.04,
correlated_shadowing,0,poisoning,Spatial-XGBoost,2000,523,0.9825,1.0,0.9330783938814532,0.9653808110781404,0.0,0.06692160611854685,0.9996375268456681,0.9330783938814532,,,,,,,0,10.0,,,,,,,0.9046321525885559,1.0,0.06,
correlated_shadowing,0,poisoning,Sequential-Anchored,2000,523,0.9935,0.9811320754716981,0.994263862332696,0.9876543209876544,0.006770480704129994,0.0057361376673040155,0.9998705453020243,0.994263862332696,0.8944675709633078,0.7582776779199283,0.5918453166752821,0.0,0.0,0.0,304,5.0,,,,0.0,0.0,0.0,0.9918256130790191,1.0,0.04,0.0
correlated_shadowing,0,poisoning,Sequential-Anchored+Rollback,2000,523,0.994,0.9829867674858223,0.994263862332696,0.988593155893536,0.006093432633716994,0.0057361376673040155,0.9998809016778623,0.994263862332696,0.8910066527740057,0.7647000025690268,0.5763157523284541,0.0,0.0,0.0,304,5.0,,,,0.0,0.0,3.0,0.9918256130790191,1.0,0.04,0.0
correlated_shadowing,0,poisoning,Sequential-Anchored-Full,2000,523,0.99,0.9648798521256932,0.9980879541108987,0.9812030075187971,0.012863913337846988,0.0019120458891013384,0.9999831708892631,0.9980879541108987,0.9489881045296347,0.7471903304809291,0.1331369342075252,0.0,0.0,0.0,1401,5.0,,,,0.0,0.0,3.0,0.997275204359673,1.0,0.02,0.0
correlated_shadowing,0,poisoning,Physical-Only+Sequential,2000,523,0.99,0.9648798521256932,0.9980879541108987,0.9812030075187971,0.012863913337846988,0.0019120458891013384,0.9999857599832227,0.9980879541108987,,,,,,,0,5.0,,,,0.0,0.0,0.0,0.997275204359673,1.0,0.02,
correlated_shadowing,0,power_drift,Baseline-XGBoost,2000,0,0.3115,,,,0.6885,,,,,,,,,,0,,0.85375,,0.0,,,,,,,
correlated_shadowing,0,power_drift,Naive-Adaptive,2000,0,1.0,,,,0.0,,,,0.9509332181203163,1.2383342408909153,8.692972302107005,0.0,0.0,,2000,,0.0,0.0,1.0,,,,,,,
correlated_shadowing,0,power_drift,XGB+Physical,2000,0,0.4215,,,,0.5785,,,,4.906591842019469,9.427735452909065,0.0,0.0,0.0,,0,,0.723125,,0.0,,,,,,,
correlated_shadowing,0,power_drift,Physically-Anchored-Adaptive,2000,0,0.997,,,,0.003,,,,0.9498745218048432,1.2368389315296895,8.694272456753728,0.0,0.0,,1994,,0.00375,0.0,1.0,,,,,,,
correlated_shadowing,0,power_drift,XGB+StaticProfile,2000,0,0.422,,,,0.578,,,,4.906591842019469,9.427735452909065,0.0,0.0,0.0,,0,,0.7225,,0.0,,,,,,,
correlated_shadowing,0,power_drift,Anchored-Update-Only,2000,0,1.0,,,,0.0,,,,0.9498745218048432,1.2368389315296895,8.694272456753728,0.0,0.0,,1994,,0.0,0.0,1.0,,,,,,,
correlated_shadowing,0,power_drift,Physical-Only,2000,0,0.997,,,,0.003,,,,,,,,,,0,,0.00375,0.0,1.0,,,,,,,
correlated_shadowing,0,power_drift,Spatial-XGBoost,2000,0,0.752,,,,0.248,,,,,,,,,,0,,0.31,,0.0,,,,,,,
correlated_shadowing,0,power_drift,Sequential-Anchored,2000,0,0.997,,,,0.003,,,,0.9498745218048432,1.2368389315296895,8.694272456753728,0.0,0.0,,1994,,0.00375,0.0,1.0,0.0,,0.0,,,,
correlated_shadowing,0,power_drift,Sequential-Anchored+Rollback,2000,0,0.997,,,,0.003,,,,0.9498745218048432,1.2368389315296895,8.694272456753728,0.0,0.0,,1994,,0.00375,0.0,1.0,0.0,,0.0,,,,
correlated_shadowing,0,power_drift,Sequential-Anchored-Full,2000,0,0.997,,,,0.003,,,,0.9498745218048432,1.2368389315296895,8.694272456753728,0.0,0.0,,1994,,0.00375,0.0,1.0,0.0,,0.0,,,,
correlated_shadowing,0,power_drift,Physical-Only+Sequential,2000,0,0.997,,,,0.003,,,,,,,,,,0,,0.00375,0.0,1.0,0.0,,0.0,,,,
correlated_shadowing,0,power_matching_puea,Baseline-XGBoost,2000,429,0.932,0.8727735368956743,0.7995337995337995,0.8345498783454988,0.031826861871419476,0.20046620046620048,0.9706169069631833,0.7995337995337995,,,,,,,0,0.0,,,,,,,,,,
correlated_shadowing,0,power_matching_puea,Naive-Adaptive,2000,429,0.7855,,0.0,,0.0,1.0,0.9111325763139894,0.0,1.1763500955966315,1.3999784949687109,1.118882795251947,0.3713377269038491,0.2206768134993989,1.0,2000,,,,,,,,,,,
correlated_shadowing,0,power_matching_puea,XGB+Physical,2000,429,0.994,0.9727891156462585,1.0,0.9862068965517241,0.0076384468491406746,0.0,1.0,1.0,0.7475302443571098,0.685461979857659,0.0,0.0,0.0,,0,0.0,,,,,,,,,,
correlated_shadowing,0,power_matching_puea,Physically-Anchored-Adaptive,2000,429,0.9965,0.9839449541284404,1.0,0.9919075144508671,0.004455760661998727,0.0,1.0,1.0,0.8316325682029188,0.8712676426877762,0.6854329977257075,0.0,0.0,0.0,1564,0.0,,,,,,,,,,
correlated_shadowing,0,power_matching_puea,XGB+StaticProfile,2000,429,0.829,0.9484536082474226,0.21445221445221446,0.34980988593155893,0.003182686187141948,0.7855477855477856,0.969361637725737,0.21445221445221446,0.7475302443571098,0.685461979857659,0.0,0.0,0.0,,0,0.0,,,,,,,,,,
correlated_shadowing,0,power_matching_puea,Anchored-Update-Only,2000,429,0.8035,1.0,0.08391608391608392,0.15483870967741936,0.0,0.916083916083916,0.9682310051501649,0.08391608391608392,0.8316325682029188,0.8712676426877762,0.6854329977257075,0.0,0.0,0.0,1564,70.0,,,,,,,,,,
correlated_shadowing,0,power_matching_puea,Physical-Only,2000,429,0.9965,0.9839449541284404,1.0,0.9919075144508671,0.004455760661998727,0.0,1.0,1.0,,,,,,,0,0.0,,,,,,,,,,
correlated_shadowing,0,power_matching_puea,Spatial-XGBoost,2000,429,1.0,1.0,1.0,1.0,0.0,0.0,1.0,1.0,,,,,,,0,0.0,,,,,,,,,,
correlated_shadowing,0,power_matching_puea,Sequential-Anchored,2000,429,0.9965,0.9839449541284404,1.0,0.9919075144508671,0.004455760661998727,0.0,1.0,1.0,1.0199544821794133,1.528859097053545,1.078783095666311,0.0,0.0,0.0,503,0.0,,,,0.0,0.0,0.0,,,,
correlated_shadowing,0,power_matching_puea,Sequential-Anchored+Rollback,2000,429,0.9965,0.9839449541284404,1.0,0.9919075144508671,0.004455760661998727,0.0,1.0,1.0,1.0310013416871833,1.5460348085146116,1.0939820856542826,0.0,0.0,0.0,503,0.0,,,,0.0,0.0,1.0,,,,
correlated_shadowing,0,power_matching_puea,Sequential-Anchored-Full,2000,429,0.9885,0.9491150442477876,1.0,0.9738933030646992,0.01464035646085296,0.0,1.0,1.0,0.8457907364949279,0.864321678983373,0.6836508004465885,0.0,0.0,0.0,1487,0.0,,,,0.0,0.0,1.0,,,,
correlated_shadowing,0,power_matching_puea,Physical-Only+Sequential,2000,429,0.9885,0.9491150442477876,1.0,0.9738933030646992,0.01464035646085296,0.0,1.0,1.0,,,,,,,0,0.0,,,,0.0,0.0,0.0,,,,
correlated_shadowing,0,shadowing_drift,Baseline-XGBoost,2000,0,0.873,,,,0.127,,,,,,,,,,0,,0.146875,,0.0,,,,,,,
correlated_shadowing,0,shadowing_drift,Naive-Adaptive,2000,0,0.999,,,,0.001,,,,1.1282691398047833,1.3863847952247312,1.7272306310284704,0.0,0.0,,1998,,0.00125,0.0,1.0,,,,,,,
correlated_shadowing,0,shadowing_drift,XGB+Physical,2000,0,0.956,,,,0.044,,,,1.3927839694284867,1.5036020458772763,0.0,0.0,0.0,,0,,0.055,1533.0,1.0,,,,,,,
correlated_shadowing,0,shadowing_drift,Physically-Anchored-Adaptive,2000,0,0.996,,,,0.004,,,,1.128059281501286,1.3923514197448597,1.7317462736798566,0.0,0.0,,1992,,0.005,0.0,1.0,,,,,,,
correlated_shadowing,0,shadowing_drift,XGB+StaticProfile,2000,0,0.9585,,,,0.0415,,,,1.3927839694284867,1.5036020458772763,0.0,0.0,0.0,,0,,0.051875,1532.0,1.0,,,,,,,
correlated_shadowing,0,shadowing_drift,Anchored-Update-Only,2000,0,0.999,,,,0.001,,,,1.128059281501286,1.3923514197448597,1.7317462736798566,0.0,0.0,,1992,,0.00125,0.0,1.0,,,,,,,
correlated_shadowing,0,shadowing_drift,Physical-Only,2000,0,0.997,,,,0.003,,,,,,,,,,0,,0.00375,0.0,1.0,,,,,,,
correlated_shadowing,0,shadowing_drift,Spatial-XGBoost,2000,0,0.9935,,,,0.0065,,,,,,,,,,0,,0.008125,0.0,1.0,,,,,,,
correlated_shadowing,0,shadowing_drift,Sequential-Anchored,2000,0,0.996,,,,0.004,,,,1.128059281501286,1.3923514197448597,1.7317462736798566,0.0,0.0,,1992,,0.005,0.0,1.0,0.0,,0.0,,,,
correlated_shadowing,0,shadowing_drift,Sequential-Anchored+Rollback,2000,0,0.996,,,,0.004,,,,1.128059281501286,1.3923514197448597,1.7317462736798566,0.0,0.0,,1992,,0.005,0.0,1.0,0.0,,0.0,,,,
correlated_shadowing,0,shadowing_drift,Sequential-Anchored-Full,2000,0,0.996,,,,0.004,,,,1.128059281501286,1.3923514197448597,1.7317462736798566,0.0,0.0,,1992,,0.005,0.0,1.0,0.0,,0.0,,,,
correlated_shadowing,0,shadowing_drift,Physical-Only+Sequential,2000,0,0.997,,,,0.003,,,,,,,,,,0,,0.00375,0.0,1.0,0.0,,0.0,,,,
correlated_shadowing,0,slow_near_pu_poisoning,Baseline-XGBoost,2000,206,0.952,0.7455357142857143,0.8106796116504854,0.7767441860465116,0.03177257525083612,0.18932038834951456,0.9206091502419067,0.8106796116504854,,,,,,,0,369.0,,,,,,,0.2909090909090909,1.0,0.2599999999999999,
correlated_shadowing,0,slow_near_pu_poisoning,Naive-Adaptive,2000,206,0.977,0.9938271604938271,0.7815533980582524,0.875,0.0005574136008918618,0.21844660194174756,0.9738610903659448,0.7815533980582524,0.9073859013462988,1.2276937808115114,0.5122140537637395,0.0770486545769889,0.0006964400054487,0.21844660194174756,1838,634.0,,,,,,,0.18181818181818182,1.0,0.7200000000000004,0.0230057285051426
correlated_shadowing,0,slow_near_pu_poisoning,XGB+Physical,2000,206,0.9735,0.9371428571428572,0.7961165048543689,0.8608923884514436,0.006131549609810479,0.20388349514563106,0.9713892586940287,0.7961165048543689,0.8892487876567311,1.1013947721448427,0.0,0.0,0.0,,0,466.0,,,,,,,0.23636363636363636,1.0,0.3800000000000003,0.0
correlated_shadowing,0,slow_near_pu_poisoning,Physically-Anchored-Adaptive,2000,206,0.973,0.9367816091954023,0.7912621359223301,0.8578947368421053,0.006131549609810479,0.2087378640776699,0.979107813531621,0.7912621359223301,0.9120864556369301,1.2282851127456693,0.5124739388650978,0.0675625094948063,0.0010277461094495,0.2087378640776699,1826,634.0,,,,,,,0.21818181818181817,1.0,0.4800000000000005,0.0339498704572246
correlated_shadowing,0,slow_near_pu_poisoning,XGB+StaticProfile,2000,206,0.9785,0.9939393939393939,0.7961165048543689,0.8840970350404312,0.0005574136008918618,0.20388349514563106,0.9694613111666721,0.7961165048543689,0.8892487876567311,1.1013947721448427,0.0,0.0,0.0,,0,466.0,,,,,,,0.23636363636363636,1.0,0.4200000000000006,0.0
correlated_shadowing,0,slow_near_pu_poisoning,Anchored-Update-Only,2000,206,0.9785,0.9939393939393939,0.7961165048543689,0.8840970350404312,0.0005574136008918618,0.20388349514563106,0.9737312075851543,0.7961165048543689,0.914909200584332,1.2278338535770459,0.5125127229637388,0.0560807156441177,0.0006368871903298,0.16990291262135923,1818,634.0,,,,,,,0.23636363636363636,1.0,0.5400000000000004,0.0210385010546475
correlated_shadowing,0,slow_near_pu_poisoning,Physical-Only,2000,206,0.9525,0.9236641221374046,0.587378640776699,0.7181008902077151,0.005574136008918618,0.41262135922330095,0.9574620363455315,0.587378640776699,,,,,,,0,678.0,,,,,,,0.14545454545454545,0.7483443708609272,0.6000000000000005,
correlated_shadowing,0,slow_near_pu_poisoning,Spatial-XGBoost,2000,206,0.976,0.9876543209876543,0.7766990291262136,0.8695652173913043,0.0011148272017837235,0.22330097087378642,0.9720102607396824,0.7766990291262136,,,,,,,0,678.0,,,,,,,0.16363636363636364,1.0,0.6200000000000003,
correlated_shadowing,0,slow_near_pu_poisoning,Sequential-Anchored,2000,206,0.974,0.9375,0.8009708737864077,0.8638743455497382,0.006131549609810479,0.19902912621359223,0.9775735731835352,0.8009708737864077,0.8514737949358391,0.9491514353369105,0.50140657395875,0.0329280644274987,0.0115254875356439,0.0970873786407767,1433,618.0,,,,0.0,26.0,0.0,0.2545454545454545,1.0,0.4200000000000001,0.0162204421755828
correlated_shadowing,0,slow_near_pu_poisoning,Sequential-Anchored+Rollback,2000,206,0.973,0.9367816091954023,0.7912621359223301,0.8578947368421053,0.006131549609810479,0.2087378640776699,0.9788926951759371,0.7912621359223301,0.829604101049193,0.9537539348305506,0.40983683878175,0.033907416097248,0.0164365283560862,0.0825242718446602,1413,618.0,,,,0.0,26.0,50.0,0.21818181818181817,1.0,0.4200000000000005,0.0181743190298484
correlated_shadowing,0,slow_near_pu_poisoning,Sequential-Anchored-Full,2000,206,0.965,0.8541666666666666,0.7961165048543689,0.8241206030150753,0.01560758082497213,0.20388349514563106,0.9623894643417648,0.7961165048543689,0.8808203062508275,1.3134554299830157,0.5294722271888682,0.0371222261252145,0.0014013593695239,0.10679611650485436,1745,618.0,,,,0.0,26.0,49.0,0.23636363636363636,1.0,0.4200000000000001,0.0180833874062723
correlated_shadowing,0,slow_near_pu_poisoning,Physical-Only+Sequential,2000,206,0.9605,0.850828729281768,0.7475728155339806,0.7958656330749355,0.015050167224080268,0.2524271844660194,0.9363303785000703,0.7475728155339806,,,,,,,0,678.0,,,,0.0,26.0,0.0,0.21818181818181817,0.9403973509933775,0.5000000000000001,
correlated_shadowing,0,stable,Baseline-XGBoost,2000,0,0.9745,,,,0.0255,,,,,,,,,,0,,,,,,,,,,,
correlated_shadowing,0,stable,Naive-Adaptive,2000,0,0.999,,,,0.001,,,,0.8399992109840235,1.0316585530077442,1.1086116271226711,0.0,0.0,,1998,,,,,,,,,,,
correlated_shadowing,0,stable,XGB+Physical,2000,0,0.991,,,,0.009,,,,0.8276606819402085,0.5415263250846835,0.0,0.0,0.0,,0,,,,,,,,,,,
correlated_shadowing,0,stable,Physically-Anchored-Adaptive,2000,0,0.993,,,,0.007,,,,0.8381502117498595,1.0179906959409168,1.101139438468654,0.0,0.0,,1986,,,,,,,,,,,
correlated_shadowing,0,stable,XGB+StaticProfile,2000,0,0.997,,,,0.003,,,,0.8276606819402085,0.5415263250846835,0.0,0.0,0.0,,0,,,,,,,,,,,
correlated_shadowing,0,stable,Anchored-Update-Only,2000,0,0.999,,,,0.001,,,,0.8381502117498595,1.0179906959409168,1.101139438468654,0.0,0.0,,1986,,,,,,,,,,,
correlated_shadowing,0,stable,Physical-Only,2000,0,0.994,,,,0.006,,,,,,,,,,0,,,,,,,,,,,
correlated_shadowing,0,stable,Spatial-XGBoost,2000,0,0.9995,,,,0.0005,,,,,,,,,,0,,,,,,,,,,,
correlated_shadowing,0,stable,Sequential-Anchored,2000,0,0.993,,,,0.007,,,,0.8381502117498595,1.0179906959409168,1.101139438468654,0.0,0.0,,1986,,,,,0.0,,0.0,,,,
correlated_shadowing,0,stable,Sequential-Anchored+Rollback,2000,0,0.993,,,,0.007,,,,0.8381502117498595,1.0179906959409168,1.101139438468654,0.0,0.0,,1986,,,,,0.0,,0.0,,,,
correlated_shadowing,0,stable,Sequential-Anchored-Full,2000,0,0.993,,,,0.007,,,,0.8381502117498595,1.0179906959409168,1.101139438468654,0.0,0.0,,1986,,,,,0.0,,0.0,,,,
correlated_shadowing,0,stable,Physical-Only+Sequential,2000,0,0.994,,,,0.006,,,,,,,,,,0,,,,,0.0,,0.0,,,,
correlated_shadowing,0,stealthy_puea,Baseline-XGBoost,2000,227,0.414,0.152317880794702,0.9118942731277533,0.26103404791929385,0.649746192893401,0.0881057268722467,0.7314303390803313,0.9118942731277533,,,,,,,0,9.0,0.8266569555717407,,0.0,,,,,,,
correlated_shadowing,0,stealthy_puea,Naive-Adaptive,2000,227,0.8885,0.8333333333333334,0.022026431718061675,0.04291845493562232,0.0005640157924421884,0.9779735682819384,0.7875002174069685,0.022026431718061675,1.1612830327120154,1.4253089628816555,9.08646588005628,0.2052933021761446,0.1423010311899589,0.9779735682819384,1994,14.0,0.0007283321194464676,0.0,1.0,,,,,,,
correlated_shadowing,0,stealthy_puea,XGB+Physical,2000,227,0.528,0.19385140905209222,1.0,0.32474964234620884,0.5324309080654258,0.0,0.9178102273207261,1.0,4.892198111837153,8.704965323048281,0.0,0.0,0.0,,0,0.0,0.6846321922796795,,0.0,,,,,,,
correlated_shadowing,0,stealthy_puea,Physically-Anchored-Adaptive,2000,227,0.995,0.9578059071729957,1.0,0.9784482758620688,0.0056401579244218835,0.0,1.0,1.0,1.030803617834761,1.6567913443996998,9.050705573300416,0.0,0.0,0.0,1763,0.0,0.005098324836125273,0.0,1.0,,,,,,,
correlated_shadowing,0,stealthy_puea,XGB+StaticProfile,2000,227,0.508,0.16053811659192826,0.788546255506608,0.2667660208643815,0.5279187817258884,0.21145374449339208,0.6752213202938846,0.788546255506608,4.892198111837153,8.704965323048281,0.0,0.0,0.0,,0,14.0,0.6809905316824472,,0.0,,,,,,,
correlated_shadowing,0,stealthy_puea,Anchored-Update-Only,2000,227,0.9155,0.9833333333333333,0.2599118942731278,0.41114982578397213,0.0005640157924421884,0.7400881057268722,0.8691980291747727,0.2599118942731278,1.030803617834761,1.6567913443996998,9.050705573300416,0.0,0.0,0.0,1763,14.0,0.0007283321194464676,0.0,1.0,,,,,,,
correlated_shadowing,0,stealthy_puea,Physical-Only,2000,227,0.9955,0.961864406779661,1.0,0.980561555075594,0.005076142131979695,0.0,1.0,1.0,,,,,,,0,0.0,0.004369992716678805,0.0,1.0,,,,,,,
correlated_shadowing,0,stealthy_puea,Spatial-XGBoost,2000,227,0.783,0.3434190620272315,1.0,0.5112612612612613,0.24478285391990975,0.0,0.9957686392311496,1.0,,,,,,,0,0.0,0.3160961398397669,,0.0,,,,,,,
correlated_shadowing,0,stealthy_puea,Sequential-Anchored,2000,227,0.527,0.19352088661551578,1.0,0.3242857142857143,0.5335589396503102,0.0,0.9098767364605151,1.0,4.745726584214394,8.523114268066111,0.5940875787308797,0.0,0.0,0.0,500,0.0,0.6868171886380189,,0.0,0.0,0.0,0.0,,,,
correlated_shadowing,0,stealthy_puea,Sequential-Anchored+Rollback,2000,227,0.5245,0.1926994906621392,1.0,0.3231316725978648,0.5363790186125211,0.0,0.9067411068126648,1.0,4.759903758790159,8.54325205415969,0.6168819759671194,0.0,0.0,0.0,500,0.0,0.6904588492352512,,0.0,0.0,0.0,1.0,,,,
correlated_shadowing,0,stealthy_puea,Sequential-Anchored-Full,2000,227,0.9945,0.9537815126050421,1.0,0.9763440860215054,0.006204173716864072,0.0,1.0,1.0,1.0535554388310948,1.6526944642997248,9.05176620352534,0.0,0.0,0.0,1716,0.0,0.005826656955571741,0.0,1.0,0.0,0.0,1.0,,,,
correlated_shadowing,0,stealthy_puea,Physical-Only+Sequential,2000,227,0.995,0.9578059071729957,1.0,0.9784482758620688,0.0056401579244218835,0.0,1.0,1.0,,,,,,,0,0.0,0.005098324836125273,0.0,1.0,0.0,0.0,0.0,,,,
correlated_shadowing,1,basic_puea,Baseline-XGBoost,2000,476,0.984,0.937007874015748,1.0,0.9674796747967479,0.02099737532808399,0.0,1.0,1.0,,,,,,,0,0.0,,,,,,,,,,
correlated_shadowing,1,basic_puea,Naive-Adaptive,2000,476,1.0,1.0,1.0,1.0,0.0,0.0,1.0,1.0,1.0110034577187,0.7853057052264958,0.8054356712387568,0.0,0.0,0.0,1524,0.0,,,,,,,,,,
correlated_shadowing,1,basic_puea,XGB+Physical,2000,476,0.984,0.937007874015748,1.0,0.9674796747967479,0.02099737532808399,0.0,1.0,1.0,0.9829461247064906,0.9931921572103175,0.0,0.0,0.0,,0,0.0,,,,,,,,,,
correlated_shadowing,1,basic_puea,Physically-Anchored-Adaptive,2000,476,0.9855,0.9425742574257425,1.0,0.9704383282364933,0.019028871391076115,0.0,1.0,1.0,1.0102448586173332,0.781294767858756,0.796322472956141,0.0,0.0,0.0,1495,0.0,,,,,,,,,,
correlated_shadowing,1,basic_puea,XGB+StaticProfile,2000,476,0.9985,0.9937369519832986,1.0,0.9968586387434555,0.001968503937007874,0.0,1.0,1.0,0.9829461247064906,0.9931921572103175,0.0,0.0,0.0,,0,0.0,,,,,,,,,,
correlated_shadowing,1,basic_puea,Anchored-Update-Only,2000,476,1.0,1.0,1.0,1.0,0.0,0.0,1.0,1.0,1.0102448586173332,0.781294767858756,0.796322472956141,0.0,0.0,0.0,1495,0.0,,,,,,,,,,
correlated_shadowing,1,basic_puea,Physical-Only,2000,476,0.9855,0.9425742574257425,1.0,0.9704383282364933,0.019028871391076115,0.0,1.0,1.0,,,,,,,0,0.0,,,,,,,,,,
correlated_shadowing,1,basic_puea,Spatial-XGBoost,2000,476,0.9995,0.9979035639412998,1.0,0.998950682056663,0.0006561679790026247,0.0,1.0,1.0,,,,,,,0,0.0,,,,,,,,,,
correlated_shadowing,1,basic_puea,Sequential-Anchored,2000,476,0.9845,0.9388560157790927,1.0,0.9684638860630723,0.020341207349081365,0.0,1.0,1.0,0.9319695805711109,0.7393488188623142,0.650078160695343,0.0,0.0,0.0,500,0.0,,,,0.0,0.0,0.0,,,,
correlated_shadowing,1,basic_puea,Sequential-Anchored+Rollback,2000,476,0.9845,0.9388560157790927,1.0,0.9684638860630723,0.020341207349081365,0.0,1.0,1.0,0.9265200360879278,0.7538406866279691,0.6513533043445138,0.0,0.0,0.0,500,0.0,,,,0.0,0.0,1.0,,,,
correlated_shadowing,1,basic_puea,Sequential-Anchored-Full,2000,476,0.9825,0.9315068493150684,1.0,0.9645390070921985,0.022965879265091863,0.0,1.0,1.0,0.9983815192279372,0.7790320869273428,0.7779827578883362,0.0,0.0,0.0,1297,0.0,,,,0.0,0.0,1.0,,,,
correlated_shadowing,1,basic_puea,Physical-Only+Sequential,2000,476,0.9825,0.9315068493150684,1.0,0.9645390070921985,0.022965879265091863,0.0,1.0,1.0,,,,,,,0,0.0,,,,0.0,0.0,0.0,,,,
correlated_shadowing,1,combined_drift,Baseline-XGBoost,2000,0,0.4415,,,,0.5585,,,,,,,,,,0,,0.693125,,0.0,,,,,,,
correlated_shadowing,1,combined_drift,Naive-Adaptive,2000,0,0.999,,,,0.001,,,,2.2543854024974372,1.4845761062633536,70.31888029340749,0.0,0.0,,1998,,0.00125,0.0,1.0,,,,,,,
correlated_shadowing,1,combined_drift,XGB+Physical,2000,0,0.4245,,,,0.5755,,,,37.116117534720864,70.16200313114732,0.0,0.0,0.0,,0,,0.711875,,0.0,,,,,,,
correlated_shadowing,1,combined_drift,Physically-Anchored-Adaptive,2000,0,0.957,,,,0.043,,,,2.4189488365057055,1.4913286981158778,70.29471165103938,0.0,0.0,,1914,,0.04625,1428.0,1.0,,,,,,,
correlated_shadowing,1,combined_drift,XGB+StaticProfile,2000,0,0.4455,,,,0.5545,,,,37.116117534720864,70.16200313114732,0.0,0.0,0.0,,0,,0.693125,,0.0,,,,,,,
correlated_shadowing,1,combined_drift,Anchored-Update-Only,2000,0,0.997,,,,0.003,,,,2.4189488365057055,1.4913286981158778,70.29471165103938,0.0,0.0,,1914,,0.00375,0.0,1.0,,,,,,,
correlated_shadowing,1,combined_drift,Physical-Only,2000,0,0.96,,,,0.04,,,,,,,,,,0,,0.0425,1428.0,1.0,,,,,,,
correlated_shadowing,1,combined_drift,Spatial-XGBoost,2000,0,0.9585,,,,0.0415,,,,,,,,,,0,,0.051875,,0.0,,,,,,,
correlated_shadowing,1,combined_drift,Sequential-Anchored,2000,0,0.957,,,,0.043,,,,2.4189488365057055,1.4913286981158778,70.29471165103938,0.0,0.0,,1914,,0.04625,1428.0,1.0,0.0,,0.0,,,,
correlated_shadowing,1,combined_drift,Sequential-Anchored+Rollback,2000,0,0.957,,,,0.043,,,,2.4189488365057055,1.4913286981158778,70.29471165103938,0.0,0.0,,1914,,0.04625,1428.0,1.0,0.0,,0.0,,,,
correlated_shadowing,1,combined_drift,Sequential-Anchored-Full,2000,0,0.957,,,,0.043,,,,2.4189488365057055,1.4913286981158778,70.29471165103938,0.0,0.0,,1914,,0.04625,1428.0,1.0,0.0,,0.0,,,,
correlated_shadowing,1,combined_drift,Physical-Only+Sequential,2000,0,0.96,,,,0.04,,,,,,,,,,0,,0.0425,1428.0,1.0,0.0,,0.0,,,,
correlated_shadowing,1,gradual_puea,Baseline-XGBoost,2000,441,0.9515,0.9,0.8775510204081632,0.8886337543053962,0.027581783194355357,0.12244897959183673,0.9759177564547307,0.8775510204081632,,,,,,,0,0.0,,,,,,,,,,
correlated_shadowing,1,gradual_puea,Naive-Adaptive,2000,441,0.87,1.0,0.41043083900226757,0.5819935691318329,0.0,0.5895691609977324,0.9578237110538036,0.41043083900226757,1.1752172549581277,1.2800810080040244,0.3749730822756241,0.3285080330542461,0.2954153130984422,0.5895691609977324,1819,0.0,,,,,,,,,,
correlated_shadowing,1,gradual_puea,XGB+Physical,2000,441,0.9685,0.875,1.0,0.9333333333333333,0.040410519563822966,0.0,0.9999505468212515,1.0,1.0718457776688495,1.2174533435538237,0.0,0.0,0.0,,0,0.0,,,,,,,,,,
correlated_shadowing,1,gradual_puea,Physically-Anchored-Adaptive,2000,441,0.9685,0.875,1.0,0.9333333333333333,0.040410519563822966,0.0,0.9999505468212515,1.0,0.934241749279024,0.6753008612219589,0.8320398893884849,0.0,0.0,0.0,1496,0.0,,,,,,,,,,
correlated_shadowing,1,gradual_puea,XGB+StaticProfile,2000,441,0.912,1.0,0.6009070294784581,0.7507082152974504,0.0,0.39909297052154197,0.9746712454492167,0.6009070294784581,1.0718457776688495,1.2174533435538237,0.0,0.0,0.0,,0,0.0,,,,,,,,,,
correlated_shadowing,1,gradual_puea,Anchored-Update-Only,2000,441,0.944,1.0,0.746031746031746,0.8545454545454546,0.0,0.25396825396825395,0.9771584494392156,0.746031746031746,0.934241749279024,0.6753008612219589,0.8320398893884849,0.0,0.0,0.0,1496,0.0,,,,,,,,,,
correlated_shadowing,1,gradual_puea,Physical-Only,2000,441,0.9685,0.875,1.0,0.9333333333333333,0.040410519563822966,0.0,0.9999505468212515,1.0,,,,,,,0,0.0,,,,,,,,,,
correlated_shadowing,1,gradual_puea,Spatial-XGBoost,2000,441,0.995,0.9954022988505747,0.981859410430839,0.9885844748858448,0.0012828736369467607,0.018140589569160998,0.9998996391372457,0.981859410430839,,,,,,,0,0.0,,,,,,,,,,
correlated_shadowing,1,gradual_puea,Sequential-Anchored,2000,441,0.9675,0.8715415019762845,1.0,0.9313621964097148,0.04169339320076972,0.0,0.9999505468212515,1.0,0.9695328652221614,1.2063150728431198,0.4312062484402141,0.0,0.0,0.0,472,0.0,,,,0.0,0.0,0.0,,,,
correlated_shadowing,1,gradual_puea,Sequential-Anchored+Rollback,2000,441,0.968,0.8732673267326733,1.0,0.9323467230443975,0.04105195638229634,0.0,0.9999505468212515,1.0,0.9754370360897341,1.1917293029904552,0.4845225422691479,0.0,0.0,0.0,472,0.0,,,,0.0,0.0,1.0,,,,
correlated_shadowing,1,gradual_puea,Sequential-Anchored-Full,2000,441,0.9685,0.875,1.0,0.9333333333333333,0.040410519563822966,0.0,0.9999505468212515,1.0,0.9293616099806066,0.67530009062692,0.8320475416367237,0.0,0.0,0.0,1412,0.0,,,,0.0,0.0,1.0,,,,
correlated_shadowing,1,gradual_puea,Physical-Only+Sequential,2000,441,0.9685,0.875,1.0,0.9333333333333333,0.040410519563822966,0.0,0.9999505468212515,1.0,,,,,,,0,0.0,,,,0.0,0.0,0.0,,,,
correlated_shadowing,1,near_pu_poisoning,Baseline-XGBoost,2000,510,0.8555,0.867109634551495,0.5117647058823529,0.6436498150431565,0.026845637583892617,0.48823529411764705,0.8520384261086984,0.5117647058823529,,,,,,,0,25.0,,,,,,,0.3233695652173913,1.0,0.3799999999999997,
correlated_shadowing,1,near_pu_poisoning,Naive-Adaptive,2000,510,0.7475,1.0,0.00980392156862745,0.01941747572815534,0.0,0.9901960784313726,0.9631109356494274,0.00980392156862745,2.868786880822528,3.762850559241165,4.221276340097658,0.3871431447547986,0.3015271104188716,0.9901960784313726,1995,491.0,,,,,,,0.008152173913043478,0.014084507042253521,1.0,0.3400464674031106
correlated_shadowing,1,near_pu_poisoning,XGB+Physical,2000,510,0.862,0.8461538461538461,0.5607843137254902,0.6745283018867925,0.0348993288590604,0.4392156862745098,0.9016061323858403,0.5607843137254902,0.9481170701713654,0.9734498066180873,0.0,0.0,0.0,,0,34.0,,,,,,,0.391304347826087,1.0,0.32,0.0
correlated_shadowing,1,near_pu_poisoning,Physically-Anchored-Adaptive,2000,510,0.862,0.8502994011976048,0.5568627450980392,0.6729857819905214,0.03355704697986577,0.44313725490196076,0.9029405184892748,0.5568627450980392,0.91799700836277,0.6450776961753459,0.92383619302405,0.2551857408787649,0.0068855198257746,0.44313725490196076,1666,34.0,,,,,,,0.3858695652173913,1.0,0.3399999999999999,0.2098797653342198
correlated_shadowing,1,near_pu_poisoning,XGB+StaticProfile,2000,510,0.874,0.9923664122137404,0.5098039215686274,0.6735751295336787,0.0013422818791946308,0.49019607843137253,0.9478207658902488,0.5098039215686274,0.9481170701713654,0.9734498066180873,0.0,0.0,0.0,,0,34.0,,,,,,,0.32065217391304346,1.0,0.4800000000000003,0.0
correlated_shadowing,1,near_pu_poisoning,Anchored-Update-Only,2000,510,0.874,1.0,0.5058823529411764,0.671875,0.0,0.49411764705882355,0.9842466113962364,0.5058823529411764,0.8909090260289486,0.6443104328733265,0.9233070981755204,0.1376818363054373,0.0013302026275399,0.12352941176470589,1503,73.0,,,,,,,0.31521739130434784,1.0,0.6000000000000003,0.0405463381675234
correlated_shadowing,1,near_pu_poisoning,Physical-Only,2000,510,0.862,0.8502994011976048,0.5568627450980392,0.6729857819905214,0.03355704697986577,0.44313725490196076,0.8972825371759442,0.5568627450980392,,,,,,,0,34.0,,,,,,,0.3858695652173913,1.0,0.4200000000000001,
correlated_shadowing,1,near_pu_poisoning,Spatial-XGBoost,2000,510,0.8595,1.0,0.44901960784313727,0.6197564276048715,0.0,0.5509803921568628,0.973264903276747,0.44901960784313727,,,,,,,0,77.0,,,,,,,0.30434782608695654,0.823943661971831,0.9600000000000004,
correlated_shadowing,1,near_pu_poisoning,Sequential-Anchored,2000,510,0.862,0.8482142857142857,0.5588235294117647,0.6737588652482269,0.03422818791946309,0.4411764705882353,0.9021048822213449,0.5588235294117647,0.8652213746351128,0.7302050425076217,0.6054892295516633,0.1996544950192642,0.1149873663462384,0.20980392156862746,1021,34.0,,,,0.0,0.0,0.0,0.38858695652173914,1.0,0.3200000000000001,0.1718867274637892
correlated_shadowing,1,near_pu_poisoning,Sequential-Anchored+Rollback,2000,510,0.8615,0.8456973293768546,0.5588235294117647,0.6729634002361276,0.0348993288590604,0.4411764705882353,0.8995288853796553,0.5588235294117647,0.8546033544912611,0.7925575164032209,0.7036684003662925,0.1723517202637856,0.1327641990606649,0.20980392156862746,1022,34.0,,,,0.0,0.0,181.0,0.38858695652173914,1.0,0.3200000000000001,0.1396062966953498
correlated_shadowing,1,near_pu_poisoning,Sequential-Anchored-Full,2000,510,0.8615,0.8456973293768546,0.5588235294117647,0.6729634002361276,0.0348993288590604,0.4411764705882353,0.8995288853796553,0.5588235294117647,0.8546033544912611,0.7925575164032209,0.7036684003662925,0.1723517202637856,0.1327641990606649,0.20980392156862746,1022,34.0,,,,0.0,0.0,181.0,0.38858695652173914,1.0,0.3200000000000001,0.1396062966953498
correlated_shadowing,1,near_pu_poisoning,Physical-Only+Sequential,2000,510,0.862,0.8502994011976048,0.5568627450980392,0.6729857819905214,0.03355704697986577,0.44313725490196076,0.8972825371759442,0.5568627450980392,,,,,,,0,34.0,,,,0.0,0.0,0.0,0.3858695652173913,1.0,0.4200000000000001,
correlated_shadowing,1,noise_drift,Baseline-XGBoost,2000,0,0.598,,,,0.402,,,,,,,,,,0,,0.489375,,0.0,,,,,,,
correlated_shadowing,1,noise_drift,Naive-Adaptive,2000,0,0.999,,,,0.001,,,,2.8372827079571823,1.1943851830282366,93.47909222832484,0.0,0.0,,1998,,0.00125,0.0,1.0,,,,,,,
correlated_shadowing,1,noise_drift,XGB+Physical,2000,0,0.596,,,,0.404,,,,49.37587005274198,93.57989252403638,0.0,0.0,0.0,,0,,0.5025,,0.0,,,,,,,
correlated_shadowing,1,noise_drift,Physically-Anchored-Adaptive,2000,0,0.9705,,,,0.0295,,,,2.9391569335067307,1.1693528144612628,93.46819346838824,0.0,0.0,,1941,,0.034375,1523.0,1.0,,,,,,,
correlated_shadowing,1,noise_drift,XGB+StaticProfile,2000,0,0.6085,,,,0.3915,,,,49.37587005274198,93.57989252403638,0.0,0.0,0.0,,0,,0.489375,,0.0,,,,,,,
correlated_shadowing,1,noise_drift,Anchored-Update-Only,2000,0,0.9985,,,,0.0015,,,,2.9391569335067307,1.1693528144612628,93.46819346838824,0.0,0.0,,1941,,0.001875,0.0,1.0,,,,,,,
correlated_shadowing,1,noise_drift,Physical-Only,2000,0,0.972,,,,0.028,,,,,,,,,,0,,0.0325,1198.0,1.0,,,,,,,
correlated_shadowing,1,noise_drift,Spatial-XGBoost,2000,0,0.995,,,,0.005,,,,,,,,,,0,,0.00625,0.0,1.0,,,,,,,
correlated_shadowing,1,noise_drift,Sequential-Anchored,2000,0,0.9705,,,,0.0295,,,,2.9391569335067307,1.1693528144612628,93.46819346838824,0.0,0.0,,1941,,0.034375,1523.0,1.0,0.0,,0.0,,,,
correlated_shadowing,1,noise_drift,Sequential-Anchored+Rollback,2000,0,0.9705,,,,0.0295,,,,2.9391569335067307,1.1693528144612628,93.46819346838824,0.0,0.0,,1941,,0.034375,1523.0,1.0,0.0,,0.0,,,,
correlated_shadowing,1,noise_drift,Sequential-Anchored-Full,2000,0,0.9705,,,,0.0295,,,,2.9391569335067307,1.1693528144612628,93.46819346838824,0.0,0.0,,1941,,0.034375,1523.0,1.0,0.0,,0.0,,,,
correlated_shadowing,1,noise_drift,Physical-Only+Sequential,2000,0,0.972,,,,0.028,,,,,,,,,,0,,0.0325,1198.0,1.0,0.0,,0.0,,,,
correlated_shadowing,1,poisoning,Baseline-XGBoost,2000,503,0.8905,0.9355828220858896,0.6063618290258449,0.735826296743064,0.014028056112224449,0.39363817097415504,0.9362103929529039,0.6063618290258449,,,,,,,0,6.0,,,,,,,0.44846796657381616,1.0,0.14,
correlated_shadowing,1,poisoning,Naive-Adaptive,2000,503,0.7535,1.0,0.019880715705765408,0.03898635477582846,0.0,0.9801192842942346,0.977208226924359,0.019880715705765408,2.7536687739597228,3.5751315074864203,2.7324743715770916,0.3852450303429134,0.2654416659622309,0.9801192842942346,1990,9.0,,,,,,,0.027855153203342618,0.0,1.0,0.3120198404201259
correlated_shadowing,1,poisoning,XGB+Physical,2000,503,0.9725,0.9014336917562724,1.0,0.9481621112158342,0.03674014696058784,0.0,0.9997662654666524,1.0,1.009869444780296,0.9099927745622353,0.0,0.0,0.0,,0,0.0,,,,,,,1.0,1.0,0.0,0.0
correlated_shadowing,1,poisoning,Physically-Anchored-Adaptive,2000,503,0.973,0.9030520646319569,1.0,0.9490566037735849,0.036072144288577156,0.0,0.9997662654666524,1.0,0.979065213757649,0.6463056318982133,0.9794935969584349,0.0,0.0,0.0,1443,0.0,,,,,,,1.0,1.0,0.0,0.0
correlated_shadowing,1,poisoning,XGB+StaticProfile,2000,503,0.8785,0.9961832061068703,0.5188866799204771,0.6823529411764705,0.0006680026720106881,0.48111332007952284,0.9915643082055431,0.5188866799204771,1.009869444780296,0.9099927745622353,0.0,0.0,0.0,,0,13.0,,,,,,,0.32590529247910865,1.0,0.4599999999999999,0.0
correlated_shadowing,1,poisoning,Anchored-Update-Only,2000,503,0.882,1.0,0.5308151093439364,0.6935064935064935,0.0,0.4691848906560636,0.988841832106891,0.5308151093439364,0.979065213757649,0.6463056318982133,0.9794935969584349,0.0,0.0,0.0,1443,9.0,,,,,,,0.3426183844011142,1.0,0.4800000000000004,0.0
correlated_shadowing,1,poisoning,Physical-Only,2000,503,0.973,0.9030520646319569,1.0,0.9490566037735849,0.036072144288577156,0.0,0.9997662654666524,1.0,,,,,,,0,0.0,,,,,,,1.0,1.0,0.0,
correlated_shadowing,1,poisoning,Spatial-XGBoost,2000,503,0.9735,0.9977876106194691,0.8966202783300199,0.9445026178010473,0.0006680026720106881,0.10337972166998012,0.9979043574225986,0.8966202783300199,,,,,,,0,0.0,,,,,,,0.8551532033426184,1.0,0.08,
correlated_shadowing,1,poisoning,Sequential-Anchored,2000,503,0.972,0.8998211091234347,1.0,0.9472693032015066,0.03740814963259853,0.0,0.9997596252810458,1.0,0.9049817199095429,0.725623688421735,0.7593042542416654,0.0,0.0,0.0,342,0.0,,,,0.0,0.0,0.0,1.0,1.0,0.0,0.0
correlated_shadowing,1,poisoning,Sequential-Anchored+Rollback,2000,503,0.972,0.8998211091234347,1.0,0.9472693032015066,0.03740814963259853,0.0,0.9997596252810459,1.0,0.885965208096669,0.7260177535791059,0.7335409608867642,0.0,0.0,0.0,342,0.0,,,,0.0,0.0,16.0,1.0,1.0,0.0,0.0
correlated_shadowing,1,poisoning,Sequential-Anchored-Full,2000,503,0.968,0.8871252204585538,1.0,0.9401869158878504,0.04275217100868404,0.0,0.9999920317772723,1.0,0.9218203298884119,0.6466143378893537,0.9795380700594464,0.0,0.0,0.0,1181,0.0,,,,0.0,0.0,16.0,1.0,1.0,0.0,0.0
correlated_shadowing,1,poisoning,Physical-Only+Sequential,2000,503,0.968,0.8871252204585538,1.0,0.9401869158878504,0.04275217100868404,0.0,0.9999920317772723,1.0,,,,,,,0,0.0,,,,0.0,0.0,0.0,1.0,1.0,0.0,
correlated_shadowing,1,power_drift,Baseline-XGBoost,2000,0,0.3335,,,,0.6665,,,,,,,,,,0,,0.82375,,0.0,,,,,,,
correlated_shadowing,1,power_drift,Naive-Adaptive,2000,0,0.9985,,,,0.0015,,,,0.9745644744810561,0.988028330253862,8.72118128255726,0.0,0.0,,1997,,0.00125,0.0,1.0,,,,,,,
correlated_shadowing,1,power_drift,XGB+Physical,2000,0,0.396,,,,0.604,,,,5.180667821174977,9.126243159633566,0.0,0.0,0.0,,0,,0.746875,,0.0,,,,,,,
correlated_shadowing,1,power_drift,Physically-Anchored-Adaptive,2000,0,0.969,,,,0.031,,,,0.9716245419720303,0.9919035481485904,8.720706730956154,0.0,0.0,,1938,,0.030625,0.0,1.0,,,,,,,
correlated_shadowing,1,power_drift,XGB+StaticProfile,2000,0,0.409,,,,0.591,,,,5.180667821174977,9.126243159633566,0.0,0.0,0.0,,0,,0.738125,,0.0,,,,,,,
correlated_shadowing,1,power_drift,Anchored-Update-Only,2000,0,0.9985,,,,0.0015,,,,0.9716245419720303,0.9919035481485904,8.720706730956154,0.0,0.0,,1938,,0.00125,0.0,1.0,,,,,,,
correlated_shadowing,1,power_drift,Physical-Only,2000,0,0.9705,,,,0.0295,,,,,,,,,,0,,0.029375,0.0,1.0,,,,,,,
correlated_shadowing,1,power_drift,Spatial-XGBoost,2000,0,0.8845,,,,0.1155,,,,,,,,,,0,,0.144375,,0.0,,,,,,,
correlated_shadowing,1,power_drift,Sequential-Anchored,2000,0,0.969,,,,0.031,,,,0.9716245419720303,0.9919035481485904,8.720706730956154,0.0,0.0,,1938,,0.030625,0.0,1.0,0.0,,0.0,,,,
correlated_shadowing,1,power_drift,Sequential-Anchored+Rollback,2000,0,0.969,,,,0.031,,,,0.9716245419720303,0.9919035481485904,8.720706730956154,0.0,0.0,,1938,,0.030625,0.0,1.0,0.0,,0.0,,,,
correlated_shadowing,1,power_drift,Sequential-Anchored-Full,2000,0,0.969,,,,0.031,,,,0.9716245419720303,0.9919035481485904,8.720706730956154,0.0,0.0,,1938,,0.030625,0.0,1.0,0.0,,0.0,,,,
correlated_shadowing,1,power_drift,Physical-Only+Sequential,2000,0,0.9705,,,,0.0295,,,,,,,,,,0,,0.029375,0.0,1.0,0.0,,0.0,,,,
correlated_shadowing,1,power_matching_puea,Baseline-XGBoost,2000,447,0.9815,0.9456521739130435,0.9731543624161074,0.9592061742006616,0.016097875080489377,0.026845637583892617,0.997621692012717,0.9731543624161074,,,,,,,0,0.0,,,,,,,,,,
correlated_shadowing,1,power_matching_puea,Naive-Adaptive,2000,447,0.776,0.0,0.0,,0.000643915003219575,1.0,0.9744810866173719,0.0,1.2889428075777922,1.7230412276982516,0.7151117708372697,0.3883706037175755,0.2709348385852796,1.0,1999,,,,,,,,,,,
correlated_shadowing,1,power_matching_puea,XGB+Physical,2000,447,0.975,0.8993963782696177,1.0,0.9470338983050848,0.03219575016097875,0.0,1.0,1.0,0.8764366803093853,1.0475992713249909,0.0,0.0,0.0,,0,0.0,,,,,,,,,,
correlated_shadowing,1,power_matching_puea,Physically-Anchored-Adaptive,2000,447,0.9765,0.9048582995951417,1.0,0.9500531349628055,0.030264005151320026,0.0,1.0,1.0,0.834738030038983,1.1119182222999229,0.6815631702519482,0.0,0.0,0.0,1506,0.0,,,,,,,,,,
correlated_shadowing,1,power_matching_puea,XGB+StaticProfile,2000,447,0.8805,0.9770642201834863,0.47651006711409394,0.6406015037593985,0.003219575016097875,0.5234899328859061,0.9944827864377384,0.47651006711409394,0.8764366803093853,1.0475992713249909,0.0,0.0,0.0,,0,25.0,,,,,,,,,,
correlated_shadowing,1,power_matching_puea,Anchored-Update-Only,2000,447,0.916,0.9929328621908127,0.6286353467561522,0.7698630136986302,0.00128783000643915,0.3713646532438479,0.9979083566338371,0.6286353467561522,0.834738030038983,1.1119182222999229,0.6815631702519482,0.0,0.0,0.0,1506,10.0,,,,,,,,,,
correlated_shadowing,1,power_matching_puea,Physical-Only,2000,447,0.9775,0.9085365853658537,1.0,0.9520766773162939,0.028976175144880875,0.0,1.0,1.0,,,,,,,0,0.0,,,,,,,,,,
correlated_shadowing,1,power_matching_puea,Spatial-XGBoost,2000,447,0.9995,0.9977678571428571,1.0,0.9988826815642458,0.000643915003219575,0.0,1.0,1.0,,,,,,,0,0.0,,,,,,,,,,
correlated_shadowing,1,power_matching_puea,Sequential-Anchored,2000,447,0.9755,0.9012096774193549,1.0,0.9480381760339343,0.031551835157759174,0.0,1.0,1.0,0.8789933309331234,1.2133520699457645,0.9227276989273344,0.0,0.0,0.0,493,0.0,,,,0.0,0.0,0.0,,,,
correlated_shadowing,1,power_matching_puea,Sequential-Anchored+Rollback,2000,447,0.9755,0.9012096774193549,1.0,0.9480381760339343,0.031551835157759174,0.0,1.0,1.0,0.8789933309331234,1.2133520699457645,0.9227276989273344,0.0,0.0,0.0,493,0.0,,,,0.0,0.0,1.0,,,,
correlated_shadowing,1,power_matching_puea,Sequential-Anchored-Full,2000,447,0.9755,0.9012096774193549,1.0,0.9480381760339343,0.031551835157759174,0.0,0.9998962821471324,1.0,0.8345680759954435,1.1125235179488704,0.6831506937491104,0.0,0.0,0.0,1321,0.0,,,,0.0,0.0,1.0,,,,
correlated_shadowing,1,power_matching_puea,Physical-Only+Sequential,2000,447,0.977,0.9066937119675457,1.0,0.9510638297872341,0.02962009014810045,0.0,0.9998962821471324,1.0,,,,,,,0,0.0,,,,0.0,0.0,0.0,,,,
correlated_shadowing,1,shadowing_drift,Baseline-XGBoost,2000,0,0.9485,,,,0.0515,,,,,,,,,,0,,0.056875,1384.0,1.0,,,,,,,
correlated_shadowing,1,shadowing_drift,Naive-Adaptive,2000,0,0.9975,,,,0.0025,,,,1.046836478636852,0.726358695802509,2.1383007667510725,0.0,0.0,,1995,,0.003125,0.0,1.0,,,,,,,
correlated_shadowing,1,shadowing_drift,XGB+Physical,2000,0,0.947,,,,0.053,,,,1.721053192961875,2.2223896368556355,0.0,0.0,0.0,,0,,0.0575,1389.0,1.0,,,,,,,
correlated_shadowing,1,shadowing_drift,Physically-Anchored-Adaptive,2000,0,0.957,,,,0.043,,,,1.03398031904925,0.7337288982339497,2.147726878797205,0.0,0.0,,1914,,0.045,1368.0,1.0,,,,,,,
correlated_shadowing,1,shadowing_drift,XGB+StaticProfile,2000,0,0.985,,,,0.015,,,,1.721053192961875,2.2223896368556355,0.0,0.0,0.0,,0,,0.01875,1379.0,1.0,,,,,,,
correlated_shadowing,1,shadowing_drift,Anchored-Update-Only,2000,0,0.997,,,,0.003,,,,1.03398031904925,0.7337288982339497,2.147726878797205,0.0,0.0,,1914,,0.00375,0.0,1.0,,,,,,,
correlated_shadowing,1,shadowing_drift,Physical-Only,2000,0,0.9595,,,,0.0405,,,,,,,,,,0,,0.041875,1368.0,1.0,,,,,,,
correlated_shadowing,1,shadowing_drift,Spatial-XGBoost,2000,0,0.9795,,,,0.0205,,,,,,,,,,0,,0.025,1250.0,1.0,,,,,,,
correlated_shadowing,1,shadowing_drift,Sequential-Anchored,2000,0,0.957,,,,0.043,,,,1.0333222352403706,0.7337003352810104,2.147761340052972,0.0,0.0,,1913,,0.045,1368.0,1.0,0.0005,,0.0,,,,
correlated_shadowing,1,shadowing_drift,Sequential-Anchored+Rollback,2000,0,0.957,,,,0.043,,,,1.032020756472671,0.7336697643412439,2.147833671860053,0.0,0.0,,1913,,0.045,1368.0,1.0,0.0005,,1.0,,,,
correlated_shadowing,1,shadowing_drift,Sequential-Anchored-Full,2000,0,0.957,,,,0.043,,,,1.032020756472671,0.7336697643412439,2.147833671860053,0.0,0.0,,1913,,0.045,1368.0,1.0,0.0005,,1.0,,,,
correlated_shadowing,1,shadowing_drift,Physical-Only+Sequential,2000,0,0.9595,,,,0.0405,,,,,,,,,,0,,0.041875,1368.0,1.0,0.0005,,0.0,,,,
correlated_shadowing,1,slow_near_pu_poisoning,Baseline-XGBoost,2000,212,0.961,0.8526315789473684,0.7641509433962265,0.8059701492537313,0.015659955257270694,0.2358490566037736,0.9157512346460682,0.7641509433962265,,,,,,,0,158.0,,,,,,,0.2753623188405797,1.0,0.3,
correlated_shadowing,1,slow_near_pu_poisoning,Naive-Adaptive,2000,212,0.973,0.99375,0.75,0.8548387096774195,0.0005592841163310962,0.25,0.9632455362795999,0.75,0.9539755924165512,0.9922298565309802,1.003641458744467,0.0799885137709344,0.001599193421613,0.25,1840,164.0,,,,,,,0.2318840579710145,1.0,0.4200000000000005,0.0522984080509892
correlated_shadowing,1,slow_near_pu_poisoning,XGB+Physical,2000,212,0.9435,0.7037037037037037,0.8066037735849056,0.7516483516483518,0.040268456375838924,0.19339622641509435,0.9532311848381241,0.8066037735849056,1.082156362068094,1.3184150467389104,0.0,0.0,0.0,,0,0.0,,,,,,,0.4057971014492754,1.0,0.18,0.0
correlated_shadowing,1,slow_near_pu_poisoning,Physically-Anchored-Adaptive,2000,212,0.9445,0.7095435684647303,0.8066037735849056,0.7549668874172185,0.039149888143176735,0.19339622641509435,0.9532377801696847,0.8066037735849056,0.9651190922596741,0.9925522370991576,1.005032151503238,0.0750896110408923,0.0014746062343471,0.19339622641509435,1759,0.0,,,,,,,0.4057971014492754,1.0,0.18,0.0414754836707079
correlated_shadowing,1,slow_near_pu_poisoning,XGB+StaticProfile,2000,212,0.973,0.9817073170731707,0.7594339622641509,0.8563829787234043,0.0016778523489932886,0.24056603773584906,0.948155417669157,0.7594339622641509,1.082156362068094,1.3184150467389104,0.0,0.0,0.0,,0,164.0,,,,,,,0.2608695652173913,1.0,0.3600000000000002,0.0
correlated_shadowing,1,slow_near_pu_poisoning,Anchored-Update-Only,2000,212,0.9735,0.9937888198757764,0.7547169811320755,0.8579088471849867,0.0005592841163310962,0.24528301886792453,0.9599505086319698,0.7547169811320755,0.9609593785222517,0.9930273588755959,1.0046256472961947,0.0750896110408923,4.850154758988363e-05,0.08018867924528301,1735,164.0,,,,,,,0.2463768115942029,1.0,0.4200000000000005,0.001364177838268
correlated_shadowing,1,slow_near_pu_poisoning,Physical-Only,2000,212,0.945,0.7125,0.8066037735849056,0.7566371681415928,0.03859060402684564,0.19339622641509435,0.9540279008906335,0.8066037735849056,,,,,,,0,0.0,,,,,,,0.4057971014492754,1.0,0.18,
correlated_shadowing,1,slow_near_pu_poisoning,Spatial-XGBoost,2000,212,0.9585,1.0,0.6084905660377359,0.7565982404692082,0.0,0.3915094339622642,0.9722547591912541,0.6084905660377359,,,,,,,0,0.0,,,,,,,0.14492753623188406,0.8321678321678322,0.8200000000000004,
correlated_shadowing,1,slow_near_pu_poisoning,Sequential-Anchored,2000,212,0.9445,0.7095435684647303,0.8066037735849056,0.7549668874172185,0.039149888143176735,0.19339622641509435,0.9532325039044361,0.8066037735849056,0.968582290424208,1.169725464885618,0.844711568877811,0.0267923744223858,0.0075326510694695,0.04245283018867924,1385,0.0,,,,0.0,0.0,0.0,0.4057971014492754,1.0,0.18,0.0106011073911891
correlated_shadowing,1,slow_near_pu_poisoning,Sequential-Anchored+Rollback,2000,212,0.9445,0.7095435684647303,0.8066037735849056,0.7549668874172185,0.039149888143176735,0.19339622641509435,0.953140169262589,0.8066037735849056,0.9891004760838833,1.3982970477092471,0.8708252472008511,0.0186874581276897,0.0021291855315072,0.04245283018867924,1385,0.0,,,,0.0,0.0,72.0,0.4057971014492754,1.0,0.18,0.0021724166222908
correlated_shadowing,1,slow_near_pu_poisoning,Sequential-Anchored-Full,2000,212,0.9445,0.7095435684647303,0.8066037735849056,0.7549668874172185,0.039149888143176735,0.19339622641509435,0.9531744649867037,0.8066037735849056,0.9723184495681158,1.1376277571368074,0.8871099693049607,0.0186874581276897,0.0007337439970289,0.04245283018867924,1494,0.0,,,,0.0,0.0,72.0,0.4057971014492754,1.0,0.18,0.0021724166222908
correlated_shadowing,1,slow_near_pu_poisoning,Physical-Only+Sequential,2000,212,0.945,0.7125,0.8066037735849056,0.7566371681415928,0.03859060402684564,0.19339622641509435,0.9542389515005698,0.8066037735849056,,,,,,,0,0.0,,,,0.0,0.0,0.0,0.4057971014492754,1.0,0.18,
correlated_shadowing,1,stable,Baseline-XGBoost,2000,0,0.9875,,,,0.0125,,,,,,,,,,0,,,,,,,,,,,
correlated_shadowing,1,stable,Naive-Adaptive,2000,0,1.0,,,,0.0,,,,0.854880040739105,0.7372513063556814,0.9793934991310248,0.0,0.0,,2000,,,,,,,,,,,
correlated_shadowing,1,stable,XGB+Physical,2000,0,0.9705,,,,0.0295,,,,0.9357285584872711,0.5521888039650639,0.0,0.0,0.0,,0,,,,,,,,,,,
correlated_shadowing,1,stable,Physically-Anchored-Adaptive,2000,0,0.9715,,,,0.0285,,,,0.8569558524830415,0.7583516638324208,0.9756274001243356,0.0,0.0,,1943,,,,,,,,,,,
correlated_shadowing,1,stable,XGB+StaticProfile,2000,0,0.999,,,,0.001,,,,0.9357285584872711,0.5521888039650639,0.0,0.0,0.0,,0,,,,,,,,,,,
correlated_shadowing,1,stable,Anchored-Update-Only,2000,0,1.0,,,,0.0,,,,0.8569558524830415,0.7583516638324208,0.9756274001243356,0.0,0.0,,1943,,,,,,,,,,,
correlated_shadowing,1,stable,Physical-Only,2000,0,0.9715,,,,0.0285,,,,,,,,,,0,,,,,,,,,,,
correlated_shadowing,1,stable,Spatial-XGBoost,2000,0,0.997,,,,0.003,,,,,,,,,,0,,,,,,,,,,,
correlated_shadowing,1,stable,Sequential-Anchored,2000,0,0.9715,,,,0.0285,,,,0.8569558524830415,0.7583516638324208,0.9756274001243356,0.0,0.0,,1943,,,,,0.0,,0.0,,,,
correlated_shadowing,1,stable,Sequential-Anchored+Rollback,2000,0,0.9715,,,,0.0285,,,,0.8569558524830415,0.7583516638324208,0.9756274001243356,0.0,0.0,,1943,,,,,0.0,,0.0,,,,
correlated_shadowing,1,stable,Sequential-Anchored-Full,2000,0,0.9715,,,,0.0285,,,,0.8569558524830415,0.7583516638324208,0.9756274001243356,0.0,0.0,,1943,,,,,0.0,,0.0,,,,
correlated_shadowing,1,stable,Physical-Only+Sequential,2000,0,0.9715,,,,0.0285,,,,,,,,,,0,,,,,0.0,,0.0,,,,
correlated_shadowing,1,stealthy_puea,Baseline-XGBoost,2000,216,0.439,0.15990990990990991,0.9861111111111112,0.2751937984496124,0.6272421524663677,0.013888888888888888,0.8561480132037869,0.9861111111111112,,,,,,,0,0.0,0.8049132947976878,,0.0,,,,,,,
correlated_shadowing,1,stealthy_puea,Naive-Adaptive,2000,216,0.897,1.0,0.046296296296296294,0.08849557522123894,0.0,0.9537037037037037,0.8887902757017108,0.046296296296296294,1.0606474104987962,0.8800295599038371,9.536825663811229,0.2117720123341424,0.1489195469396193,0.9537037037037037,1990,0.0,0.0,0.0,1.0,,,,,,,
correlated_shadowing,1,stealthy_puea,XGB+Physical,2000,216,0.4715,0.16967792615868027,1.0,0.29012760241773,0.5924887892376681,0.0,0.9710077229696064,1.0,5.026309399746235,9.214158049932513,0.0,0.0,0.0,,0,0.0,0.7528901734104047,,0.0,,,,,,,
correlated_shadowing,1,stealthy_puea,Physically-Anchored-Adaptive,2000,216,0.9705,0.7854545454545454,1.0,0.879837067209776,0.033071748878923765,0.0,1.0,1.0,0.9796607888764752,0.6212600532439443,9.518964732776077,0.0,0.0,0.0,1725,0.0,0.031791907514450865,308.0,1.0,,,,,,,
correlated_shadowing,1,stealthy_puea,XGB+StaticProfile,2000,216,0.4835,0.16378600823045267,0.9212962962962963,0.27812718378756107,0.5695067264573991,0.0787037037037037,0.7465485384487627,0.9212962962962963,5.026309399746235,9.214158049932513,0.0,0.0,0.0,,0,8.0,0.7341040462427746,,0.0,,,,,,,
correlated_shadowing,1,stealthy_puea,Anchored-Update-Only,2000,216,0.959,1.0,0.6203703703703703,0.7657142857142858,0.0,0.37962962962962965,0.984701980568012,0.6203703703703703,0.9796607888764752,0.6212600532439443,9.518964732776077,0.0,0.0,0.0,1725,0.0,0.0,0.0,1.0,,,,,,,
correlated_shadowing,1,stealthy_puea,Physical-Only,2000,216,0.9705,0.7854545454545454,1.0,0.879837067209776,0.033071748878923765,0.0,1.0,1.0,,,,,,,0,0.0,0.031791907514450865,308.0,1.0,,,,,,,
correlated_shadowing,1,stealthy_puea,Spatial-XGBoost,2000,216,0.9045,0.5307125307125307,1.0,0.6934189406099518,0.1070627802690583,0.0,0.9991021009799037,1.0,,,,,,,0,0.0,0.13800578034682082,,0.0,,,,,,,
correlated_shadowing,1,stealthy_puea,Sequential-Anchored,2000,216,0.965,0.7552447552447552,1.0,0.8605577689243028,0.03923766816143498,0.0,1.0,1.0,1.897444461757946,1.6811760607727566,7.830146792962399,0.0,0.0,0.0,819,0.0,0.039739884393063585,308.0,1.0,0.0,0.0,0.0,,,,
correlated_shadowing,1,stealthy_puea,Sequential-Anchored+Rollback,2000,216,0.951,0.6878980891719745,1.0,0.8150943396226416,0.05493273542600897,0.0,1.0,1.0,2.453665354055653,3.0456592602937502,6.385377070206716,0.0,0.0,0.0,817,0.0,0.05997109826589595,924.0,1.0,0.0,0.0,57.0,,,,
correlated_shadowing,1,stealthy_puea,Sequential-Anchored-Full,2000,216,0.951,0.6878980891719745,1.0,0.8150943396226416,0.05493273542600897,0.0,1.0,1.0,2.453559466810354,3.0456592602937502,6.385377070206716,0.0,0.0,0.0,818,0.0,0.05997109826589595,924.0,1.0,0.0,0.0,57.0,,,,
correlated_shadowing,1,stealthy_puea,Physical-Only+Sequential,2000,216,0.9705,0.7854545454545454,1.0,0.879837067209776,0.033071748878923765,0.0,1.0,1.0,,,,,,,0,0.0,0.031791907514450865,308.0,1.0,0.0,0.0,0.0,,,,
correlated_shadowing,2,basic_puea,Baseline-XGBoost,2000,467,0.9875,0.9491869918699187,1.0,0.9739311783107404,0.016307893020221786,0.0,1.0,1.0,,,,,,,0,0.0,,,,,,,,,,
correlated_shadowing,2,basic_puea,Naive-Adaptive,2000,467,1.0,1.0,1.0,1.0,0.0,0.0,1.0,1.0,0.9231630084525035,0.8043600769711216,0.5657059526922478,0.0,0.0,0.0,1533,0.0,,,,,,,,,,
correlated_shadowing,2,basic_puea,XGB+Physical,2000,467,0.9705,0.8878326996197718,1.0,0.9405840886203424,0.038486627527723416,0.0,1.0,1.0,0.7286393756034789,0.6328623222981898,0.0,0.0,0.0,,0,0.0,,,,,,,,,,
correlated_shadowing,2,basic_puea,Physically-Anchored-Adaptive,2000,467,0.972,0.892925430210325,1.0,0.9434343434343434,0.0365296803652968,0.0,1.0,1.0,0.9265199009522862,0.8095712359127315,0.5775407601512789,0.0,0.0,0.0,1477,0.0,,,,,,,,,,
correlated_shadowing,2,basic_puea,XGB+StaticProfile,2000,467,0.9985,0.9936170212765958,1.0,0.9967982924226254,0.0019569471624266144,0.0,1.0,1.0,0.7286393756034789,0.6328623222981898,0.0,0.0,0.0,,0,0.0,,,,,,,,,,
correlated_shadowing,2,basic_puea,Anchored-Update-Only,2000,467,1.0,1.0,1.0,1.0,0.0,0.0,1.0,1.0,0.9265199009522862,0.8095712359127315,0.5775407601512789,0.0,0.0,0.0,1477,0.0,,,,,,,,,,
correlated_shadowing,2,basic_puea,Physical-Only,2000,467,0.972,0.892925430210325,1.0,0.9434343434343434,0.0365296803652968,0.0,1.0,1.0,,,,,,,0,0.0,,,,,,,,,,
correlated_shadowing,2,basic_puea,Spatial-XGBoost,2000,467,1.0,1.0,1.0,1.0,0.0,0.0,1.0,1.0,,,,,,,0,0.0,,,,,,,,,,
correlated_shadowing,2,basic_puea,Sequential-Anchored,2000,467,0.971,0.8895238095238095,1.0,0.9415322580645161,0.037834311806914545,0.0,1.0,1.0,0.9935226266166274,0.9639715709808321,0.6603477650928085,0.0,0.0,0.0,486,0.0,,,,0.0019723865877712033,0.0,0.0,,,,
correlated_shadowing,2,basic_puea,Sequential-Anchored+Rollback,2000,467,0.9705,0.8878326996197718,1.0,0.9405840886203424,0.038486627527723416,0.0,1.0,1.0,0.9120837959606208,0.8729992660193492,0.5189489368126117,0.0,0.0,0.0,486,0.0,,,,0.0019723865877712033,0.0,2.0,,,,
correlated_shadowing,2,basic_puea,Sequential-Anchored-Full,2000,467,0.969,0.8827977315689981,1.0,0.9377510040160643,0.04044357469015003,0.0,1.0,1.0,0.9264491483963575,0.8231037345488055,0.5847707511787663,0.0,0.0,0.0,1391,0.0,,,,0.0019723865877712033,0.0,2.0,,,,
correlated_shadowing,2,basic_puea,Physical-Only+Sequential,2000,467,0.969,0.8827977315689981,1.0,0.9377510040160643,0.04044357469015003,0.0,1.0,1.0,,,,,,,0,0.0,,,,0.0019723865877712033,0.0,0.0,,,,
correlated_shadowing,2,combined_drift,Baseline-XGBoost,2000,0,0.4605,,,,0.5395,,,,,,,,,,0,,0.66875,,0.0,,,,,,,
correlated_shadowing,2,combined_drift,Naive-Adaptive,2000,0,0.997,,,,0.003,,,,2.2011254150496438,1.6019796068844123,65.45688853473992,0.0,0.0,,1994,,0.00375,0.0,1.0,,,,,,,
correlated_shadowing,2,combined_drift,XGB+Physical,2000,0,0.4225,,,,0.5775,,,,34.6819655660267,65.97025810000135,0.0,0.0,0.0,,0,,0.69375,,0.0,,,,,,,
correlated_shadowing,2,combined_drift,Physically-Anchored-Adaptive,2000,0,0.9125,,,,0.0875,,,,2.442939982707396,1.607993445851011,65.46030939638894,0.0,0.0,,1825,,0.0825,1460.0,1.0,,,,,,,
correlated_shadowing,2,combined_drift,XGB+StaticProfile,2000,0,0.4625,,,,0.5375,,,,34.6819655660267,65.97025810000135,0.0,0.0,0.0,,0,,0.6675,,0.0,,,,,,,
correlated_shadowing,2,combined_drift,Anchored-Update-Only,2000,0,0.996,,,,0.004,,,,2.442939982707396,1.607993445851011,65.46030939638894,0.0,0.0,,1825,,0.00375,0.0,1.0,,,,,,,
correlated_shadowing,2,combined_drift,Physical-Only,2000,0,0.9155,,,,0.0845,,,,,,,,,,0,,0.07875,1460.0,1.0,,,,,,,
correlated_shadowing,2,combined_drift,Spatial-XGBoost,2000,0,0.938,,,,0.062,,,,,,,,,,0,,0.075625,,0.0,,,,,,,
correlated_shadowing,2,combined_drift,Sequential-Anchored,2000,0,0.9125,,,,0.0875,,,,2.442939982707396,1.607993445851011,65.46030939638894,0.0,0.0,,1825,,0.0825,1460.0,1.0,0.0,,0.0,,,,
correlated_shadowing,2,combined_drift,Sequential-Anchored+Rollback,2000,0,0.9125,,,,0.0875,,,,2.442939982707396,1.607993445851011,65.46030939638894,0.0,0.0,,1825,,0.0825,1460.0,1.0,0.0,,0.0,,,,
correlated_shadowing,2,combined_drift,Sequential-Anchored-Full,2000,0,0.9125,,,,0.0875,,,,2.442939982707396,1.607993445851011,65.46030939638894,0.0,0.0,,1825,,0.0825,1460.0,1.0,0.0,,0.0,,,,
correlated_shadowing,2,combined_drift,Physical-Only+Sequential,2000,0,0.9155,,,,0.0845,,,,,,,,,,0,,0.07875,1460.0,1.0,0.0,,0.0,,,,
correlated_shadowing,2,gradual_puea,Baseline-XGBoost,2000,467,0.9405,0.9182692307692307,0.8179871520342612,0.8652321630804075,0.02217873450750163,0.18201284796573874,0.9586750308348384,0.8179871520342612,,,,,,,0,0.0,,,,,,,,,,
correlated_shadowing,2,gradual_puea,Naive-Adaptive,2000,467,0.916,0.9966777408637874,0.6423982869379015,0.78125,0.0006523157208088715,0.3576017130620985,0.9535892031272044,0.6423982869379015,1.1473764697620377,1.4959486061187135,1.0822092932203151,0.3859567591266895,0.3586583347826688,0.3576017130620985,1699,0.0,,,,,,,,,,
correlated_shadowing,2,gradual_puea,XGB+Physical,2000,467,0.9695,0.884469696969697,1.0,0.9386934673366835,0.03979125896934116,0.0,0.9999972063566561,1.0,0.964768599443107,0.9240356386917387,0.0,0.0,0.0,,0,0.0,,,,,,,,,,
correlated_shadowing,2,gradual_puea,Physically-Anchored-Adaptive,2000,467,0.9735,0.8980769230769231,1.0,0.9463019250253294,0.03457273320287019,0.0,0.9999972063566561,1.0,1.0771176064329049,1.024600329753622,0.3611742942201401,0.0,0.0,0.0,1480,0.0,,,,,,,,,,
correlated_shadowing,2,gradual_puea,XGB+StaticProfile,2000,467,0.9465,0.9761904761904762,0.7901498929336188,0.8733727810650888,0.005870841487279843,0.20985010706638116,0.958644300758055,0.7901498929336188,0.964768599443107,0.9240356386917387,0.0,0.0,0.0,,0,0.0,,,,,,,,,,
correlated_shadowing,2,gradual_puea,Anchored-Update-Only,2000,467,0.9505,0.9972972972972973,0.7901498929336188,0.8817204301075269,0.0006523157208088715,0.20985010706638116,0.959032617182862,0.7901498929336188,1.0771176064329049,1.024600329753622,0.3611742942201401,0.0,0.0,0.0,1480,0.0,,,,,,,,,,
correlated_shadowing,2,gradual_puea,Physical-Only,2000,467,0.974,0.8998073217726397,1.0,0.947261663286004,0.033920417482061316,0.0,0.999997206356656,1.0,,,,,,,0,0.0,,,,,,,,,,
correlated_shadowing,2,gradual_puea,Spatial-XGBoost,2000,467,0.999,0.9978586723768736,0.9978586723768736,0.9978586723768736,0.0006523157208088715,0.0021413276231263384,0.999998603178328,0.9978586723768736,,,,,,,0,0.0,,,,,,,,,,
correlated_shadowing,2,gradual_puea,Sequential-Anchored,2000,467,0.972,0.892925430210325,1.0,0.9434343434343434,0.0365296803652968,0.0,0.9999972063566561,1.0,1.0850784067601875,0.8494535296385002,0.551984639847066,0.0,0.0,0.0,491,0.0,,,,0.0,0.0,0.0,,,,
correlated_shadowing,2,gradual_puea,Sequential-Anchored+Rollback,2000,467,0.9715,0.8912213740458015,1.0,0.9424823410696266,0.03718199608610567,0.0,0.9999972063566561,1.0,1.0856627258760105,0.8190026623732385,0.4995849677979441,0.0,0.0,0.0,491,0.0,,,,0.0,0.0,3.0,,,,
correlated_shadowing,2,gradual_puea,Sequential-Anchored-Full,2000,467,0.9685,0.8811320754716981,1.0,0.9368104312938816,0.0410958904109589,0.0,1.0,1.0,1.0718577151606832,1.024662567201243,0.3613119708692867,0.0,0.0,0.0,1420,0.0,,,,0.0,0.0,3.0,,,,
correlated_shadowing,2,gradual_puea,Physical-Only+Sequential,2000,467,0.9695,0.884469696969697,1.0,0.9386934673366835,0.03979125896934116,0.0,1.0,1.0,,,,,,,0,0.0,,,,0.0,0.0,0.0,,,,
correlated_shadowing,2,near_pu_poisoning,Baseline-XGBoost,2000,520,0.853,0.8621794871794872,0.5173076923076924,0.6466346153846155,0.029054054054054056,0.4826923076923077,0.8740592515592515,0.5173076923076924,,,,,,,0,32.0,,,,,,,0.3216216216216216,1.0,0.3599999999999992,
correlated_shadowing,2,near_pu_poisoning,Naive-Adaptive,2000,520,0.747,0.9375,0.028846153846153848,0.055970149253731345,0.0006756756756756757,0.9711538461538461,0.9610901767151767,0.028846153846153848,3.504902249871719,4.688969046211486,3.8693008311618753,0.3901946956917949,0.2721029399818839,0.9711538461538461,1984,49.0,,,,,,,0.02972972972972973,0.02666666666666667,1.0,0.2634741710041487
correlated_shadowing,2,near_pu_poisoning,XGB+Physical,2000,520,0.843,0.7696335078534031,0.5653846153846154,0.6518847006651884,0.05945945945945946,0.4346153846153846,0.8941943866943867,0.5653846153846154,0.7519777725124857,0.7435801958575127,0.0,0.0,0.0,,0,20.0,,,,,,,0.3891891891891892,1.0,0.3199999999999999,0.0
correlated_shadowing,2,near_pu_poisoning,Physically-Anchored-Adaptive,2000,520,0.845,0.782258064516129,0.5596153846153846,0.6524663677130045,0.05472972972972973,0.4403846153846154,0.9062590956340957,0.5596153846153846,0.956402435682493,0.907521333298784,0.4615462861688618,0.3110358076373307,0.0067277937270179,0.4403846153846154,1628,20.0,,,,,,,0.3810810810810811,1.0,0.4000000000000002,0.1854634995887536
correlated_shadowing,2,near_pu_poisoning,XGB+StaticProfile,2000,520,0.87,0.9676258992805755,0.5173076923076924,0.6741854636591479,0.006081081081081081,0.4826923076923077,0.9268840956340956,0.5173076923076924,0.7519777725124857,0.7435801958575127,0.0,0.0,0.0,,0,45.0,,,,,,,0.3216216216216216,1.0,0.4200000000000007,0.0
correlated_shadowing,2,near_pu_poisoning,Anchored-Update-Only,2000,520,0.87,0.9961832061068703,0.5019230769230769,0.6675191815856778,0.0006756756756756757,0.4980769230769231,0.9865982328482329,0.5019230769230769,0.9594764712661779,0.9048853234868476,0.4603335968198165,0.1541382279533463,0.002858528256293,0.1576923076923077,1481,49.0,,,,,,,0.3,1.0,0.8200000000000038,0.0788003728408646
correlated_shadowing,2,near_pu_poisoning,Physical-Only,2000,520,0.841,0.7774725274725275,0.5442307692307692,0.6402714932126696,0.05472972972972973,0.45576923076923076,0.8852806652806652,0.5442307692307692,,,,,,,0,20.0,,,,,,,0.3783783783783784,0.9533333333333334,0.4600000000000001,
correlated_shadowing,2,near_pu_poisoning,Spatial-XGBoost,2000,520,0.8635,1.0,0.475,0.6440677966101694,0.0,0.525,0.9738630457380457,0.475,,,,,,,0,45.0,,,,,,,0.3054054054054054,0.8933333333333333,0.9200000000000008,
correlated_shadowing,2,near_pu_poisoning,Sequential-Anchored,2000,520,0.845,0.7807486631016043,0.5615384615384615,0.6532438478747203,0.05540540540540541,0.43846153846153846,0.9052053014553014,0.5615384615384615,0.9461485551185739,1.1643522335562946,0.51890599164165,0.246164314811854,0.0686965978385079,0.28846153846153844,1177,20.0,,,,0.0,6.0,0.0,0.3837837837837838,1.0,0.38,0.1566207402920275
correlated_shadowing,2,near_pu_poisoning,Sequential-Anchored+Rollback,2000,520,0.8445,0.7801608579088471,0.5596153846153846,0.6517357222844344,0.05540540540540541,0.4403846153846154,0.9080444386694386,0.5596153846153846,0.9050007404557987,1.198913199198106,0.5473014306447516,0.2436197926584073,0.1018547332676264,0.2923076923076923,1179,20.0,,,,0.0,6.0,167.0,0.3810810810810811,1.0,0.38,0.165003013189464
correlated_shadowing,2,near_pu_poisoning,Sequential-Anchored-Full,2000,520,0.844,0.7780748663101604,0.5596153846153846,0.651006711409396,0.056081081081081084,0.4403846153846154,0.9078976091476091,0.5596153846153846,0.8550727430983339,0.985168115755706,0.4917047883794316,0.2436197926584073,0.0199224746901675,0.2923076923076923,1348,20.0,,,,0.0,6.0,167.0,0.3810810810810811,1.0,0.38,0.165003013189464
correlated_shadowing,2,near_pu_poisoning,Physical-Only+Sequential,2000,520,0.843,0.7783783783783784,0.5538461538461539,0.6471910112359551,0.05540540540540541,0.4461538461538462,0.886781444906445,0.5538461538461539,,,,,,,0,20.0,,,,0.0,6.0,0.0,0.3783783783783784,0.9866666666666667,0.4600000000000001,
correlated_shadowing,2,noise_drift,Baseline-XGBoost,2000,0,0.91,,,,0.09,,,,,,,,,,0,,0.11,1557.0,1.0,,,,,,,
correlated_shadowing,2,noise_drift,Naive-Adaptive,2000,0,0.9975,,,,0.0025,,,,2.6087554927075223,0.8831163907211007,86.53337728188701,0.0,0.0,,1995,,0.0025,0.0,1.0,,,,,,,
correlated_shadowing,2,noise_drift,XGB+Physical,2000,0,0.8675,,,,0.1325,,,,45.61949350452584,86.63723253258472,0.0,0.0,0.0,,0,,0.153125,1592.0,1.0,,,,,,,
correlated_shadowing,2,noise_drift,Physically-Anchored-Adaptive,2000,0,0.946,,,,0.054,,,,2.851313675284617,0.8498084124714518,86.53146846946778,0.0,0.0,,1892,,0.05625,406.0,1.0,,,,,,,
correlated_shadowing,2,noise_drift,XGB+StaticProfile,2000,0,0.9105,,,,0.0895,,,,45.61949350452584,86.63723253258472,0.0,0.0,0.0,,0,,0.11,1557.0,1.0,,,,,,,
correlated_shadowing,2,noise_drift,Anchored-Update-Only,2000,0,0.9975,,,,0.0025,,,,2.851313675284617,0.8498084124714518,86.53146846946778,0.0,0.0,,1892,,0.0025,0.0,1.0,,,,,,,
correlated_shadowing,2,noise_drift,Physical-Only,2000,0,0.9485,,,,0.0515,,,,,,,,,,0,,0.05375,406.0,1.0,,,,,,,
correlated_shadowing,2,noise_drift,Spatial-XGBoost,2000,0,0.9995,,,,0.0005,,,,,,,,,,0,,0.000625,0.0,1.0,,,,,,,
correlated_shadowing,2,noise_drift,Sequential-Anchored,2000,0,0.946,,,,0.054,,,,2.851313675284617,0.8498084124714518,86.53146846946778,0.0,0.0,,1892,,0.05625,406.0,1.0,0.0,,0.0,,,,
correlated_shadowing,2,noise_drift,Sequential-Anchored+Rollback,2000,0,0.946,,,,0.054,,,,2.851313675284617,0.8498084124714518,86.53146846946778,0.0,0.0,,1892,,0.05625,406.0,1.0,0.0,,0.0,,,,
correlated_shadowing,2,noise_drift,Sequential-Anchored-Full,2000,0,0.946,,,,0.054,,,,2.851313675284617,0.8498084124714518,86.53146846946778,0.0,0.0,,1892,,0.05625,406.0,1.0,0.0,,0.0,,,,
correlated_shadowing,2,noise_drift,Physical-Only+Sequential,2000,0,0.9485,,,,0.0515,,,,,,,,,,0,,0.05375,406.0,1.0,0.0,,0.0,,,,
correlated_shadowing,2,poisoning,Baseline-XGBoost,2000,499,0.8575,0.8614864864864865,0.5110220440881763,0.6415094339622642,0.02731512325116589,0.48897795591182364,0.9205526309113897,0.5110220440881763,,,,,,,0,8.0,,,,,,,0.3423180592991914,1.0,0.18,
correlated_shadowing,2,poisoning,Naive-Adaptive,2000,499,0.756,0.9230769230769231,0.02404809619238477,0.04687499999999999,0.0006662225183211193,0.9759519038076152,0.9602829910320307,0.02404809619238477,4.209655900980743,4.608674645279427,3.963621908654214,0.352498017620643,0.2238159828461982,0.9759519038076152,1987,29.0,,,,,,,0.029649595687331536,0.0078125,1.0,0.3086984570861641
correlated_shadowing,2,poisoning,XGB+Physical,2000,499,0.9705,0.8971119133574007,0.9959919839679359,0.9439696106362772,0.0379746835443038,0.004008016032064128,0.9996435242236639,0.9959919839679359,0.8271260458930529,1.149954457216416,0.0,0.0,0.0,,0,0.0,,,,,,,0.9946091644204852,1.0,0.02,0.0
correlated_shadowing,2,poisoning,Physically-Anchored-Adaptive,2000,499,0.974,0.9085923217550275,0.9959919839679359,0.9502868068833653,0.033311125916055964,0.004008016032064128,0.999674231874809,0.9959919839679359,0.8640416084784482,1.256855710046286,0.865728696704249,0.010094347477505,5.820135275177005e-05,0.004008016032064128,1453,0.0,,,,,,,0.9946091644204852,1.0,0.02,0.0020835494016391
correlated_shadowing,2,poisoning,XGB+StaticProfile,2000,499,0.8715,0.9689922480620154,0.501002004008016,0.6605019815059445,0.005329780146568954,0.49899799599198397,0.9474672195824027,0.501002004008016,0.8271260458930529,1.149954457216416,0.0,0.0,0.0,,0,8.0,,,,,,,0.3288409703504043,1.0,0.2199999999999999,0.0
correlated_shadowing,2,poisoning,Anchored-Update-Only,2000,499,0.8755,1.0,0.501002004008016,0.6675567423230975,0.0,0.49899799599198397,0.9566180996236311,0.501002004008016,0.8651153872210974,1.2567666609756645,0.865715567954114,0.0,0.0,0.0,1451,8.0,,,,,,,0.3288409703504043,1.0,0.2599999999999998,0.0
correlated_shadowing,2,poisoning,Physical-Only,2000,499,0.974,0.9085923217550275,0.9959919839679359,0.9502868068833653,0.033311125916055964,0.004008016032064128,0.9996769021053433,0.9959919839679359,,,,,,,0,0.0,,,,,,,0.9946091644204852,1.0,0.02,
correlated_shadowing,2,poisoning,Spatial-XGBoost,2000,499,0.979,1.0,0.9158316633266533,0.9560669456066945,0.0,0.0841683366733467,0.9995140180427478,0.9158316633266533,,,,,,,0,0.0,,,,,,,0.8867924528301887,1.0,0.08,
correlated_shadowing,2,poisoning,Sequential-Anchored,2000,499,0.9715,0.9003623188405797,0.9959919839679359,0.945765937202664,0.03664223850766156,0.004008016032064128,0.9996555402610685,0.9959919839679359,1.0855449685116596,1.8025943687354546,0.8417699255308924,0.0,0.0,0.0,330,0.0,,,,0.0,0.0,0.0,0.9946091644204852,1.0,0.02,0.0
correlated_shadowing,2,poisoning,Sequential-Anchored+Rollback,2000,499,0.971,0.8987341772151899,0.9959919839679359,0.9448669201520912,0.037308461025982675,0.004008016032064128,0.9996461944541981,0.9959919839679359,1.142018552311772,1.8987967486106572,0.8947791449165423,0.0,0.0,0.0,330,0.0,,,,0.0,0.0,10.0,0.9946091644204852,1.0,0.02,0.0
correlated_shadowing,2,poisoning,Sequential-Anchored-Full,2000,499,0.974,0.9056261343012704,1.0,0.9504761904761905,0.034643570952698204,0.0,0.9997436578687021,1.0,0.8987344192526027,1.257571220695314,0.8632654749697677,0.0,0.0,0.0,1342,0.0,,,,0.0,0.0,10.0,1.0,1.0,0.0,0.0
correlated_shadowing,2,poisoning,Physical-Only+Sequential,2000,499,0.974,0.9056261343012704,1.0,0.9504761904761905,0.034643570952698204,0.0,0.9997463280992365,1.0,,,,,,,0,0.0,,,,0.0,0.0,0.0,1.0,1.0,0.0,
correlated_shadowing,2,power_drift,Baseline-XGBoost,2000,0,0.3115,,,,0.6885,,,,,,,,,,0,,0.853125,,0.0,,,,,,,
correlated_shadowing,2,power_drift,Naive-Adaptive,2000,0,0.9965,,,,0.0035,,,,0.9512585441093006,0.5402004691046948,10.385550535187742,0.0,0.0,,1993,,0.004375,0.0,1.0,,,,,,,
correlated_shadowing,2,power_drift,XGB+Physical,2000,0,0.3475,,,,0.6525,,,,5.5504397433549215,10.12409348751687,0.0,0.0,0.0,,0,,0.805625,,0.0,,,,,,,
correlated_shadowing,2,power_drift,Physically-Anchored-Adaptive,2000,0,0.9445,,,,0.0555,,,,0.9473746678427103,0.5520452516878497,10.378413733203876,0.0,0.0,,1889,,0.059375,1577.0,1.0,,,,,,,
correlated_shadowing,2,power_drift,XGB+StaticProfile,2000,0,0.3585,,,,0.6415,,,,5.5504397433549215,10.12409348751687,0.0,0.0,0.0,,0,,0.801875,,0.0,,,,,,,
correlated_shadowing,2,power_drift,Anchored-Update-Only,2000,0,0.996,,,,0.004,,,,0.9473746678427103,0.5520452516878497,10.378413733203876,0.0,0.0,,1889,,0.005,0.0,1.0,,,,,,,
correlated_shadowing,2,power_drift,Physical-Only,2000,0,0.9485,,,,0.0515,,,,,,,,,,0,,0.054375,1576.0,1.0,,,,,,,
correlated_shadowing,2,power_drift,Spatial-XGBoost,2000,0,0.826,,,,0.174,,,,,,,,,,0,,0.2175,,0.0,,,,,,,
correlated_shadowing,2,power_drift,Sequential-Anchored,2000,0,0.9445,,,,0.0555,,,,0.9473746678427103,0.5520452516878497,10.378413733203876,0.0,0.0,,1889,,0.059375,1577.0,1.0,0.0,,0.0,,,,
correlated_shadowing,2,power_drift,Sequential-Anchored+Rollback,2000,0,0.9445,,,,0.0555,,,,0.9473746678427103,0.5520452516878497,10.378413733203876,0.0,0.0,,1889,,0.059375,1577.0,1.0,0.0,,0.0,,,,
correlated_shadowing,2,power_drift,Sequential-Anchored-Full,2000,0,0.9445,,,,0.0555,,,,0.9473746678427103,0.5520452516878497,10.378413733203876,0.0,0.0,,1889,,0.059375,1577.0,1.0,0.0,,0.0,,,,
correlated_shadowing,2,power_drift,Physical-Only+Sequential,2000,0,0.9485,,,,0.0515,,,,,,,,,,0,,0.054375,1576.0,1.0,0.0,,0.0,,,,
correlated_shadowing,2,power_matching_puea,Baseline-XGBoost,2000,449,0.8615,0.8495934959349594,0.46547884187082406,0.6014388489208633,0.02385557704706641,0.534521158129176,0.9267029389760756,0.46547884187082406,,,,,,,0,9.0,,,,,,,,,,
correlated_shadowing,2,power_matching_puea,Naive-Adaptive,2000,449,0.7755,0.5,0.0022271714922048997,0.004434589800443459,0.0006447453255963894,0.9977728285077951,0.9133801168582955,0.0022271714922048997,1.1185050826457443,0.633565674270495,0.6723602783438729,0.3885851796177539,0.2788891967280905,0.9977728285077951,1998,210.0,,,,,,,,,,
correlated_shadowing,2,power_matching_puea,XGB+Physical,2000,449,0.965,0.8651252408477842,1.0,0.9276859504132231,0.04513217279174726,0.0,1.0,1.0,0.8088210382315815,0.558192248012888,0.0,0.0,0.0,,0,0.0,,,,,,,,,,
correlated_shadowing,2,power_matching_puea,Physically-Anchored-Adaptive,2000,449,0.969,0.8786692759295499,1.0,0.9354166666666667,0.039974210186976146,0.0,1.0,1.0,0.8781179435793289,0.5786138580310379,0.2605011998034192,0.0,0.0,0.0,1489,0.0,,,,,,,,,,
correlated_shadowing,2,power_matching_puea,XGB+StaticProfile,2000,449,0.791,0.8163265306122449,0.08908685968819599,0.1606425702811245,0.005802707930367505,0.910913140311804,0.9246322869504408,0.08908685968819599,0.8088210382315815,0.558192248012888,0.0,0.0,0.0,,0,71.0,,,,,,,,,,
correlated_shadowing,2,power_matching_puea,Anchored-Update-Only,2000,449,0.799,0.9795918367346939,0.10690423162583519,0.1927710843373494,0.0006447453255963894,0.8930957683741648,0.9286472266617269,0.10690423162583519,0.8781179435793289,0.5786138580310379,0.2605011998034192,0.0,0.0,0.0,1489,71.0,,,,,,,,,,
correlated_shadowing,2,power_matching_puea,Physical-Only,2000,449,0.9695,0.8803921568627451,1.0,0.9363920750782064,0.039329464861379754,0.0,1.0,1.0,,,,,,,0,0.0,,,,,,,,,,
correlated_shadowing,2,power_matching_puea,Spatial-XGBoost,2000,449,1.0,1.0,1.0,1.0,0.0,0.0,1.0,1.0,,,,,,,0,0.0,,,,,,,,,,
correlated_shadowing,2,power_matching_puea,Sequential-Anchored,2000,449,0.9665,0.8701550387596899,1.0,0.9305699481865285,0.04319793681495809,0.0,1.0,1.0,0.8287726652432197,0.9635620472276711,0.6822950707049477,0.0,0.0,0.0,496,0.0,,,,0.0,0.0,0.0,,,,
correlated_shadowing,2,power_matching_puea,Sequential-Anchored+Rollback,2000,449,0.9665,0.8701550387596899,1.0,0.9305699481865285,0.04319793681495809,0.0,1.0,1.0,0.8467836014622544,1.0308966017497134,0.758399253319215,0.0,0.0,0.0,496,0.0,,,,0.0,0.0,3.0,,,,
correlated_shadowing,2,power_matching_puea,Sequential-Anchored-Full,2000,449,0.9645,0.8634615384615385,1.0,0.9267285861713106,0.04577691811734365,0.0,1.0,1.0,0.8714106934678338,0.5796816088814556,0.2610876886949165,0.0,0.0,0.0,1382,0.0,,,,0.0,0.0,3.0,,,,
correlated_shadowing,2,power_matching_puea,Physical-Only+Sequential,2000,449,0.965,0.8651252408477842,1.0,0.9276859504132231,0.04513217279174726,0.0,1.0,1.0,,,,,,,0,0.0,,,,0.0,0.0,0.0,,,,
correlated_shadowing,2,shadowing_drift,Baseline-XGBoost,2000,0,0.945,,,,0.055,,,,,,,,,,0,,0.061875,,0.0,,,,,,,
correlated_shadowing,2,shadowing_drift,Naive-Adaptive,2000,0,0.997,,,,0.003,,,,1.0921972133154019,1.4004783830459073,1.3854585458931756,0.0,0.0,,1994,,0.00375,0.0,1.0,,,,,,,
correlated_shadowing,2,shadowing_drift,XGB+Physical,2000,0,0.915,,,,0.085,,,,1.0877033876542601,1.750518182784014,0.0,0.0,0.0,,0,,0.1025,1520.0,1.0,,,,,,,
correlated_shadowing,2,shadowing_drift,Physically-Anchored-Adaptive,2000,0,0.9375,,,,0.0625,,,,1.1022617637023224,1.3996190040173553,1.380738229780011,0.0,0.0,,1875,,0.074375,1500.0,1.0,,,,,,,
correlated_shadowing,2,shadowing_drift,XGB+StaticProfile,2000,0,0.973,,,,0.027,,,,1.0877033876542601,1.750518182784014,0.0,0.0,0.0,,0,,0.03375,1049.0,1.0,,,,,,,
correlated_shadowing,2,shadowing_drift,Anchored-Update-Only,2000,0,0.997,,,,0.003,,,,1.1022617637023224,1.3996190040173553,1.380738229780011,0.0,0.0,,1875,,0.00375,0.0,1.0,,,,,,,
correlated_shadowing,2,shadowing_drift,Physical-Only,2000,0,0.9405,,,,0.0595,,,,,,,,,,0,,0.070625,1500.0,1.0,,,,,,,
correlated_shadowing,2,shadowing_drift,Spatial-XGBoost,2000,0,0.9755,,,,0.0245,,,,,,,,,,0,,0.030625,1309.0,1.0,,,,,,,
correlated_shadowing,2,shadowing_drift,Sequential-Anchored,2000,0,0.9375,,,,0.0625,,,,1.1022617637023224,1.3996190040173553,1.380738229780011,0.0,0.0,,1875,,0.074375,1500.0,1.0,0.0,,0.0,,,,
correlated_shadowing,2,shadowing_drift,Sequential-Anchored+Rollback,2000,0,0.9375,,,,0.0625,,,,1.1022617637023224,1.3996190040173553,1.380738229780011,0.0,0.0,,1875,,0.074375,1500.0,1.0,0.0,,0.0,,,,
correlated_shadowing,2,shadowing_drift,Sequential-Anchored-Full,2000,0,0.9375,,,,0.0625,,,,1.1022617637023224,1.3996190040173553,1.380738229780011,0.0,0.0,,1875,,0.074375,1500.0,1.0,0.0,,0.0,,,,
correlated_shadowing,2,shadowing_drift,Physical-Only+Sequential,2000,0,0.9405,,,,0.0595,,,,,,,,,,0,,0.070625,1500.0,1.0,0.0,,0.0,,,,
correlated_shadowing,2,slow_near_pu_poisoning,Baseline-XGBoost,2000,222,0.958,0.8165137614678899,0.8018018018018018,0.8090909090909092,0.02249718785151856,0.1981981981981982,0.93459094640197,0.8018018018018018,,,,,,,0,10.0,,,,,,,0.30158730158730157,1.0,0.2599999999999997,
correlated_shadowing,2,slow_near_pu_poisoning,Naive-Adaptive,2000,222,0.974,0.9829545454545454,0.7792792792792793,0.8693467336683417,0.001687289088863892,0.22072072072072071,0.976291814874492,0.7792792792792793,0.9273132391010273,0.9278396854497118,0.8252988591814652,0.0883582611174456,0.0014694066657176,0.22072072072072071,1824,82.0,,,,,,,0.2222222222222222,1.0,0.4800000000000001,0.0452418804552062
correlated_shadowing,2,slow_near_pu_poisoning,XGB+Physical,2000,222,0.9395,0.6797153024911032,0.8603603603603603,0.7594433399602386,0.05061867266591676,0.13963963963963963,0.9677590976803575,0.8603603603603603,0.83501997749176,0.4735704509120346,0.0,0.0,0.0,,0,9.0,,,,,,,0.5079365079365079,1.0,0.12,0.0
correlated_shadowing,2,slow_near_pu_poisoning,Physically-Anchored-Adaptive,2000,222,0.9405,0.6845878136200717,0.8603603603603603,0.7624750499001997,0.049493813273340834,0.13963963963963963,0.9684000648567578,0.8603603603603603,0.9345516039736755,0.9213375628727993,0.8200990302584416,0.0694043998759678,0.0013548030486481,0.13963963963963963,1721,9.0,,,,,,,0.5079365079365079,1.0,0.12,0.0351619632462289
correlated_shadowing,2,slow_near_pu_poisoning,XGB+StaticProfile,2000,222,0.974,0.967032967032967,0.7927927927927928,0.8712871287128713,0.003374578177727784,0.2072072072072072,0.9687091478430061,0.7927927927927928,0.83501997749176,0.4735704509120346,0.0,0.0,0.0,,0,82.0,,,,,,,0.2698412698412698,1.0,0.2799999999999997,0.0
correlated_shadowing,2,slow_near_pu_poisoning,Anchored-Update-Only,2000,222,0.9745,0.9776536312849162,0.7882882882882883,0.8728179551122195,0.0022497187851518562,0.21171171171171171,0.974156102108858,0.7882882882882883,0.9292317454406928,0.9178083508592451,0.8181271197303215,0.0312372863468099,0.0007837149560784,0.07207207207207207,1705,82.0,,,,,,,0.25396825396825395,1.0,0.36,0.0203401937341721
correlated_shadowing,2,slow_near_pu_poisoning,Physical-Only,2000,222,0.9395,0.6863468634686347,0.8378378378378378,0.7545638945233267,0.047806524184476944,0.16216216216216217,0.9658969993615663,0.8378378378378378,,,,,,,0,9.0,,,,,,,0.5079365079365079,0.9685534591194969,0.12,
correlated_shadowing,2,slow_near_pu_poisoning,Spatial-XGBoost,2000,222,0.968,0.99375,0.7162162162162162,0.8324607329842932,0.0005624296962879641,0.28378378378378377,0.977269733175245,0.7162162162162162,,,,,,,0,21.0,,,,,,,0.19047619047619047,0.9245283018867925,0.6000000000000003,
correlated_shadowing,2,slow_near_pu_poisoning,Sequential-Anchored,2000,222,0.9395,0.6797153024911032,0.8603603603603603,0.7594433399602386,0.05061867266591676,0.13963963963963963,0.9683316612450471,0.8603603603603603,0.9121919288065886,0.656039641294878,0.5555170744460199,0.0452247745035259,0.0236888879615062,0.0990990990990991,1385,9.0,,,,0.0,21.0,0.0,0.5079365079365079,1.0,0.12,0.0281025911917138
correlated_shadowing,2,slow_near_pu_poisoning,Sequential-Anchored+Rollback,2000,222,0.9395,0.6797153024911032,0.8603603603603603,0.7594433399602386,0.05061867266591676,0.13963963963963963,0.9683519289818501,0.8603603603603603,0.8956097111040787,0.7270784182198965,0.5110251371795433,0.0410315030049278,0.0331766487255487,0.0990990990990991,1385,9.0,,,,0.0,21.0,39.0,0.5079365079365079,1.0,0.12,0.028030666809465
correlated_shadowing,2,slow_near_pu_poisoning,Sequential-Anchored-Full,2000,222,0.9395,0.6797153024911032,0.8603603603603603,0.7594433399602386,0.05061867266591676,0.13963963963963963,0.968382330587055,0.8603603603603603,0.9240733271066349,0.9467861177088269,0.8394272817701437,0.0410315030049278,0.002174252762541,0.0990990990990991,1659,9.0,,,,0.0,21.0,39.0,0.5079365079365079,1.0,0.12,0.028030666809465
correlated_shadowing,2,slow_near_pu_poisoning,Physical-Only+Sequential,2000,222,0.94,0.6875,0.8423423423423423,0.7570850202429149,0.047806524184476944,0.15765765765765766,0.9677084283383496,0.8423423423423423,,,,,,,0,9.0,,,,0.0,21.0,0.0,0.5079365079365079,0.9748427672955975,0.12,
correlated_shadowing,2,stable,Baseline-XGBoost,2000,0,0.9785,,,,0.0215,,,,,,,,,,0,,,,,,,,,,,
correlated_shadowing,2,stable,Naive-Adaptive,2000,0,0.998,,,,0.002,,,,1.0658885355635965,1.0704890219143983,0.6958952656218602,0.0,0.0,,1996,,,,,,,,,,,
correlated_shadowing,2,stable,XGB+Physical,2000,0,0.9545,,,,0.0455,,,,0.8875025464439439,0.5561684378985486,0.0,0.0,0.0,,0,,,,,,,,,,,
correlated_shadowing,2,stable,Physically-Anchored-Adaptive,2000,0,0.957,,,,0.043,,,,1.0722274500970608,1.108240571213513,0.7316194002793863,0.0,0.0,,1914,,,,,,,,,,,
correlated_shadowing,2,stable,XGB+StaticProfile,2000,0,0.995,,,,0.005,,,,0.8875025464439439,0.5561684378985486,0.0,0.0,0.0,,0,,,,,,,,,,,
correlated_shadowing,2,stable,Anchored-Update-Only,2000,0,0.998,,,,0.002,,,,1.0722274500970608,1.108240571213513,0.7316194002793863,0.0,0.0,,1914,,,,,,,,,,,
correlated_shadowing,2,stable,Physical-Only,2000,0,0.959,,,,0.041,,,,,,,,,,0,,,,,,,,,,,
correlated_shadowing,2,stable,Spatial-XGBoost,2000,0,0.9995,,,,0.0005,,,,,,,,,,0,,,,,,,,,,,
correlated_shadowing,2,stable,Sequential-Anchored,2000,0,0.957,,,,0.043,,,,1.0722274500970608,1.108240571213513,0.7316194002793863,0.0,0.0,,1914,,,,,0.0,,0.0,,,,
correlated_shadowing,2,stable,Sequential-Anchored+Rollback,2000,0,0.957,,,,0.043,,,,1.0722274500970608,1.108240571213513,0.7316194002793863,0.0,0.0,,1914,,,,,0.0,,0.0,,,,
correlated_shadowing,2,stable,Sequential-Anchored-Full,2000,0,0.957,,,,0.043,,,,1.0722274500970608,1.108240571213513,0.7316194002793863,0.0,0.0,,1914,,,,,0.0,,0.0,,,,
correlated_shadowing,2,stable,Physical-Only+Sequential,2000,0,0.959,,,,0.041,,,,,,,,,,0,,,,,0.0,,0.0,,,,
correlated_shadowing,2,stealthy_puea,Baseline-XGBoost,2000,222,0.4295,0.1588715664439495,0.963963963963964,0.27278521351179097,0.6372328458942632,0.036036036036036036,0.8180615936521447,0.963963963963964,,,,,,,0,0.0,0.8178519593613933,,0.0,,,,,,,
correlated_shadowing,2,stealthy_puea,Naive-Adaptive,2000,222,0.895,0.875,0.06306306306306306,0.1176470588235294,0.0011248593925759281,0.9369369369369369,0.8569047112354199,0.06306306306306306,0.9866302260298203,1.2071650576300932,10.340946970743175,0.2004005539820803,0.1608783659634125,0.9369369369369369,1984,0.0,0.001451378809869376,0.0,1.0,,,,,,,
correlated_shadowing,2,stealthy_puea,XGB+Physical,2000,222,0.464,0.17156105100463678,1.0,0.29287598944591026,0.6029246344206974,0.0,0.8750240679374538,1.0,5.535167281774759,10.018724963947417,0.0,0.0,0.0,,0,0.0,0.7677793904208998,,0.0,,,,,,,
correlated_shadowing,2,stealthy_puea,Physically-Anchored-Adaptive,2000,222,0.968,0.7762237762237763,1.0,0.8740157480314961,0.0359955005624297,0.0,1.0,1.0,1.019955093919027,1.2455946092772365,10.3005982263489,0.0,0.0,0.0,1714,0.0,0.03701015965166909,110.0,1.0,,,,,,,
correlated_shadowing,2,stealthy_puea,XGB+StaticProfile,2000,222,0.4755,0.1689351481184948,0.9504504504504504,0.28687967369136647,0.5838020247469067,0.04954954954954955,0.7245411891081182,0.9504504504504504,5.535167281774759,10.018724963947417,0.0,0.0,0.0,,0,0.0,0.7525399129172714,,0.0,,,,,,,
correlated_shadowing,2,stealthy_puea,Anchored-Update-Only,2000,222,0.9555,0.9716312056737588,0.6171171171171171,0.7548209366391184,0.0022497187851518562,0.38288288288288286,0.9635408749581978,0.6171171171171171,1.019955093919027,1.2455946092772365,10.3005982263489,0.0,0.0,0.0,1714,0.0,0.002902757619738752,0.0,1.0,,,,,,,
correlated_shadowing,2,stealthy_puea,Physical-Only,2000,222,0.97,0.7872340425531915,1.0,0.880952380952381,0.03374578177727784,0.0,1.0,1.0,,,,,,,0,0.0,0.034107402031930335,110.0,1.0,,,,,,,
correlated_shadowing,2,stealthy_puea,Spatial-XGBoost,2000,222,0.825,0.3881118881118881,1.0,0.5591939546599496,0.1968503937007874,0.0,0.9931799065657334,1.0,,,,,,,0,0.0,0.2539912917271408,,0.0,,,,,,,
correlated_shadowing,2,stealthy_puea,Sequential-Anchored,2000,222,0.952,0.6981132075471698,1.0,0.8222222222222222,0.05399325084364454,0.0,1.0,1.0,2.429532449667939,1.4515329662992025,9.024767838051307,0.0,0.0,0.0,741,0.0,0.0602322206095791,1129.0,1.0,0.0,0.0,0.0,,,,
correlated_shadowing,2,stealthy_puea,Sequential-Anchored+Rollback,2000,222,0.942,0.6568047337278107,1.0,0.7928571428571429,0.06524184476940383,0.0,1.0,1.0,3.1121535712015294,3.1002033032182648,7.076724788242146,0.0,0.0,0.0,741,0.0,0.07474600870827286,1125.0,1.0,0.0,0.0,40.0,,,,
correlated_shadowing,2,stealthy_puea,Sequential-Anchored-Full,2000,222,0.9475,0.6788990825688074,1.0,0.8087431693989072,0.05905511811023622,0.0,1.0,1.0,1.64155569829239,1.2304987407412953,9.95425996828016,0.0,0.0,0.0,1066,0.0,0.06676342525399129,542.0,1.0,0.0,0.0,40.0,,,,
correlated_shadowing,2,stealthy_puea,Physical-Only+Sequential,2000,222,0.97,0.7872340425531915,1.0,0.880952380952381,0.03374578177727784,0.0,1.0,1.0,,,,,,,0,0.0,0.034107402031930335,110.0,1.0,0.0,0.0,0.0,,,,
correlated_shadowing,3,basic_puea,Baseline-XGBoost,2000,458,0.9775,0.9105367793240556,1.0,0.9531737773152966,0.029182879377431907,0.0,1.0,1.0,,,,,,,0,0.0,,,,,,,,,,
correlated_shadowing,3,basic_puea,Naive-Adaptive,2000,458,0.999,0.9956521739130435,1.0,0.9978213507625272,0.0012970168612191958,0.0,1.0,1.0,1.1712202972715393,1.8131569555633646,0.4834245944175486,0.0,0.0,0.0,1540,0.0,,,,,,,,,,
correlated_shadowing,3,basic_puea,XGB+Physical,2000,458,0.97,0.8841698841698842,1.0,0.9385245901639344,0.038910505836575876,0.0,1.0,1.0,1.0177157417691978,1.7583665648280122,0.0,0.0,0.0,,0,0.0,,,,,,,,,,
correlated_shadowing,3,basic_puea,Physically-Anchored-Adaptive,2000,458,0.972,0.8910505836575876,1.0,0.9423868312757202,0.03631647211413749,0.0,1.0,1.0,1.1583285874438713,1.786694926127518,0.5142149476420943,0.0,0.0,0.0,1486,0.0,,,,,,,,,,
correlated_shadowing,3,basic_puea,XGB+StaticProfile,2000,458,0.9955,0.9807280513918629,1.0,0.9902702702702703,0.005836575875486381,0.0,1.0,1.0,1.0177157417691978,1.7583665648280122,0.0,0.0,0.0,,0,0.0,,,,,,,,,,
correlated_shadowing,3,basic_puea,Anchored-Update-Only,2000,458,0.998,0.9913419913419913,1.0,0.9956521739130434,0.0025940337224383916,0.0,1.0,1.0,1.1583285874438713,1.786694926127518,0.5142149476420943,0.0,0.0,0.0,1486,0.0,,,,,,,,,,
correlated_shadowing,3,basic_puea,Physical-Only,2000,458,0.973,0.89453125,1.0,0.9443298969072165,0.03501945525291829,0.0,1.0,1.0,,,,,,,0,0.0,,,,,,,,,,
correlated_shadowing,3,basic_puea,Spatial-XGBoost,2000,458,0.998,0.9913419913419913,1.0,0.9956521739130434,0.0025940337224383916,0.0,1.0,1.0,,,,,,,0,0.0,,,,,,,,,,
correlated_shadowing,3,basic_puea,Sequential-Anchored,2000,458,0.971,0.8875968992248062,1.0,0.9404517453798769,0.03761348897535668,0.0,1.0,1.0,1.2778424217555362,1.621780305544553,0.9841702052523746,0.0,0.0,0.0,474,0.0,,,,0.0,0.0,0.0,,,,
correlated_shadowing,3,basic_puea,Sequential-Anchored+Rollback,2000,458,0.9705,0.8858800773694391,1.0,0.9394871794871795,0.03826199740596628,0.0,1.0,1.0,1.368282298028983,1.5898731123383498,1.1536371251669826,0.0,0.0,0.0,474,0.0,,,,0.0,0.0,1.0,,,,
correlated_shadowing,3,basic_puea,Sequential-Anchored-Full,2000,458,0.97,0.8841698841698842,1.0,0.9385245901639344,0.038910505836575876,0.0,0.9999249542645802,1.0,1.1793339530414133,1.7510774530197246,0.4680597279209792,0.0,0.0,0.0,1389,0.0,,,,0.0,0.0,1.0,,,,
correlated_shadowing,3,basic_puea,Physical-Only+Sequential,2000,458,0.971,0.8875968992248062,1.0,0.9404517453798769,0.03761348897535668,0.0,0.9999249542645802,1.0,,,,,,,0,0.0,,,,0.0,0.0,0.0,,,,
correlated_shadowing,3,combined_drift,Baseline-XGBoost,2000,0,0.417,,,,0.583,,,,,,,,,,0,,0.72125,,0.0,,,,,,,
correlated_shadowing,3,combined_drift,Naive-Adaptive,2000,0,0.994,,,,0.006,,,,2.326659781566377,0.9642232121213202,61.13465445466409,0.0,0.0,,1988,,0.0075,0.0,1.0,,,,,,,
correlated_shadowing,3,combined_drift,XGB+Physical,2000,0,0.4105,,,,0.5895,,,,32.51635876454434,61.442996684889614,0.0,0.0,0.0,,0,,0.725625,,0.0,,,,,,,
correlated_shadowing,3,combined_drift,Physically-Anchored-Adaptive,2000,0,0.9685,,,,0.0315,,,,2.4013796463048096,0.9612221264785518,61.13053656091004,0.0,0.0,,1937,,0.031875,872.0,1.0,,,,,,,
correlated_shadowing,3,combined_drift,XGB+StaticProfile,2000,0,0.4195,,,,0.5805,,,,32.51635876454434,61.442996684889614,0.0,0.0,0.0,,0,,0.720625,,0.0,,,,,,,
correlated_shadowing,3,combined_drift,Anchored-Update-Only,2000,0,0.9935,,,,0.0065,,,,2.4013796463048096,0.9612221264785518,61.13053656091004,0.0,0.0,,1937,,0.0075,0.0,1.0,,,,,,,
correlated_shadowing,3,combined_drift,Physical-Only,2000,0,0.9745,,,,0.0255,,,,,,,,,,0,,0.025,872.0,1.0,,,,,,,
correlated_shadowing,3,combined_drift,Spatial-XGBoost,2000,0,0.9325,,,,0.0675,,,,,,,,,,0,,0.0825,,0.0,,,,,,,
correlated_shadowing,3,combined_drift,Sequential-Anchored,2000,0,0.9685,,,,0.0315,,,,2.4013796463048096,0.9612221264785518,61.13053656091004,0.0,0.0,,1937,,0.031875,872.0,1.0,0.0,,0.0,,,,
correlated_shadowing,3,combined_drift,Sequential-Anchored+Rollback,2000,0,0.9685,,,,0.0315,,,,2.4013796463048096,0.9612221264785518,61.13053656091004,0.0,0.0,,1937,,0.031875,872.0,1.0,0.0,,0.0,,,,
correlated_shadowing,3,combined_drift,Sequential-Anchored-Full,2000,0,0.9685,,,,0.0315,,,,2.4013796463048096,0.9612221264785518,61.13053656091004,0.0,0.0,,1937,,0.031875,872.0,1.0,0.0,,0.0,,,,
correlated_shadowing,3,combined_drift,Physical-Only+Sequential,2000,0,0.9745,,,,0.0255,,,,,,,,,,0,,0.025,872.0,1.0,0.0,,0.0,,,,
correlated_shadowing,3,gradual_puea,Baseline-XGBoost,2000,455,0.9055,0.8694444444444445,0.6879120879120879,0.7680981595092025,0.030420711974110032,0.3120879120879121,0.9154379600981543,0.6879120879120879,,,,,,,0,0.0,,,,,,,,,,
correlated_shadowing,3,gradual_puea,Naive-Adaptive,2000,455,0.85,1.0,0.34065934065934067,0.5081967213114754,0.0,0.6593406593406593,0.9025769052953521,0.34065934065934067,1.2100391042436665,1.2558578525950177,0.5557633982798419,0.3649589529408637,0.3298452979327024,0.6593406593406593,1845,0.0,,,,,,,,,,
correlated_shadowing,3,gradual_puea,XGB+Physical,2000,455,0.9875,0.9479166666666666,1.0,0.9732620320855615,0.016181229773462782,0.0,1.0,1.0,0.8883252401506702,1.152713568037438,0.0,0.0,0.0,,0,0.0,,,,,,,,,,
correlated_shadowing,3,gradual_puea,Physically-Anchored-Adaptive,2000,455,0.9905,0.959915611814346,1.0,0.9795479009687837,0.012297734627831715,0.0,1.0,1.0,1.0298850296986122,1.444262521181106,0.5069866441092196,0.0,0.0,0.0,1526,0.0,,,,,,,,,,
correlated_shadowing,3,gradual_puea,XGB+StaticProfile,2000,455,0.911,0.9570957095709571,0.6373626373626373,0.7651715039577837,0.008414239482200648,0.3626373626373626,0.9156456488495323,0.6373626373626373,0.8883252401506702,1.152713568037438,0.0,0.0,0.0,,0,0.0,,,,,,,,,,
correlated_shadowing,3,gradual_puea,Anchored-Update-Only,2000,455,0.9045,0.9888888888888889,0.5868131868131868,0.7365517241379309,0.001941747572815534,0.41318681318681316,0.9157651410078594,0.5868131868131868,1.0298850296986122,1.444262521181106,0.5069866441092196,0.0,0.0,0.0,1526,0.0,,,,,,,,,,
correlated_shadowing,3,gradual_puea,Physical-Only,2000,455,0.9915,0.9639830508474576,1.0,0.9816612729234089,0.011003236245954692,0.0,1.0,1.0,,,,,,,0,0.0,,,,,,,,,,
correlated_shadowing,3,gradual_puea,Spatial-XGBoost,2000,455,0.9995,1.0,0.9978021978021978,0.9988998899889989,0.0,0.002197802197802198,0.999934563818059,0.9978021978021978,,,,,,,0,0.0,,,,,,,,,,
correlated_shadowing,3,gradual_puea,Sequential-Anchored,2000,455,0.99,0.9578947368421052,1.0,0.978494623655914,0.012944983818770227,0.0,1.0,1.0,0.9701629696867269,0.8301398880469023,0.6185515292773528,0.0,0.0,0.0,500,0.0,,,,0.0,0.0,0.0,,,,
correlated_shadowing,3,gradual_puea,Sequential-Anchored+Rollback,2000,455,0.99,0.9578947368421052,1.0,0.978494623655914,0.012944983818770227,0.0,1.0,1.0,0.9636858384622581,0.81397140204863,0.6174320162114186,0.0,0.0,0.0,500,0.0,,,,0.0,0.0,1.0,,,,
correlated_shadowing,3,gradual_puea,Sequential-Anchored-Full,2000,455,0.9855,0.9400826446280992,1.0,0.9691160809371672,0.018770226537216828,0.0,1.0,1.0,1.0350692320481434,1.4559899422973603,0.5246869675171278,0.0,0.0,0.0,1459,0.0,,,,0.0,0.0,1.0,,,,
correlated_shadowing,3,gradual_puea,Physical-Only+Sequential,2000,455,0.986,0.9420289855072463,1.0,0.9701492537313433,0.018122977346278317,0.0,1.0,1.0,,,,,,,0,0.0,,,,0.0,0.0,0.0,,,,
correlated_shadowing,3,near_pu_poisoning,Baseline-XGBoost,2000,528,0.864,0.9266666666666666,0.5265151515151515,0.6714975845410628,0.014945652173913044,0.4734848484848485,0.9005964879776021,0.5265151515151515,,,,,,,0,54.0,,,,,,,0.3333333333333333,1.0,0.3399999999999999,
correlated_shadowing,3,near_pu_poisoning,Naive-Adaptive,2000,528,0.7435,0.8260869565217391,0.03598484848484849,0.06896551724137931,0.002717391304347826,0.9640151515151515,0.9660724946475626,0.03598484848484849,3.4393232006303585,3.9740686252851445,3.69298168734351,0.3799625182337952,0.2968511738698502,0.9640151515151515,1977,59.0,,,,,,,0.048,0.006535947712418301,1.0,0.3405889143736539
correlated_shadowing,3,near_pu_poisoning,XGB+Physical,2000,528,0.8585,0.881619937694704,0.5359848484848485,0.6666666666666667,0.025815217391304348,0.4640151515151515,0.9101729763669302,0.5359848484848485,0.7954347488573227,0.6155620484455524,0.0,0.0,0.0,,0,2.0,,,,,,,0.3466666666666667,1.0,0.3599999999999997,0.0
correlated_shadowing,3,near_pu_poisoning,Physically-Anchored-Adaptive,2000,528,0.8555,0.8842443729903537,0.5208333333333334,0.6555423122765198,0.024456521739130436,0.4791666666666667,0.9289386734189724,0.5208333333333334,1.1646569860870801,0.6972510355361559,0.6508650479786224,0.2901919486289813,0.0085558244323346,0.4791666666666667,1689,2.0,,,,,,,0.3253333333333333,1.0,0.5000000000000002,0.2634271336821356
correlated_shadowing,3,near_pu_poisoning,XGB+StaticProfile,2000,528,0.87,0.975177304964539,0.5208333333333334,0.6790123456790124,0.004755434782608696,0.4791666666666667,0.9529834692028984,0.5208333333333334,0.7954347488573227,0.6155620484455524,0.0,0.0,0.0,,0,59.0,,,,,,,0.3253333333333333,1.0,0.3400000000000003,0.0
correlated_shadowing,3,near_pu_poisoning,Anchored-Update-Only,2000,528,0.866,0.9814814814814815,0.5018939393939394,0.6641604010025064,0.0033967391304347825,0.4981060606060606,0.9849449831192357,0.5018939393939394,1.1450017174659426,0.7008012855861542,0.6551412289995308,0.1706871339265299,0.0030656872850251,0.19318181818181818,1538,59.0,,,,,,,0.2986666666666667,1.0,0.9200000000000016,0.094390110578691
correlated_shadowing,3,near_pu_poisoning,Physical-Only,2000,528,0.8535,0.8929765886287625,0.5056818181818182,0.6457073760580412,0.021739130434782608,0.4943181818181818,0.9107043601778657,0.5056818181818182,,,,,,,0,2.0,,,,,,,0.32266666666666666,0.954248366013072,0.5800000000000007,
correlated_shadowing,3,near_pu_poisoning,Spatial-XGBoost,2000,528,0.8705,1.0,0.509469696969697,0.6750313676286073,0.0,0.49053030303030304,0.9800235713109354,0.509469696969697,,,,,,,0,36.0,,,,,,,0.30933333333333335,1.0,0.8600000000000004,
correlated_shadowing,3,near_pu_poisoning,Sequential-Anchored,2000,528,0.856,0.8846153846153846,0.5227272727272727,0.6571428571428571,0.024456521739130436,0.4772727272727273,0.9259703866106719,0.5227272727272727,1.012588463021364,0.9819336870379368,0.5318419887689173,0.2395949598311463,0.1581087127570107,0.23484848484848486,1011,2.0,,,,0.0,11.0,0.0,0.328,1.0,0.4800000000000007,0.1696326476593658
correlated_shadowing,3,near_pu_poisoning,Sequential-Anchored+Rollback,2000,528,0.8565,0.8849840255591054,0.5246212121212122,0.6587395957193817,0.024456521739130436,0.4753787878787879,0.9251507946310935,0.5246212121212122,0.9196111305763459,0.7827423329276472,0.4313658820548872,0.2193768407672869,0.1674674001894678,0.24053030303030304,1020,2.0,,,,0.0,11.0,170.0,0.33066666666666666,1.0,0.44,0.1691589900903715
correlated_shadowing,3,near_pu_poisoning,Sequential-Anchored-Full,2000,528,0.8565,0.8849840255591054,0.5246212121212122,0.6587395957193817,0.024456521739130436,0.4753787878787879,0.9284819149374175,0.5246212121212122,0.9354421483346436,0.6770558180026192,0.6537521269285838,0.2193768407672869,0.0108170652239645,0.2537878787878788,1299,2.0,,,,0.0,11.0,170.0,0.33066666666666666,1.0,0.4600000000000002,0.161101404362794
correlated_shadowing,3,near_pu_poisoning,Physical-Only+Sequential,2000,528,0.8565,0.8950819672131147,0.5170454545454546,0.6554621848739496,0.021739130434782608,0.48295454545454547,0.9168403635540185,0.5170454545454546,,,,,,,0,2.0,,,,0.0,11.0,0.0,0.3253333333333333,0.9869281045751634,0.5800000000000007,
correlated_shadowing,3,noise_drift,Baseline-XGBoost,2000,0,0.8905,,,,0.1095,,,,,,,,,,0,,0.129375,,0.0,,,,,,,
correlated_shadowing,3,noise_drift,Naive-Adaptive,2000,0,0.9995,,,,0.0005,,,,2.547447108695987,0.8458124661705321,81.10697404135817,0.0,0.0,,1999,,0.000625,0.0,1.0,,,,,,,
correlated_shadowing,3,noise_drift,XGB+Physical,2000,0,0.892,,,,0.108,,,,42.827215593588726,81.16546116203246,0.0,0.0,0.0,,0,,0.1325,,0.0,,,,,,,
correlated_shadowing,3,noise_drift,Physically-Anchored-Adaptive,2000,0,0.991,,,,0.009,,,,2.568280163981991,0.8392230920375303,81.107758187049,0.0,0.0,,1982,,0.01,0.0,1.0,,,,,,,
correlated_shadowing,3,noise_drift,XGB+StaticProfile,2000,0,0.8955,,,,0.1045,,,,42.827215593588726,81.16546116203246,0.0,0.0,0.0,,0,,0.129375,,0.0,,,,,,,
correlated_shadowing,3,noise_drift,Anchored-Update-Only,2000,0,0.9995,,,,0.0005,,,,2.568280163981991,0.8392230920375303,81.107758187049,0.0,0.0,,1982,,0.000625,0.0,1.0,,,,,,,
correlated_shadowing,3,noise_drift,Physical-Only,2000,0,0.9915,,,,0.0085,,,,,,,,,,0,,0.009375,0.0,1.0,,,,,,,
correlated_shadowing,3,noise_drift,Spatial-XGBoost,2000,0,1.0,,,,0.0,,,,,,,,,,0,,0.0,0.0,1.0,,,,,,,
correlated_shadowing,3,noise_drift,Sequential-Anchored,2000,0,0.991,,,,0.009,,,,2.568280163981991,0.8392230920375303,81.107758187049,0.0,0.0,,1982,,0.01,0.0,1.0,0.0,,0.0,,,,
correlated_shadowing,3,noise_drift,Sequential-Anchored+Rollback,2000,0,0.991,,,,0.009,,,,2.568280163981991,0.8392230920375303,81.107758187049,0.0,0.0,,1982,,0.01,0.0,1.0,0.0,,0.0,,,,
correlated_shadowing,3,noise_drift,Sequential-Anchored-Full,2000,0,0.991,,,,0.009,,,,2.568280163981991,0.8392230920375303,81.107758187049,0.0,0.0,,1982,,0.01,0.0,1.0,0.0,,0.0,,,,
correlated_shadowing,3,noise_drift,Physical-Only+Sequential,2000,0,0.9915,,,,0.0085,,,,,,,,,,0,,0.009375,0.0,1.0,0.0,,0.0,,,,
correlated_shadowing,3,poisoning,Baseline-XGBoost,2000,519,0.8805,0.9430379746835443,0.5741811175337187,0.7137724550898205,0.012153950033760972,0.4258188824662813,0.905242903365559,0.5741811175337187,,,,,,,0,10.0,,,,,,,0.39285714285714285,1.0,0.2999999999999999,
correlated_shadowing,3,poisoning,Naive-Adaptive,2000,519,0.7565,0.9705882352941176,0.06358381502890173,0.11934900542495479,0.0006752194463200541,0.9364161849710982,0.9762905603280603,0.06358381502890173,2.700127811798202,4.161375176595341,3.9723606089754777,0.357478585562887,0.3150883388692839,0.9364161849710982,1966,90.0,,,,,,,0.07967032967032966,0.025806451612903226,1.0,0.2966192459015797
correlated_shadowing,3,poisoning,XGB+Physical,2000,519,0.985,0.9453551912568307,1.0,0.9719101123595506,0.02025658338960162,0.0,0.9999908929939803,1.0,0.7205443865397801,0.918213376893427,0.0,0.0,0.0,,0,0.0,,,,,,,1.0,1.0,0.0,0.0
correlated_shadowing,3,poisoning,Physically-Anchored-Adaptive,2000,519,0.9855,0.9470802919708029,1.0,0.9728209934395502,0.019581363943281565,0.0,0.9999908929939803,1.0,0.8224477319831349,1.1404477040071062,0.3928013082220292,0.0,0.0,0.0,1452,0.0,,,,,,,1.0,1.0,0.0,0.0
correlated_shadowing,3,poisoning,XGB+StaticProfile,2000,519,0.875,0.9890909090909091,0.5240847784200385,0.6851385390428212,0.002025658338960162,0.47591522157996147,0.9442976481807455,0.5240847784200385,0.7205443865397801,0.918213376893427,0.0,0.0,0.0,,0,47.0,,,,,,,0.32142857142857145,1.0,0.3799999999999999,0.0
correlated_shadowing,3,poisoning,Anchored-Update-Only,2000,519,0.8755,0.9927007299270073,0.5240847784200385,0.6860025220680959,0.0013504388926401081,0.47591522157996147,0.9519176102175403,0.5240847784200385,0.8224477319831349,1.1404477040071062,0.3928013082220292,0.0,0.0,0.0,1452,48.0,,,,,,,0.32142857142857145,1.0,0.3800000000000004,0.0
correlated_shadowing,3,poisoning,Physical-Only,2000,519,0.9865,0.9505494505494505,1.0,0.9746478873239436,0.01823092505064146,0.0,0.9999908929939803,1.0,,,,,,,0,0.0,,,,,,,1.0,1.0,0.0,
correlated_shadowing,3,poisoning,Spatial-XGBoost,2000,519,0.9975,1.0,0.9903660886319846,0.9951597289448209,0.0,0.009633911368015413,0.9998581909062642,0.9903660886319846,,,,,,,0,0.0,,,,,,,0.9862637362637363,1.0,0.02,
correlated_shadowing,3,poisoning,Sequential-Anchored,2000,519,0.983,0.9385171790235082,1.0,0.9682835820895523,0.022957461174881837,0.0,0.9999908929939803,1.0,0.7906324295089612,0.7860592835878168,0.3160430427657137,0.0,0.0,0.0,317,0.0,,,,0.0,0.0,0.0,1.0,1.0,0.0,0.0
correlated_shadowing,3,poisoning,Sequential-Anchored+Rollback,2000,519,0.983,0.9385171790235082,1.0,0.9682835820895523,0.022957461174881837,0.0,0.9999908929939803,1.0,0.8441917393869898,0.7498148220652611,0.506871832311312,0.0,0.0,0.0,317,0.0,,,,0.0,0.0,6.0,1.0,1.0,0.0,0.0
correlated_shadowing,3,poisoning,Sequential-Anchored-Full,2000,519,0.9795,0.9267857142857143,1.0,0.9620018535681186,0.027683997299122215,0.0,1.0,1.0,0.8051748891354064,1.1495647444038353,0.3940259759189808,0.0,0.0,0.0,1353,0.0,,,,0.0,0.0,6.0,1.0,1.0,0.0,0.0
correlated_shadowing,3,poisoning,Physical-Only+Sequential,2000,519,0.9805,0.9301075268817204,1.0,0.9637883008356545,0.02633355840648211,0.0,1.0,1.0,,,,,,,0,0.0,,,,0.0,0.0,0.0,1.0,1.0,0.0,
correlated_shadowing,3,power_drift,Baseline-XGBoost,2000,0,0.344,,,,0.656,,,,,,,,,,0,,0.815625,,0.0,,,,,,,
correlated_shadowing,3,power_drift,Naive-Adaptive,2000,0,0.9955,,,,0.0045,,,,0.923057358624385,0.8200027745616919,10.356028108096243,0.0,0.0,,1991,,0.005625,0.0,1.0,,,,,,,
correlated_shadowing,3,power_drift,XGB+Physical,2000,0,0.362,,,,0.638,,,,5.931177490930625,10.971611618110686,0.0,0.0,0.0,,0,,0.79125,,0.0,,,,,,,
correlated_shadowing,3,power_drift,Physically-Anchored-Adaptive,2000,0,0.98,,,,0.02,,,,0.9226187915389881,0.8203018122670742,10.355132091099428,0.0,0.0,,1960,,0.020625,0.0,1.0,,,,,,,
correlated_shadowing,3,power_drift,XGB+StaticProfile,2000,0,0.3665,,,,0.6335,,,,5.931177490930625,10.971611618110686,0.0,0.0,0.0,,0,,0.79,,0.0,,,,,,,
correlated_shadowing,3,power_drift,Anchored-Update-Only,2000,0,0.995,,,,0.005,,,,0.9226187915389881,0.8203018122670742,10.355132091099428,0.0,0.0,,1960,,0.00625,0.0,1.0,,,,,,,
correlated_shadowing,3,power_drift,Physical-Only,2000,0,0.9845,,,,0.0155,,,,,,,,,,0,,0.015,0.0,1.0,,,,,,,
correlated_shadowing,3,power_drift,Spatial-XGBoost,2000,0,0.694,,,,0.306,,,,,,,,,,0,,0.3825,,0.0,,,,,,,
correlated_shadowing,3,power_drift,Sequential-Anchored,2000,0,0.98,,,,0.02,,,,0.9225687703806895,0.8193013891011054,10.354011178324605,0.0,0.0,,1959,,0.020625,0.0,1.0,0.0005,,0.0,,,,
correlated_shadowing,3,power_drift,Sequential-Anchored+Rollback,2000,0,0.98,,,,0.02,,,,0.9225229009230327,0.8183839999479708,10.347887048193748,0.0,0.0,,1959,,0.020625,0.0,1.0,0.0005,,1.0,,,,
correlated_shadowing,3,power_drift,Sequential-Anchored-Full,2000,0,0.98,,,,0.02,,,,0.9225229009230327,0.8183839999479708,10.347887048193748,0.0,0.0,,1959,,0.020625,0.0,1.0,0.0005,,1.0,,,,
correlated_shadowing,3,power_drift,Physical-Only+Sequential,2000,0,0.9845,,,,0.0155,,,,,,,,,,0,,0.015,0.0,1.0,0.0005,,0.0,,,,
correlated_shadowing,3,power_matching_puea,Baseline-XGBoost,2000,451,0.8945,0.8529411764705882,0.6430155210643016,0.7332490518331226,0.03227888960619755,0.35698447893569846,0.9560663556632631,0.6430155210643016,,,,,,,0,0.0,,,,,,,,,,
correlated_shadowing,3,power_matching_puea,Naive-Adaptive,2000,451,0.782,0.8,0.04434589800443459,0.08403361344537817,0.0032278889606197547,0.9556541019955654,0.92799732035116,0.04434589800443459,1.623339791032286,1.307241230148897,1.5917543507314955,0.3970959325461327,0.3530900775639796,0.9556541019955654,1975,0.0,,,,,,,,,,
correlated_shadowing,3,power_matching_puea,XGB+Physical,2000,451,0.966,0.8689788053949904,1.0,0.9298969072164948,0.04389928986442866,0.0,1.0,1.0,0.959355770698666,0.7619937228799194,0.0,0.0,0.0,,0,0.0,,,,,,,,,,
correlated_shadowing,3,power_matching_puea,Physically-Anchored-Adaptive,2000,451,0.9695,0.880859375,1.0,0.936656282450675,0.039380245319561004,0.0,1.0,1.0,1.0537823795236305,0.6219612115857617,0.3201904527268737,0.0,0.0,0.0,1488,0.0,,,,,,,,,,
correlated_shadowing,3,power_matching_puea,XGB+StaticProfile,2000,451,0.905,0.9453924914675768,0.614190687361419,0.7446236559139785,0.010329244673983214,0.3858093126385809,0.9646907596489546,0.614190687361419,0.959355770698666,0.7619937228799194,0.0,0.0,0.0,,0,0.0,,,,,,,,,,
correlated_shadowing,3,power_matching_puea,Anchored-Update-Only,2000,451,0.9105,0.9788732394366197,0.6164079822616408,0.7564625850340136,0.003873466752743706,0.3835920177383592,0.9686000123103526,0.6164079822616408,1.0537823795236305,0.6219612115857617,0.3201904527268737,0.0,0.0,0.0,1488,0.0,,,,,,,,,,
correlated_shadowing,3,power_matching_puea,Physical-Only,2000,451,0.9725,0.8913043478260869,1.0,0.9425287356321839,0.035506778566817304,0.0,1.0,1.0,,,,,,,0,0.0,,,,,,,,,,
correlated_shadowing,3,power_matching_puea,Spatial-XGBoost,2000,451,0.9995,0.9977876106194691,1.0,0.9988925802879292,0.0006455777921239509,0.0,1.0,1.0,,,,,,,0,0.0,,,,,,,,,,
correlated_shadowing,3,power_matching_puea,Sequential-Anchored,2000,451,0.9655,0.8673076923076923,1.0,0.9289392378990732,0.04454486765655261,0.0,1.0,1.0,1.0028673190480342,0.7898547271062379,0.4180430527378428,0.0,0.0,0.0,487,0.0,,,,0.0,0.0,0.0,,,,
correlated_shadowing,3,power_matching_puea,Sequential-Anchored+Rollback,2000,451,0.9665,0.8706563706563707,1.0,0.9308565531475748,0.04325371207230471,0.0,1.0,1.0,1.0351464524301854,0.726224087068144,0.4064395030075423,0.0,0.0,0.0,487,0.0,,,,0.0,0.0,1.0,,,,
correlated_shadowing,3,power_matching_puea,Sequential-Anchored-Full,2000,451,0.9565,0.8382899628252788,1.0,0.9120323559150658,0.05616526791478373,0.0,0.9984025170376711,1.0,1.0667529299913616,0.5612543178644761,0.2964599525813559,0.0,0.0,0.0,1364,0.0,,,,0.0,0.0,1.0,,,,
correlated_shadowing,3,power_matching_puea,Physical-Only+Sequential,2000,451,0.9595,0.8477443609022557,1.0,0.9175991861648016,0.052291801162040026,0.0,0.9984025170376711,1.0,,,,,,,0,0.0,,,,0.0,0.0,0.0,,,,
correlated_shadowing,3,shadowing_drift,Baseline-XGBoost,2000,0,0.933,,,,0.067,,,,,,,,,,0,,0.069375,1577.0,1.0,,,,,,,
correlated_shadowing,3,shadowing_drift,Naive-Adaptive,2000,0,0.994,,,,0.006,,,,1.2500828723250748,1.119201384524505,1.4898634378190327,0.0,0.0,,1988,,0.006875,0.0,1.0,,,,,,,
correlated_shadowing,3,shadowing_drift,XGB+Physical,2000,0,0.9365,,,,0.0635,,,,1.365766845199344,1.7805188329165984,0.0,0.0,0.0,,0,,0.073125,1576.0,1.0,,,,,,,
correlated_shadowing,3,shadowing_drift,Physically-Anchored-Adaptive,2000,0,0.9695,,,,0.0305,,,,1.2442405766155589,1.1189810971518657,1.4928788947830174,0.0,0.0,,1939,,0.035625,516.0,1.0,,,,,,,
correlated_shadowing,3,shadowing_drift,XGB+StaticProfile,2000,0,0.96,,,,0.04,,,,1.365766845199344,1.7805188329165984,0.0,0.0,0.0,,0,,0.045625,1576.0,1.0,,,,,,,
correlated_shadowing,3,shadowing_drift,Anchored-Update-Only,2000,0,0.994,,,,0.006,,,,1.2442405766155589,1.1189810971518657,1.4928788947830174,0.0,0.0,,1939,,0.006875,0.0,1.0,,,,,,,
correlated_shadowing,3,shadowing_drift,Physical-Only,2000,0,0.9745,,,,0.0255,,,,,,,,,,0,,0.03,516.0,1.0,,,,,,,
correlated_shadowing,3,shadowing_drift,Spatial-XGBoost,2000,0,0.986,,,,0.014,,,,,,,,,,0,,0.0175,1090.0,1.0,,,,,,,
correlated_shadowing,3,shadowing_drift,Sequential-Anchored,2000,0,0.9695,,,,0.0305,,,,1.2442405766155589,1.1189810971518657,1.4928788947830174,0.0,0.0,,1939,,0.035625,516.0,1.0,0.0,,0.0,,,,
correlated_shadowing,3,shadowing_drift,Sequential-Anchored+Rollback,2000,0,0.9695,,,,0.0305,,,,1.2442405766155589,1.1189810971518657,1.4928788947830174,0.0,0.0,,1939,,0.035625,516.0,1.0,0.0,,0.0,,,,
correlated_shadowing,3,shadowing_drift,Sequential-Anchored-Full,2000,0,0.9695,,,,0.0305,,,,1.2442405766155589,1.1189810971518657,1.4928788947830174,0.0,0.0,,1939,,0.035625,516.0,1.0,0.0,,0.0,,,,
correlated_shadowing,3,shadowing_drift,Physical-Only+Sequential,2000,0,0.9745,,,,0.0255,,,,,,,,,,0,,0.03,516.0,1.0,0.0,,0.0,,,,
correlated_shadowing,3,slow_near_pu_poisoning,Baseline-XGBoost,2000,250,0.9485,0.8075313807531381,0.772,0.7893660531697343,0.026285714285714287,0.228,0.9466902857142856,0.772,,,,,,,0,103.0,,,,,,,0.3132530120481928,1.0,0.2599999999999997,
correlated_shadowing,3,slow_near_pu_poisoning,Naive-Adaptive,2000,250,0.97,0.9947916666666666,0.764,0.8642533936651584,0.0005714285714285715,0.236,0.9805097142857143,0.764,1.0333553345998394,0.8197898289727646,0.6577867020693157,0.0822295422864906,0.0016600845092042,0.236,1808,226.0,,,,,,,0.2891566265060241,1.0,0.3600000000000002,0.0462254114259466
correlated_shadowing,3,slow_near_pu_poisoning,XGB+Physical,2000,250,0.9495,0.8091286307053942,0.78,0.7942973523421588,0.026285714285714287,0.22,0.9529017142857141,0.78,0.967576534713508,1.1440409449012516,0.0,0.0,0.0,,0,95.0,,,,,,,0.3373493975903614,1.0,0.2599999999999999,0.0
correlated_shadowing,3,slow_near_pu_poisoning,Physically-Anchored-Adaptive,2000,250,0.9515,0.8283261802575107,0.772,0.7991718426501035,0.022857142857142857,0.228,0.9579097142857143,0.772,1.0037669982520412,0.8333861682795737,0.6502960419567227,0.0785729301761496,0.0022115494481143,0.228,1767,95.0,,,,,,,0.3132530120481928,1.0,0.2599999999999998,0.0551358891981127
correlated_shadowing,3,slow_near_pu_poisoning,XGB+StaticProfile,2000,250,0.9655,0.9458128078817734,0.768,0.847682119205298,0.006285714285714286,0.232,0.964992,0.768,0.967576534713508,1.1440409449012516,0.0,0.0,0.0,,0,226.0,,,,,,,0.30120481927710846,1.0,0.3,0.0
correlated_shadowing,3,slow_near_pu_poisoning,Anchored-Update-Only,2000,250,0.9695,0.9896373056994818,0.764,0.8623024830699775,0.001142857142857143,0.236,0.9787588571428572,0.764,1.0038030710638846,0.8338089870781622,0.6481365105748133,0.0566537173711112,0.0013680005409728,0.156,1749,226.0,,,,,,,0.2891566265060241,1.0,0.32,0.034105466786803
correlated_shadowing,3,slow_near_pu_poisoning,Physical-Only,2000,250,0.947,0.8272727272727273,0.728,0.774468085106383,0.021714285714285714,0.272,0.9500205714285713,0.728,,,,,,,0,95.0,,,,,,,0.30120481927710846,0.9401197604790419,0.2999999999999999,
correlated_shadowing,3,slow_near_pu_poisoning,Spatial-XGBoost,2000,250,0.968,1.0,0.744,0.8532110091743119,0.0,0.256,0.9864662857142857,0.744,,,,,,,0,398.0,,,,,,,0.24096385542168675,0.9940119760479041,0.7000000000000005,
correlated_shadowing,3,slow_near_pu_poisoning,Sequential-Anchored,2000,250,0.952,0.8290598290598291,0.776,0.8016528925619835,0.022857142857142857,0.224,0.9584102857142857,0.776,1.010247991042583,0.9033827163300495,0.6662695526724512,0.054028824989819,0.0320372803574615,0.124,1412,95.0,,,,0.0,93.0,0.0,0.3253012048192771,1.0,0.2599999999999998,0.04886270085458
correlated_shadowing,3,slow_near_pu_poisoning,Sequential-Anchored+Rollback,2000,250,0.952,0.8290598290598291,0.776,0.8016528925619835,0.022857142857142857,0.224,0.9581794285714286,0.776,0.9852513135539348,1.0068891650368712,0.5087442941891648,0.0584990208368315,0.0495505064691173,0.124,1412,95.0,,,,0.0,93.0,66.0,0.3253012048192771,1.0,0.2599999999999998,0.0534398644953504
correlated_shadowing,3,slow_near_pu_poisoning,Sequential-Anchored-Full,2000,250,0.951,0.8220338983050848,0.776,0.7983539094650206,0.024,0.224,0.9581017142857142,0.776,0.979264463738451,0.8924607261389107,0.5951000024325884,0.0584990208368315,0.0073901475954263,0.124,1605,95.0,,,,0.0,93.0,66.0,0.3253012048192771,1.0,0.2599999999999998,0.0534398644953504
correlated_shadowing,3,slow_near_pu_poisoning,Physical-Only+Sequential,2000,250,0.95,0.8260869565217391,0.76,0.7916666666666667,0.022857142857142857,0.24,0.9520662857142858,0.76,,,,,,,0,95.0,,,,0.0,93.0,0.0,0.30120481927710846,0.9880239520958084,0.2999999999999999,
correlated_shadowing,3,stable,Baseline-XGBoost,2000,0,0.98,,,,0.02,,,,,,,,,,0,,,,,,,,,,,
correlated_shadowing,3,stable,Naive-Adaptive,2000,0,0.9985,,,,0.0015,,,,0.8591353231197474,0.8411461004745492,0.4212763642169029,0.0,0.0,,1997,,,,,,,,,,,
correlated_shadowing,3,stable,XGB+Physical,2000,0,0.9745,,,,0.0255,,,,0.7838455673314038,0.7108886442919764,0.0,0.0,0.0,,0,,,,,,,,,,,
correlated_shadowing,3,stable,Physically-Anchored-Adaptive,2000,0,0.9785,,,,0.0215,,,,0.8570431323846499,0.8414474362389984,0.4211196321224388,0.0,0.0,,1957,,,,,,,,,,,
correlated_shadowing,3,stable,XGB+StaticProfile,2000,0,0.9935,,,,0.0065,,,,0.7838455673314038,0.7108886442919764,0.0,0.0,0.0,,0,,,,,,,,,,,
correlated_shadowing,3,stable,Anchored-Update-Only,2000,0,0.998,,,,0.002,,,,0.8570431323846499,0.8414474362389984,0.4211196321224388,0.0,0.0,,1957,,,,,,,,,,,
correlated_shadowing,3,stable,Physical-Only,2000,0,0.98,,,,0.02,,,,,,,,,,0,,,,,,,,,,,
correlated_shadowing,3,stable,Spatial-XGBoost,2000,0,1.0,,,,0.0,,,,,,,,,,0,,,,,,,,,,,
correlated_shadowing,3,stable,Sequential-Anchored,2000,0,0.9785,,,,0.0215,,,,0.8570431323846499,0.8414474362389984,0.4211196321224388,0.0,0.0,,1957,,,,,0.0,,0.0,,,,
correlated_shadowing,3,stable,Sequential-Anchored+Rollback,2000,0,0.9785,,,,0.0215,,,,0.8570431323846499,0.8414474362389984,0.4211196321224388,0.0,0.0,,1957,,,,,0.0,,0.0,,,,
correlated_shadowing,3,stable,Sequential-Anchored-Full,2000,0,0.9785,,,,0.0215,,,,0.8570431323846499,0.8414474362389984,0.4211196321224388,0.0,0.0,,1957,,,,,0.0,,0.0,,,,
correlated_shadowing,3,stable,Physical-Only+Sequential,2000,0,0.98,,,,0.02,,,,,,,,,,0,,,,,0.0,,0.0,,,,
correlated_shadowing,3,stealthy_puea,Baseline-XGBoost,2000,230,0.437,0.15644171779141106,0.8869565217391304,0.26597131681877445,0.6214689265536724,0.11304347826086956,0.6986612625890445,0.8869565217391304,,,,,,,0,0.0,0.7985401459854015,,0.0,,,,,,,
correlated_shadowing,3,stealthy_puea,Naive-Adaptive,2000,230,0.8865,0.6,0.0391304347826087,0.07346938775510205,0.003389830508474576,0.9608695652173913,0.7250012281994596,0.0391304347826087,1.0697679648918876,1.2465852868640552,11.068333483158558,0.2172975336370457,0.151778341070369,0.9608695652173913,1985,0.0,0.004379562043795621,0.0,1.0,,,,,,,
correlated_shadowing,3,stealthy_puea,XGB+Physical,2000,230,0.4665,0.17733230531996916,1.0,0.3012442698100851,0.6028248587570622,0.0,0.8216900024563989,1.0,5.7838519643891715,10.549777571333836,0.0,0.0,0.0,,0,0.0,0.7766423357664234,,0.0,,,,,,,
correlated_shadowing,3,stealthy_puea,Physically-Anchored-Adaptive,2000,230,0.9805,0.8550185873605948,1.0,0.9218436873747495,0.022033898305084745,0.0,1.0,1.0,1.0938759162112874,1.020740148320929,11.035977387650888,0.0,0.0,0.0,1731,0.0,0.027737226277372264,0.0,1.0,,,,,,,
correlated_shadowing,3,stealthy_puea,XGB+StaticProfile,2000,230,0.4555,0.15776892430278885,0.8608695652173913,0.2666666666666667,0.5971751412429378,0.1391304347826087,0.6635028248587571,0.8608695652173913,5.7838519643891715,10.549777571333836,0.0,0.0,0.0,,0,0.0,0.7700729927007299,,0.0,,,,,,,
correlated_shadowing,3,stealthy_puea,Anchored-Update-Only,2000,230,0.888,0.6363636363636364,0.06086956521739131,0.1111111111111111,0.004519774011299435,0.9391304347826087,0.7607123556865635,0.06086956521739131,1.0938759162112874,1.020740148320929,11.035977387650888,0.0,0.0,0.0,1731,0.0,0.00583941605839416,0.0,1.0,,,,,,,
correlated_shadowing,3,stealthy_puea,Physical-Only,2000,230,0.9845,0.8812260536398467,1.0,0.9368635437881875,0.01751412429378531,0.0,1.0,1.0,,,,,,,0,0.0,0.021897810218978103,0.0,1.0,,,,,,,
correlated_shadowing,3,stealthy_puea,Spatial-XGBoost,2000,230,0.7855,0.3490136570561457,1.0,0.5174353205849269,0.2423728813559322,0.0,0.9980569884549251,1.0,,,,,,,0,0.0,0.31313868613138685,,0.0,,,,,,,
correlated_shadowing,3,stealthy_puea,Sequential-Anchored,2000,230,0.816,0.38461538461538464,1.0,0.5555555555555556,0.207909604519774,0.0,1.0,1.0,4.967784623312235,8.216039988744374,2.530822300883805,0.0,0.0,0.0,547,0.0,0.2678832116788321,1523.0,1.0,0.0,0.0,0.0,,,,
correlated_shadowing,3,stealthy_puea,Sequential-Anchored+Rollback,2000,230,0.536,0.19861830742659758,1.0,0.3314121037463977,0.5242937853107345,0.0,0.9999066568410709,1.0,5.941585504206848,10.742980346814461,0.6134386195427917,0.0,0.0,0.0,519,0.0,0.6766423357664234,,0.0,0.0,0.0,5.0,,,,
correlated_shadowing,3,stealthy_puea,Sequential-Anchored-Full,2000,230,0.9725,0.8070175438596491,1.0,0.8932038834951457,0.031073446327683617,0.0,0.9931712110046672,1.0,1.4556841131802118,1.008790055685168,11.021144446923373,0.0,0.0,0.0,1471,0.0,0.03941605839416058,1148.0,1.0,0.0,0.0,5.0,,,,
correlated_shadowing,3,stealthy_puea,Physical-Only+Sequential,2000,230,0.9805,0.8550185873605948,1.0,0.9218436873747495,0.022033898305084745,0.0,0.9931712110046672,1.0,,,,,,,0,0.0,0.027737226277372264,0.0,1.0,0.0,0.0,0.0,,,,
correlated_shadowing,4,basic_puea,Baseline-XGBoost,2000,471,0.9695,0.8853383458646616,1.0,0.9391824526420737,0.03989535644211903,0.0,1.0,1.0,,,,,,,0,0.0,,,,,,,,,,
correlated_shadowing,4,basic_puea,Naive-Adaptive,2000,471,0.997,0.9874213836477987,1.0,0.9936708860759493,0.003924133420536298,0.0,1.0,1.0,0.8501571644553938,1.1351573559765777,0.6436370669555977,0.0,0.0,0.0,1523,0.0,,,,,,,,,,
correlated_shadowing,4,basic_puea,XGB+Physical,2000,471,0.9925,0.9691358024691358,1.0,0.9843260188087775,0.009810333551340745,0.0,1.0,1.0,0.7503800321125094,0.7389468749682476,0.0,0.0,0.0,,0,0.0,,,,,,,,,,
correlated_shadowing,4,basic_puea,Physically-Anchored-Adaptive,2000,471,0.997,0.9874213836477987,1.0,0.9936708860759493,0.003924133420536298,0.0,1.0,1.0,0.8501571644553938,1.1351573559765777,0.6436370669555977,0.0,0.0,0.0,1523,0.0,,,,,,,,,,
correlated_shadowing,4,basic_puea,XGB+StaticProfile,2000,471,0.9925,0.9691358024691358,1.0,0.9843260188087775,0.009810333551340745,0.0,1.0,1.0,0.7503800321125094,0.7389468749682476,0.0,0.0,0.0,,0,0.0,,,,,,,,,,
correlated_shadowing,4,basic_puea,Anchored-Update-Only,2000,471,0.997,0.9874213836477987,1.0,0.9936708860759493,0.003924133420536298,0.0,1.0,1.0,0.8501571644553938,1.1351573559765777,0.6436370669555977,0.0,0.0,0.0,1523,0.0,,,,,,,,,,
correlated_shadowing,4,basic_puea,Physical-Only,2000,471,1.0,1.0,1.0,1.0,0.0,0.0,1.0,1.0,,,,,,,0,0.0,,,,,,,,,,
correlated_shadowing,4,basic_puea,Spatial-XGBoost,2000,471,0.9965,0.9853556485355649,1.0,0.9926238145416227,0.004578155657292348,0.0,1.0,1.0,,,,,,,0,0.0,,,,,,,,,,
correlated_shadowing,4,basic_puea,Sequential-Anchored,2000,471,0.9945,0.9771784232365145,1.0,0.9884575026232948,0.007194244604316547,0.0,1.0,1.0,0.9028176199689667,1.1333224610322705,0.6106594376948827,0.0,0.0,0.0,507,0.0,,,,0.0,0.0,0.0,,,,
correlated_shadowing,4,basic_puea,Sequential-Anchored+Rollback,2000,471,0.9945,0.9771784232365145,1.0,0.9884575026232948,0.007194244604316547,0.0,1.0,1.0,0.9028176199689667,1.1333224610322705,0.6106594376948827,0.0,0.0,0.0,507,0.0,,,,0.0,0.0,2.0,,,,
correlated_shadowing,4,basic_puea,Sequential-Anchored-Full,2000,471,0.987,0.9476861167002012,1.0,0.9731404958677686,0.017004578155657292,0.0,0.9999972228355127,1.0,0.8556876326560433,1.1230823848765703,0.63728022522923,0.0,0.0,0.0,1436,0.0,,,,0.0,0.0,2.0,,,,
correlated_shadowing,4,basic_puea,Physical-Only+Sequential,2000,471,0.9905,0.9612244897959183,1.0,0.9802289281997919,0.012426422498364944,0.0,0.999980559848589,1.0,,,,,,,0,0.0,,,,0.0,0.0,0.0,,,,
correlated_shadowing,4,combined_drift,Baseline-XGBoost,2000,0,0.4015,,,,0.5985,,,,,,,,,,0,,0.7325,,0.0,,,,,,,
correlated_shadowing,4,combined_drift,Naive-Adaptive,2000,0,0.99,,,,0.01,,,,2.2978995872362185,1.2750176066803725,69.00002382211869,0.0,0.0,,1980,,0.0125,0.0,1.0,,,,,,,
correlated_shadowing,4,combined_drift,XGB+Physical,2000,0,0.411,,,,0.589,,,,36.60538845547069,69.4182763993229,0.0,0.0,0.0,,0,,0.7325,,0.0,,,,,,,
correlated_shadowing,4,combined_drift,Physically-Anchored-Adaptive,2000,0,0.9875,,,,0.0125,,,,2.308309612165068,1.2830212606086215,68.996459840544,0.0,0.0,,1975,,0.015625,0.0,1.0,,,,,,,
correlated_shadowing,4,combined_drift,XGB+StaticProfile,2000,0,0.411,,,,0.589,,,,36.60538845547069,69.4182763993229,0.0,0.0,0.0,,0,,0.7325,,0.0,,,,,,,
correlated_shadowing,4,combined_drift,Anchored-Update-Only,2000,0,0.99,,,,0.01,,,,2.308309612165068,1.2830212606086215,68.996459840544,0.0,0.0,,1975,,0.0125,0.0,1.0,,,,,,,
correlated_shadowing,4,combined_drift,Physical-Only,2000,0,0.9975,,,,0.0025,,,,,,,,,,0,,0.003125,0.0,1.0,,,,,,,
correlated_shadowing,4,combined_drift,Spatial-XGBoost,2000,0,0.85,,,,0.15,,,,,,,,,,0,,0.1875,,0.0,,,,,,,
correlated_shadowing,4,combined_drift,Sequential-Anchored,2000,0,0.9875,,,,0.0125,,,,2.308309612165068,1.2830212606086215,68.996459840544,0.0,0.0,,1975,,0.015625,0.0,1.0,0.0,,0.0,,,,
correlated_shadowing,4,combined_drift,Sequential-Anchored+Rollback,2000,0,0.9875,,,,0.0125,,,,2.308309612165068,1.2830212606086215,68.996459840544,0.0,0.0,,1975,,0.015625,0.0,1.0,0.0,,0.0,,,,
correlated_shadowing,4,combined_drift,Sequential-Anchored-Full,2000,0,0.9875,,,,0.0125,,,,2.308309612165068,1.2830212606086215,68.996459840544,0.0,0.0,,1975,,0.015625,0.0,1.0,0.0,,0.0,,,,
correlated_shadowing,4,combined_drift,Physical-Only+Sequential,2000,0,0.9975,,,,0.0025,,,,,,,,,,0,,0.003125,0.0,1.0,0.0,,0.0,,,,
correlated_shadowing,4,gradual_puea,Baseline-XGBoost,2000,460,0.929,0.8680555555555556,0.8152173913043478,0.8408071748878923,0.03701298701298701,0.18478260869565216,0.9590386787125917,0.8152173913043478,,,,,,,0,0.0,,,,,,,,,,
correlated_shadowing,4,gradual_puea,Naive-Adaptive,2000,460,0.8565,0.9887005649717514,0.3804347826086957,0.5494505494505494,0.0012987012987012987,0.6195652173913043,0.9342715979672501,0.3804347826086957,1.1409136366722061,1.9159877781242511,1.6998518047001467,0.3665953105393999,0.3013307948950476,0.6195652173913043,1823,0.0,,,,,,,,,,
correlated_shadowing,4,gradual_puea,XGB+Physical,2000,460,0.9945,0.9766454352441614,1.0,0.9881847475832438,0.007142857142857143,0.0,1.0,1.0,0.7962732766283702,0.6069390150475475,0.0,0.0,0.0,,0,0.0,,,,,,,,,,
correlated_shadowing,4,gradual_puea,Physically-Anchored-Adaptive,2000,460,0.9965,0.9850107066381156,1.0,0.9924487594390508,0.004545454545454545,0.0,1.0,1.0,0.9359736167717652,0.8078947305561482,0.4442002330125776,0.0,0.0,0.0,1533,0.0,,,,,,,,,,
correlated_shadowing,4,gradual_puea,XGB+StaticProfile,2000,460,0.93,0.9790419161676647,0.7108695652173913,0.8236775818639799,0.004545454545454545,0.2891304347826087,0.9611462450592885,0.7108695652173913,0.7962732766283702,0.6069390150475475,0.0,0.0,0.0,,0,0.0,,,,,,,,,,
correlated_shadowing,4,gradual_puea,Anchored-Update-Only,2000,460,0.924,0.9904458598726115,0.6760869565217391,0.8036175710594315,0.001948051948051948,0.3239130434782609,0.9617461885940145,0.6760869565217391,0.9359736167717652,0.8078947305561482,0.4442002330125776,0.0,0.0,0.0,1533,0.0,,,,,,,,,,
correlated_shadowing,4,gradual_puea,Physical-Only,2000,460,0.998,0.9913793103448276,1.0,0.9956709956709957,0.0025974025974025974,0.0,1.0,1.0,,,,,,,0,0.0,,,,,,,,,,
correlated_shadowing,4,gradual_puea,Spatial-XGBoost,2000,460,0.979,0.9837962962962963,0.9239130434782609,0.9529147982062781,0.004545454545454545,0.07608695652173914,0.9986194240542068,0.9239130434782609,,,,,,,0,0.0,,,,,,,,,,
correlated_shadowing,4,gradual_puea,Sequential-Anchored,2000,460,0.993,0.9704641350210971,1.0,0.9850107066381156,0.00909090909090909,0.0,1.0,1.0,0.9813454404456947,0.8941850444271229,0.5162467677511248,0.0,0.0,0.0,500,0.0,,,,0.0,0.0,0.0,,,,
correlated_shadowing,4,gradual_puea,Sequential-Anchored+Rollback,2000,460,0.994,0.9745762711864406,1.0,0.9871244635193133,0.007792207792207792,0.0,1.0,1.0,0.953540400535793,0.8313884001657311,0.4653894908060696,0.0,0.0,0.0,500,0.0,,,,0.0,0.0,3.0,,,,
correlated_shadowing,4,gradual_puea,Sequential-Anchored-Full,2000,460,0.978,0.9126984126984127,1.0,0.9543568464730291,0.02857142857142857,0.0,1.0,1.0,0.8938818983476824,0.7854210523855754,0.4565042352542997,0.0,0.0,0.0,1359,0.0,,,,0.0,0.0,3.0,,,,
correlated_shadowing,4,gradual_puea,Physical-Only+Sequential,2000,460,0.9785,0.9145129224652088,1.0,0.9553478712357216,0.02792207792207792,0.0,1.0,1.0,,,,,,,0,0.0,,,,0.0,0.0,0.0,,,,
correlated_shadowing,4,near_pu_poisoning,Baseline-XGBoost,2000,505,0.838,0.7669616519174042,0.5148514851485149,0.6161137440758293,0.05284280936454849,0.48514851485148514,0.797825093546144,0.5148514851485149,,,,,,,0,10.0,,,,,,,0.3342391304347826,1.0,0.3199999999999999,
correlated_shadowing,4,near_pu_poisoning,Naive-Adaptive,2000,505,0.7595,0.9615384615384616,0.04950495049504951,0.09416195856873824,0.0006688963210702341,0.9504950495049505,0.9409331434815721,0.04950495049504951,2.952559144344704,4.0357520611732545,3.679261881831122,0.3549395135424198,0.2673132229916731,0.9504950495049505,1974,14.0,,,,,,,0.0625,0.014598540145985401,1.0,0.3013867425362699
correlated_shadowing,4,near_pu_poisoning,XGB+Physical,2000,505,0.869,0.9386281588447654,0.5148514851485149,0.6649616368286445,0.01137123745819398,0.48514851485148514,0.9048087685022683,0.5148514851485149,0.8018936903602778,0.8629674235003627,0.0,0.0,0.0,,0,11.0,,,,,,,0.3342391304347826,1.0,0.36,0.0
correlated_shadowing,4,near_pu_poisoning,Physically-Anchored-Adaptive,2000,505,0.8695,0.9621212121212122,0.502970297029703,0.6605981794538361,0.006688963210702341,0.497029702970297,0.9369184410079803,0.502970297029703,1.1098785912654099,1.0979954489176502,0.5618112184687114,0.2885717810015605,0.0063276404444393,0.497029702970297,1736,11.0,,,,,,,0.3179347826086957,1.0,0.6200000000000033,0.2242578794147457
correlated_shadowing,4,near_pu_poisoning,XGB+StaticProfile,2000,505,0.8715,0.9696969696969697,0.5069306930693069,0.6657997399219766,0.005351170568561873,0.49306930693069306,0.9219179443027914,0.5069306930693069,0.8018936903602778,0.8629674235003627,0.0,0.0,0.0,,0,14.0,,,,,,,0.3233695652173913,1.0,0.4200000000000002,0.0
correlated_shadowing,4,near_pu_poisoning,Anchored-Update-Only,2000,505,0.869,0.9959183673469387,0.48316831683168315,0.6506666666666666,0.0006688963210702341,0.5168316831683168,0.9786482996125699,0.48316831683168315,1.1099092302445146,1.0974002065614166,0.5594507292193635,0.2106609994188865,0.0032762948145551,0.2594059405940594,1616,14.0,,,,,,,0.29347826086956524,0.9927007299270073,1.0,0.1161151512797075
correlated_shadowing,4,near_pu_poisoning,Physical-Only,2000,505,0.851,0.96,0.4277227722772277,0.5917808219178082,0.006020066889632107,0.5722772277227722,0.9255544885592237,0.4277227722772277,,,,,,,0,11.0,,,,,,,0.31521739130434784,0.7299270072992701,0.7200000000000027,
correlated_shadowing,4,near_pu_poisoning,Spatial-XGBoost,2000,505,0.872,0.9882352941176471,0.499009900990099,0.6631578947368422,0.002006688963210702,0.500990099009901,0.9784469684426637,0.499009900990099,,,,,,,0,75.0,,,,,,,0.3125,1.0,0.7400000000000011,
correlated_shadowing,4,near_pu_poisoning,Sequential-Anchored,2000,505,0.87,0.9588014981273408,0.5069306930693069,0.6632124352331606,0.007357859531772575,0.49306930693069306,0.9382972946124044,0.5069306930693069,0.9683368072415497,1.158677524362803,0.7552145729810581,0.2310122585980972,0.0337673405420414,0.2633663366336634,1225,11.0,,,,0.0,6.0,0.0,0.3233695652173913,1.0,0.5600000000000033,0.1571491673511165
correlated_shadowing,4,near_pu_poisoning,Sequential-Anchored+Rollback,2000,505,0.87,0.9553903345724907,0.5089108910891089,0.6640826873385013,0.008026755852842809,0.4910891089108911,0.9317606543263023,0.5089108910891089,0.9982692337026795,1.2983684923955878,0.7443365263926575,0.2604824067501889,0.1831508767333928,0.30297029702970296,1280,11.0,,,,0.0,6.0,207.0,0.32608695652173914,1.0,0.4600000000000024,0.1771124847877045
correlated_shadowing,4,near_pu_poisoning,Sequential-Anchored-Full,2000,505,0.8695,0.9518518518518518,0.5089108910891089,0.663225806451613,0.008695652173913044,0.4910891089108911,0.9284016027020762,0.5089108910891089,0.9887185889212685,1.259034201752583,0.6470990481260123,0.2604824067501889,0.1627002353847311,0.31683168316831684,1316,11.0,,,,0.0,6.0,208.0,0.32608695652173914,1.0,0.4400000000000023,0.1716750916465539
correlated_shadowing,4,near_pu_poisoning,Physical-Only+Sequential,2000,505,0.85,0.9399141630901288,0.43366336633663366,0.5934959349593496,0.009364548494983277,0.5663366336633663,0.9098354250140733,0.43366336633663366,,,,,,,0,11.0,,,,0.0,6.0,0.0,0.3233695652173913,0.7299270072992701,0.640000000000001,
correlated_shadowing,4,noise_drift,Baseline-XGBoost,2000,0,0.6785,,,,0.3215,,,,,,,,,,0,,0.395625,,0.0,,,,,,,
correlated_shadowing,4,noise_drift,Naive-Adaptive,2000,0,0.9925,,,,0.0075,,,,2.704197485420986,0.6848817540998856,92.34427930143316,0.0,0.0,,1985,,0.00875,0.0,1.0,,,,,,,
correlated_shadowing,4,noise_drift,XGB+Physical,2000,0,0.678,,,,0.322,,,,48.69281030240418,92.37715490400252,0.0,0.0,0.0,,0,,0.400625,,0.0,,,,,,,
correlated_shadowing,4,noise_drift,Physically-Anchored-Adaptive,2000,0,0.986,,,,0.014,,,,2.7411231017948583,0.6852577268030405,92.3412573741996,0.0,0.0,,1972,,0.015625,0.0,1.0,,,,,,,
correlated_shadowing,4,noise_drift,XGB+StaticProfile,2000,0,0.683,,,,0.317,,,,48.69281030240418,92.37715490400252,0.0,0.0,0.0,,0,,0.395625,,0.0,,,,,,,
correlated_shadowing,4,noise_drift,Anchored-Update-Only,2000,0,0.9925,,,,0.0075,,,,2.7411231017948583,0.6852577268030405,92.3412573741996,0.0,0.0,,1972,,0.00875,0.0,1.0,,,,,,,
correlated_shadowing,4,noise_drift,Physical-Only,2000,0,0.9935,,,,0.0065,,,,,,,,,,0,,0.006875,0.0,1.0,,,,,,,
correlated_shadowing,4,noise_drift,Spatial-XGBoost,2000,0,0.997,,,,0.003,,,,,,,,,,0,,0.00375,0.0,1.0,,,,,,,
correlated_shadowing,4,noise_drift,Sequential-Anchored,2000,0,0.986,,,,0.014,,,,2.7411231017948583,0.6852577268030405,92.3412573741996,0.0,0.0,,1972,,0.015625,0.0,1.0,0.0,,0.0,,,,
correlated_shadowing,4,noise_drift,Sequential-Anchored+Rollback,2000,0,0.986,,,,0.014,,,,2.7411231017948583,0.6852577268030405,92.3412573741996,0.0,0.0,,1972,,0.015625,0.0,1.0,0.0,,0.0,,,,
correlated_shadowing,4,noise_drift,Sequential-Anchored-Full,2000,0,0.986,,,,0.014,,,,2.7411231017948583,0.6852577268030405,92.3412573741996,0.0,0.0,,1972,,0.015625,0.0,1.0,0.0,,0.0,,,,
correlated_shadowing,4,noise_drift,Physical-Only+Sequential,2000,0,0.9935,,,,0.0065,,,,,,,,,,0,,0.006875,0.0,1.0,0.0,,0.0,,,,
correlated_shadowing,4,poisoning,Baseline-XGBoost,2000,518,0.8805,0.8478802992518704,0.6563706563706564,0.7399347116430903,0.04116059379217274,0.3436293436293436,0.8926773795194848,0.6563706563706564,,,,,,,0,32.0,,,,,,,0.5014005602240896,1.0,0.2999999999999999,
correlated_shadowing,4,poisoning,Naive-Adaptive,2000,518,0.748,0.8181818181818182,0.03474903474903475,0.06666666666666667,0.002699055330634278,0.9652509652509652,0.9193435772383142,0.03474903474903475,3.285876569948971,4.467508582505304,4.192199333267794,0.3606470335440281,0.2884837428200498,0.9652509652509652,1978,59.0,,,,,,,0.05042016806722689,0.0,1.0,0.2486919983925755
correlated_shadowing,4,poisoning,XGB+Physical,2000,518,0.9905,0.9646182495344506,1.0,0.9819905213270143,0.01282051282051282,0.0,0.9999387762545657,1.0,0.7574929374896529,0.49208781864382994,0.0,0.0,0.0,,0,0.0,,,,,,,1.0,1.0,0.0,0.0
correlated_shadowing,4,poisoning,Physically-Anchored-Adaptive,2000,518,0.992,0.9700374531835206,1.0,0.9847908745247149,0.010796221322537112,0.0,0.9999400788874473,1.0,0.8573740159629059,0.7513103399668575,0.4726033947359666,0.0,0.0,0.0,1466,0.0,,,,,,,1.0,1.0,0.0,0.0
correlated_shadowing,4,poisoning,XGB+StaticProfile,2000,518,0.875,0.971830985915493,0.5328185328185329,0.6882793017456359,0.005398110661268556,0.4671814671814672,0.9483375799165272,0.5328185328185329,0.7574929374896529,0.49208781864382994,0.0,0.0,0.0,,0,59.0,,,,,,,0.32212885154061627,1.0,0.4000000000000013,0.0
correlated_shadowing,4,poisoning,Anchored-Update-Only,2000,518,0.8765,0.9822064056939501,0.5328185328185329,0.690863579474343,0.0033738191632928477,0.4671814671814672,0.9372769241190295,0.5328185328185329,0.8573740159629059,0.7513103399668575,0.4726033947359666,0.0,0.0,0.0,1466,59.0,,,,,,,0.32212885154061627,1.0,0.4400000000000017,0.0
correlated_shadowing,4,poisoning,Physical-Only,2000,518,0.9945,0.9792060491493384,1.0,0.9894937917860555,0.007422402159244264,0.0,0.9999622236464342,1.0,,,,,,,0,0.0,,,,,,,1.0,1.0,0.0,
correlated_shadowing,4,poisoning,Spatial-XGBoost,2000,518,0.924,0.9972826086956522,0.7084942084942085,0.8284424379232505,0.0006747638326585695,0.2915057915057915,0.9945211261000735,0.7084942084942085,,,,,,,0,0.0,,,,,,,0.5770308123249299,1.0,0.1,
correlated_shadowing,4,poisoning,Sequential-Anchored,2000,518,0.992,0.9700374531835206,1.0,0.9847908745247149,0.010796221322537112,0.0,0.9999270525586316,1.0,0.8452988656792956,0.6793427484830151,0.3968111301346073,0.0,0.0,0.0,327,0.0,,,,0.0,0.0,0.0,1.0,1.0,0.0,0.0
correlated_shadowing,4,poisoning,Sequential-Anchored+Rollback,2000,518,0.9925,0.9718574108818011,1.0,0.9857278782112274,0.010121457489878543,0.0,0.9999348683559209,1.0,0.8636087483244849,0.7001436664907906,0.4877672899272606,0.0,0.0,0.0,327,0.0,,,,0.0,0.0,16.0,1.0,1.0,0.0,0.0
correlated_shadowing,4,poisoning,Sequential-Anchored-Full,2000,518,0.989,0.9592592592592593,1.0,0.9792060491493384,0.014844804318488529,0.0,0.9999765526081316,1.0,0.8480638629997618,0.7506742373922425,0.464868780431165,0.0,0.0,0.0,1331,0.0,,,,0.0,0.0,16.0,1.0,1.0,0.0,0.0
correlated_shadowing,4,poisoning,Physical-Only+Sequential,2000,518,0.9915,0.9682242990654205,1.0,0.9838556505223172,0.011470985155195682,0.0,0.9999869736711842,1.0,,,,,,,0,0.0,,,,0.0,0.0,0.0,1.0,1.0,0.0,
correlated_shadowing,4,power_drift,Baseline-XGBoost,2000,0,0.3015,,,,0.6985,,,,,,,,,,0,,0.854375,,0.0,,,,,,,
correlated_shadowing,4,power_drift,Naive-Adaptive,2000,0,0.9955,,,,0.0045,,,,0.901297765206468,0.7825701812667991,9.85811835369388,0.0,0.0,,1991,,0.005625,0.0,1.0,,,,,,,
correlated_shadowing,4,power_drift,XGB+Physical,2000,0,0.376,,,,0.624,,,,5.413056981772025,9.612974704231311,0.0,0.0,0.0,,0,,0.77625,,0.0,,,,,,,
correlated_shadowing,4,power_drift,Physically-Anchored-Adaptive,2000,0,0.9895,,,,0.0105,,,,0.9030259159894579,0.7787399109617885,9.854714799152584,0.0,0.0,,1979,,0.01125,0.0,1.0,,,,,,,
correlated_shadowing,4,power_drift,XGB+StaticProfile,2000,0,0.3775,,,,0.6225,,,,5.413056981772025,9.612974704231311,0.0,0.0,0.0,,0,,0.77625,,0.0,,,,,,,
correlated_shadowing,4,power_drift,Anchored-Update-Only,2000,0,0.995,,,,0.005,,,,0.9030259159894579,0.7787399109617885,9.854714799152584,0.0,0.0,,1979,,0.00625,0.0,1.0,,,,,,,
correlated_shadowing,4,power_drift,Physical-Only,2000,0,0.9945,,,,0.0055,,,,,,,,,,0,,0.005,0.0,1.0,,,,,,,
correlated_shadowing,4,power_drift,Spatial-XGBoost,2000,0,0.6175,,,,0.3825,,,,,,,,,,0,,0.478125,,0.0,,,,,,,
correlated_shadowing,4,power_drift,Sequential-Anchored,2000,0,0.9895,,,,0.0105,,,,0.9030259159894579,0.7787399109617885,9.854714799152584,0.0,0.0,,1979,,0.01125,0.0,1.0,0.0,,0.0,,,,
correlated_shadowing,4,power_drift,Sequential-Anchored+Rollback,2000,0,0.9895,,,,0.0105,,,,0.9030259159894579,0.7787399109617885,9.854714799152584,0.0,0.0,,1979,,0.01125,0.0,1.0,0.0,,0.0,,,,
correlated_shadowing,4,power_drift,Sequential-Anchored-Full,2000,0,0.9895,,,,0.0105,,,,0.9030259159894579,0.7787399109617885,9.854714799152584,0.0,0.0,,1979,,0.01125,0.0,1.0,0.0,,0.0,,,,
correlated_shadowing,4,power_drift,Physical-Only+Sequential,2000,0,0.9945,,,,0.0055,,,,,,,,,,0,,0.005,0.0,1.0,0.0,,0.0,,,,
correlated_shadowing,4,power_matching_puea,Baseline-XGBoost,2000,408,0.8375,0.726775956284153,0.32598039215686275,0.4500846023688663,0.031407035175879394,0.6740196078431373,0.772559180707459,0.32598039215686275,,,,,,,0,29.0,,,,,,,,,,
correlated_shadowing,4,power_matching_puea,Naive-Adaptive,2000,408,0.795,0.0,0.0,,0.001256281407035176,1.0,0.7598085402502709,0.0,1.0066507496905228,1.0932537860612939,0.9102824038026476,0.355303336903513,0.2697151791354385,1.0,1998,,,,,,,,,,,
correlated_shadowing,4,power_matching_puea,XGB+Physical,2000,408,0.9955,0.9784172661870504,1.0,0.989090909090909,0.005653266331658292,0.0,1.0,1.0,0.8351095371282832,0.8378474594715147,0.0,0.0,0.0,,0,0.0,,,,,,,,,,
correlated_shadowing,4,power_matching_puea,Physically-Anchored-Adaptive,2000,408,0.9975,0.9878934624697336,1.0,0.9939098660170523,0.00314070351758794,0.0,1.0,1.0,0.9339111204635971,0.9977918051504487,0.6907648531724652,0.0,0.0,0.0,1587,0.0,,,,,,,,,,
correlated_shadowing,4,power_matching_puea,XGB+StaticProfile,2000,408,0.797,0.5625,0.022058823529411766,0.04245283018867925,0.0043969849246231155,0.9779411764705882,0.7704007168193912,0.022058823529411766,0.8351095371282832,0.8378474594715147,0.0,0.0,0.0,,0,114.0,,,,,,,,,,
correlated_shadowing,4,power_matching_puea,Anchored-Update-Only,2000,408,0.805,0.875,0.051470588235294115,0.09722222222222222,0.0018844221105527637,0.9485294117647058,0.7731873214109765,0.051470588235294115,0.9339111204635971,0.9977918051504487,0.6907648531724652,0.0,0.0,0.0,1587,209.0,,,,,,,,,,
correlated_shadowing,4,power_matching_puea,Physical-Only,2000,408,0.999,0.9951219512195122,1.0,0.9975550122249389,0.001256281407035176,0.0,1.0,1.0,,,,,,,0,0.0,,,,,,,,,,
correlated_shadowing,4,power_matching_puea,Spatial-XGBoost,2000,408,0.9945,0.9737470167064439,1.0,0.9866989117291415,0.006909547738693468,0.0,1.0,1.0,,,,,,,0,0.0,,,,,,,,,,
correlated_shadowing,4,power_matching_puea,Sequential-Anchored,2000,408,0.993,0.966824644549763,1.0,0.983132530120482,0.008793969849246231,0.0,1.0,1.0,0.991014070692171,0.5763846438932329,0.6229037970331381,0.0,0.0,0.0,516,0.0,,,,0.0,0.0,0.0,,,,
correlated_shadowing,4,power_matching_puea,Sequential-Anchored+Rollback,2000,408,0.993,0.966824644549763,1.0,0.983132530120482,0.008793969849246231,0.0,1.0,1.0,0.9684779542221683,0.6261769470255155,0.5756951278912706,0.0,0.0,0.0,516,0.0,,,,0.0,0.0,5.0,,,,
correlated_shadowing,4,power_matching_puea,Sequential-Anchored-Full,2000,408,0.983,0.9230769230769231,1.0,0.9600000000000001,0.02135678391959799,0.0,0.99994303625973,1.0,0.9187808887034898,0.9775494026436944,0.6917436692559361,0.0,0.0,0.0,1471,0.0,,,,0.0,0.0,5.0,,,,
correlated_shadowing,4,power_matching_puea,Physical-Only+Sequential,2000,408,0.9845,0.929384965831435,1.0,0.9634002361275088,0.019472361809045227,0.0,0.99994303625973,1.0,,,,,,,0,0.0,,,,0.0,0.0,0.0,,,,
correlated_shadowing,4,shadowing_drift,Baseline-XGBoost,2000,0,0.834,,,,0.166,,,,,,,,,,0,,0.188125,,0.0,,,,,,,
correlated_shadowing,4,shadowing_drift,Naive-Adaptive,2000,0,0.9925,,,,0.0075,,,,1.1137757224867755,1.4865759800565022,1.7829162511804764,0.0,0.0,,1985,,0.006875,0.0,1.0,,,,,,,
correlated_shadowing,4,shadowing_drift,XGB+Physical,2000,0,0.939,,,,0.061,,,,1.2034953967042916,2.5168170337687483,0.0,0.0,0.0,,0,,0.07125,1539.0,1.0,,,,,,,
correlated_shadowing,4,shadowing_drift,Physically-Anchored-Adaptive,2000,0,0.987,,,,0.013,,,,1.111674302747594,1.4880632074153015,1.782248430119124,0.0,0.0,,1974,,0.01125,0.0,1.0,,,,,,,
correlated_shadowing,4,shadowing_drift,XGB+StaticProfile,2000,0,0.944,,,,0.056,,,,1.2034953967042916,2.5168170337687483,0.0,0.0,0.0,,0,,0.068125,1539.0,1.0,,,,,,,
correlated_shadowing,4,shadowing_drift,Anchored-Update-Only,2000,0,0.993,,,,0.007,,,,1.111674302747594,1.4880632074153015,1.782248430119124,0.0,0.0,,1974,,0.00625,0.0,1.0,,,,,,,
correlated_shadowing,4,shadowing_drift,Physical-Only,2000,0,0.993,,,,0.007,,,,,,,,,,0,,0.005625,0.0,1.0,,,,,,,
correlated_shadowing,4,shadowing_drift,Spatial-XGBoost,2000,0,0.986,,,,0.014,,,,,,,,,,0,,0.016875,0.0,1.0,,,,,,,
correlated_shadowing,4,shadowing_drift,Sequential-Anchored,2000,0,0.987,,,,0.013,,,,1.111674302747594,1.4880632074153015,1.782248430119124,0.0,0.0,,1974,,0.01125,0.0,1.0,0.0,,0.0,,,,
correlated_shadowing,4,shadowing_drift,Sequential-Anchored+Rollback,2000,0,0.987,,,,0.013,,,,1.111674302747594,1.4880632074153015,1.782248430119124,0.0,0.0,,1974,,0.01125,0.0,1.0,0.0,,0.0,,,,
correlated_shadowing,4,shadowing_drift,Sequential-Anchored-Full,2000,0,0.987,,,,0.013,,,,1.111674302747594,1.4880632074153015,1.782248430119124,0.0,0.0,,1974,,0.01125,0.0,1.0,0.0,,0.0,,,,
correlated_shadowing,4,shadowing_drift,Physical-Only+Sequential,2000,0,0.993,,,,0.007,,,,,,,,,,0,,0.005625,0.0,1.0,0.0,,0.0,,,,
correlated_shadowing,4,slow_near_pu_poisoning,Baseline-XGBoost,2000,195,0.946,0.6916299559471366,0.8051282051282052,0.7440758293838863,0.038781163434903045,0.19487179487179487,0.9304183535762484,0.8051282051282052,,,,,,,0,20.0,,,,,,,0.2830188679245283,1.0,0.2399999999999999,
correlated_shadowing,4,slow_near_pu_poisoning,Naive-Adaptive,2000,195,0.9785,0.975,0.8,0.8788732394366198,0.00221606648199446,0.2,0.9517636195752539,0.8,0.9000812334197692,0.7883363833615306,0.3713341044726442,0.0765676730885111,0.0009321396872553,0.2,1840,20.0,,,,,,,0.2641509433962264,1.0,0.2999999999999997,0.0333696554426902
correlated_shadowing,4,slow_near_pu_poisoning,XGB+Physical,2000,195,0.9665,0.8478260869565217,0.8,0.8232189973614776,0.01551246537396122,0.2,0.946540237232758,0.8,0.8424670124970437,1.0787000823208914,0.0,0.0,0.0,,0,20.0,,,,,,,0.2641509433962264,1.0,0.3,0.0
correlated_shadowing,4,slow_near_pu_poisoning,Physically-Anchored-Adaptive,2000,195,0.972,0.9017341040462428,0.8,0.8478260869565218,0.009418282548476454,0.2,0.9420896370480859,0.8,0.8995111136301496,0.7885750093312103,0.3707810187755528,0.0765676730885111,0.0011177489628885,0.2,1827,20.0,,,,,,,0.2641509433962264,1.0,0.2399999999999999,0.039217995110979
correlated_shadowing,4,slow_near_pu_poisoning,XGB+StaticProfile,2000,195,0.9725,0.9117647058823529,0.7948717948717948,0.8493150684931507,0.008310249307479225,0.20512820512820512,0.9477008310249307,0.7948717948717948,0.8424670124970437,1.0787000823208914,0.0,0.0,0.0,,0,20.0,,,,,,,0.24528301886792453,1.0,0.3200000000000001,0.0
correlated_shadowing,4,slow_near_pu_poisoning,Anchored-Update-Only,2000,195,0.9785,0.975,0.8,0.8788732394366198,0.00221606648199446,0.2,0.9517408906882592,0.8,0.8990971282770879,0.7881794600020869,0.3712220718388839,0.0765676730885111,0.0008579984378683,0.19487179487179487,1826,20.0,,,,,,,0.2641509433962264,1.0,0.2999999999999997,0.0301042359767363
correlated_shadowing,4,slow_near_pu_poisoning,Physical-Only,2000,195,0.954,0.8992248062015504,0.5948717948717949,0.7160493827160495,0.007202216066481994,0.40512820512820513,0.938353576248313,0.5948717948717949,,,,,,,0,172.0,,,,,,,0.18867924528301888,0.7464788732394366,0.5200000000000004,
correlated_shadowing,4,slow_near_pu_poisoning,Spatial-XGBoost,2000,195,0.977,1.0,0.764102564102564,0.8662790697674418,0.0,0.2358974358974359,0.9630087364159385,0.764102564102564,,,,,,,0,537.0,,,,,,,0.1320754716981132,1.0,0.6200000000000003,
correlated_shadowing,4,slow_near_pu_poisoning,Sequential-Anchored,2000,195,0.9725,0.9022988505747126,0.8051282051282052,0.8509485094850947,0.009418282548476454,0.19487179487179487,0.9421237303785781,0.8051282051282052,0.9082430640774799,0.9682500654207573,0.3112144739808434,0.0603345730390781,0.0064392233586419,0.12307692307692308,1535,20.0,,,,0.0,2.0,0.0,0.2830188679245283,1.0,0.2399999999999999,0.016232880323512
correlated_shadowing,4,slow_near_pu_poisoning,Sequential-Anchored+Rollback,2000,195,0.9725,0.9022988505747126,0.8051282051282052,0.8509485094850947,0.009418282548476454,0.19487179487179487,0.941970310391363,0.8051282051282052,0.9217368079861881,1.0394106936882872,0.3475428177438326,0.0627755682689726,0.0201173923889623,0.12307692307692308,1535,20.0,,,,0.0,2.0,50.0,0.2830188679245283,1.0,0.2399999999999999,0.0193246868604415
correlated_shadowing,4,slow_near_pu_poisoning,Sequential-Anchored-Full,2000,195,0.9725,0.9022988505747126,0.8051282051282052,0.8509485094850947,0.009418282548476454,0.19487179487179487,0.9419561048369913,0.8051282051282052,0.9055687750089711,0.8273200570419427,0.3526067449616658,0.0627755682689726,0.0050521046613952,0.12307692307692308,1722,20.0,,,,0.0,2.0,50.0,0.2830188679245283,1.0,0.2399999999999999,0.0193246868604415
correlated_shadowing,4,slow_near_pu_poisoning,Physical-Only+Sequential,2000,195,0.9635,0.9121621621621622,0.6923076923076923,0.7871720116618076,0.007202216066481994,0.3076923076923077,0.9417060870800483,0.6923076923076923,,,,,,,0,172.0,,,,0.0,2.0,0.0,0.18867924528301888,0.8802816901408451,0.5200000000000004,
correlated_shadowing,4,stable,Baseline-XGBoost,2000,0,0.9405,,,,0.0595,,,,,,,,,,0,,,,,,,,,,,
correlated_shadowing,4,stable,Naive-Adaptive,2000,0,0.9955,,,,0.0045,,,,0.9403840518251626,1.1441422522553324,0.4828974056499933,0.0,0.0,,1991,,,,,,,,,,,
correlated_shadowing,4,stable,XGB+Physical,2000,0,0.9795,,,,0.0205,,,,0.8663587172709135,1.1973695043760164,0.0,0.0,0.0,,0,,,,,,,,,,,
correlated_shadowing,4,stable,Physically-Anchored-Adaptive,2000,0,0.986,,,,0.014,,,,0.9396635027544139,1.1427393760233444,0.4817891586282571,0.0,0.0,,1972,,,,,,,,,,,
correlated_shadowing,4,stable,XGB+StaticProfile,2000,0,0.989,,,,0.011,,,,0.8663587172709135,1.1973695043760164,0.0,0.0,0.0,,0,,,,,,,,,,,
correlated_shadowing,4,stable,Anchored-Update-Only,2000,0,0.9955,,,,0.0045,,,,0.9396635027544139,1.1427393760233444,0.4817891586282571,0.0,0.0,,1972,,,,,,,,,,,
correlated_shadowing,4,stable,Physical-Only,2000,0,0.9905,,,,0.0095,,,,,,,,,,0,,,,,,,,,,,
correlated_shadowing,4,stable,Spatial-XGBoost,2000,0,0.999,,,,0.001,,,,,,,,,,0,,,,,,,,,,,
correlated_shadowing,4,stable,Sequential-Anchored,2000,0,0.986,,,,0.014,,,,0.9396635027544139,1.1427393760233444,0.4817891586282571,0.0,0.0,,1972,,,,,0.0,,0.0,,,,
correlated_shadowing,4,stable,Sequential-Anchored+Rollback,2000,0,0.986,,,,0.014,,,,0.9396635027544139,1.1427393760233444,0.4817891586282571,0.0,0.0,,1972,,,,,0.0,,0.0,,,,
correlated_shadowing,4,stable,Sequential-Anchored-Full,2000,0,0.986,,,,0.014,,,,0.9396635027544139,1.1427393760233444,0.4817891586282571,0.0,0.0,,1972,,,,,0.0,,0.0,,,,
correlated_shadowing,4,stable,Physical-Only+Sequential,2000,0,0.9905,,,,0.0095,,,,,,,,,,0,,,,,0.0,,0.0,,,,
correlated_shadowing,4,stealthy_puea,Baseline-XGBoost,2000,250,0.421,0.16957787481804948,0.932,0.28694581280788173,0.652,0.068,0.6720091428571429,0.932,,,,,,,0,91.0,0.8377777777777777,,0.0,,,,,,,
correlated_shadowing,4,stealthy_puea,Naive-Adaptive,2000,250,0.874,0.46153846153846156,0.048,0.08695652173913043,0.008,0.952,0.7123565714285715,0.048,0.9786392633498608,0.8462467256012564,9.906738185994657,0.213715921803334,0.1557218765141076,0.952,1974,100.0,0.01037037037037037,0.0,1.0,,,,,,,
correlated_shadowing,4,stealthy_puea,XGB+Physical,2000,250,0.4785,0.19334880123743234,1.0,0.32404406999351915,0.596,0.0,0.7003085714285713,1.0,5.427434888665213,9.444379685832043,0.0,0.0,0.0,,0,0.0,0.7718518518518519,,0.0,,,,,,,
correlated_shadowing,4,stealthy_puea,Physically-Anchored-Adaptive,2000,250,0.981,0.8680555555555556,1.0,0.929368029739777,0.021714285714285714,0.0,0.9998880000000001,1.0,1.0528492260694673,0.8469672782539961,9.94201191638838,0.0,0.0,0.0,1712,0.0,0.028148148148148148,0.0,1.0,,,,,,,
correlated_shadowing,4,stealthy_puea,XGB+StaticProfile,2000,250,0.4605,0.1670682730923695,0.832,0.2782608695652174,0.5925714285714285,0.168,0.6327085714285714,0.832,5.427434888665213,9.444379685832043,0.0,0.0,0.0,,0,91.0,0.7674074074074074,,0.0,,,,,,,
correlated_shadowing,4,stealthy_puea,Anchored-Update-Only,2000,250,0.876,0.5238095238095238,0.088,0.1506849315068493,0.011428571428571429,0.912,0.7449165714285714,0.088,1.0528492260694673,0.8469672782539961,9.94201191638838,0.0,0.0,0.0,1712,94.0,0.014814814814814815,0.0,1.0,,,,,,,
correlated_shadowing,4,stealthy_puea,Physical-Only,2000,250,0.991,0.9328358208955224,1.0,0.9652509652509652,0.010285714285714285,0.0,1.0,1.0,,,,,,,0,0.0,0.013333333333333334,0.0,1.0,,,,,,,
correlated_shadowing,4,stealthy_puea,Spatial-XGBoost,2000,250,0.653,0.26332622601279315,0.988,0.41582491582491576,0.39485714285714285,0.012,0.9237394285714285,0.988,,,,,,,0,3.0,0.5118518518518519,,0.0,,,,,,,
correlated_shadowing,4,stealthy_puea,Sequential-Anchored,2000,250,0.983,0.8802816901408451,1.0,0.9363295880149813,0.019428571428571427,0.0,0.999913142857143,1.0,1.3160172146695408,0.7233335869284631,9.89422574966506,0.0,0.0,0.0,1225,0.0,0.025185185185185185,0.0,1.0,0.0,0.0,0.0,,,,
correlated_shadowing,4,stealthy_puea,Sequential-Anchored+Rollback,2000,250,0.9805,0.8650519031141869,1.0,0.927643784786642,0.022285714285714287,0.0,0.9999405714285715,1.0,1.8794389998469108,0.5144973356579449,9.48797223209618,0.0,0.0,0.0,1224,0.0,0.028888888888888888,0.0,1.0,0.0,0.0,129.0,,,,
correlated_shadowing,4,stealthy_puea,Sequential-Anchored-Full,2000,250,0.9805,0.8650519031141869,1.0,0.927643784786642,0.022285714285714287,0.0,0.9999405714285715,1.0,1.8794389998469108,0.5144973356579449,9.48797223209618,0.0,0.0,0.0,1224,0.0,0.028888888888888888,0.0,1.0,0.0,0.0,129.0,,,,
correlated_shadowing,4,stealthy_puea,Physical-Only+Sequential,2000,250,0.991,0.9328358208955224,1.0,0.9652509652509652,0.010285714285714285,0.0,1.0,1.0,,,,,,,0,0.0,0.013333333333333334,0.0,1.0,0.0,0.0,0.0,,,,
default,0,basic_puea,Baseline-XGBoost,2000,457,0.977,0.9085487077534792,1.0,0.9520833333333334,0.029812054439403757,0.0,1.0,1.0,,,,,,,0,0.0,,,,,,,,,,
default,0,basic_puea,Naive-Adaptive,2000,457,0.9985,0.9934782608695653,1.0,0.9967284623773174,0.0019442644199611147,0.0,1.0,1.0,0.292407417493117,0.2067747202334915,0.0594658523831713,0.0,0.0,0.0,1540,0.0,,,,,,,,,,
default,0,basic_puea,XGB+Physical,2000,457,0.987,0.9461697722567288,1.0,0.9723404255319149,0.016850291639662993,0.0,1.0,1.0,0.286814760773789,0.22899850214540546,0.0,0.0,0.0,,0,0.0,,,,,,,,,,
default,0,basic_puea,Physically-Anchored-Adaptive,2000,457,0.9885,0.9520833333333333,1.0,0.975453575240128,0.014906027219701879,0.0,1.0,1.0,0.29231104718330025,0.20597815522820684,0.0561381263664544,0.0,0.0,0.0,1520,0.0,,,,,,,,,,
default,0,basic_puea,XGB+StaticProfile,2000,457,0.9965,0.9849137931034483,1.0,0.992399565689468,0.004536616979909268,0.0,1.0,1.0,0.286814760773789,0.22899850214540546,0.0,0.0,0.0,,0,0.0,,,,,,,,,,
default,0,basic_puea,Anchored-Update-Only,2000,457,0.998,0.9913232104121475,1.0,0.9956427015250544,0.002592352559948153,0.0,1.0,1.0,0.29231104718330025,0.20597815522820684,0.0561381263664544,0.0,0.0,0.0,1520,0.0,,,,,,,,,,
default,0,basic_puea,Physical-Only,2000,457,0.9905,0.9600840336134454,1.0,0.9796355841371918,0.012313674659753726,0.0,1.0,1.0,,,,,,,0,0.0,,,,,,,,,,
default,0,basic_puea,Spatial-XGBoost,2000,457,1.0,1.0,1.0,1.0,0.0,0.0,1.0,1.0,,,,,,,0,0.0,,,,,,,,,,
default,0,basic_puea,Sequential-Anchored,2000,457,0.988,0.9501039501039501,1.0,0.9744136460554371,0.015554115359688918,0.0,1.0,1.0,0.35716193995888124,0.28666117990069057,0.2704181086333724,0.0,0.0,0.0,493,0.0,,,,0.0,0.0,0.0,,,,
default,0,basic_puea,Sequential-Anchored+Rollback,2000,457,0.988,0.9501039501039501,1.0,0.9744136460554371,0.015554115359688918,0.0,1.0,1.0,0.3436540301446391,0.27924534040994137,0.2595333832567573,0.0,0.0,0.0,493,0.0,,,,0.0,0.0,1.0,,,,
default,0,basic_puea,Sequential-Anchored-Full,2000,457,0.968,0.8771593090211133,1.0,0.934560327198364,0.04147764095917045,0.0,1.0,1.0,0.2927530556301756,0.20877563801243823,0.0593913252723794,0.0,0.0,0.0,1465,0.0,,,,0.0,0.0,1.0,,,,
default,0,basic_puea,Physical-Only+Sequential,2000,457,0.97,0.8839458413926499,1.0,0.9383983572895277,0.03888528839922229,0.0,1.0,1.0,,,,,,,0,0.0,,,,0.0,0.0,0.0,,,,
default,0,combined_drift,Baseline-XGBoost,2000,0,0.4145,,,,0.5855,,,,,,,,,,0,,0.72125,,0.0,,,,,,,
default,0,combined_drift,Naive-Adaptive,2000,0,0.996,,,,0.004,,,,1.6892023652407007,0.4968824152512996,61.63711808795882,0.0,0.0,,1992,,0.003125,0.0,1.0,,,,,,,
default,0,combined_drift,XGB+Physical,2000,0,0.4165,,,,0.5835,,,,32.40844007188122,61.56609662670238,0.0,0.0,0.0,,0,,0.725,,0.0,,,,,,,
default,0,combined_drift,Physically-Anchored-Adaptive,2000,0,0.9845,,,,0.0155,,,,1.728544475084245,0.4862538483991765,61.63812878558176,0.0,0.0,,1969,,0.015625,0.0,1.0,,,,,,,
default,0,combined_drift,XGB+StaticProfile,2000,0,0.4215,,,,0.5785,,,,32.40844007188122,61.56609662670238,0.0,0.0,0.0,,0,,0.720625,,0.0,,,,,,,
default,0,combined_drift,Anchored-Update-Only,2000,0,0.9955,,,,0.0045,,,,1.728544475084245,0.4862538483991765,61.63812878558176,0.0,0.0,,1969,,0.00375,0.0,1.0,,,,,,,
default,0,combined_drift,Physical-Only,2000,0,0.989,,,,0.011,,,,,,,,,,0,,0.011875,0.0,1.0,,,,,,,
default,0,combined_drift,Spatial-XGBoost,2000,0,0.9445,,,,0.0555,,,,,,,,,,0,,0.069375,,0.0,,,,,,,
default,0,combined_drift,Sequential-Anchored,2000,0,0.9845,,,,0.0155,,,,1.728544475084245,0.4862538483991765,61.63812878558176,0.0,0.0,,1969,,0.015625,0.0,1.0,0.0,,0.0,,,,
default,0,combined_drift,Sequential-Anchored+Rollback,2000,0,0.9845,,,,0.0155,,,,1.728544475084245,0.4862538483991765,61.63812878558176,0.0,0.0,,1969,,0.015625,0.0,1.0,0.0,,0.0,,,,
default,0,combined_drift,Sequential-Anchored-Full,2000,0,0.9845,,,,0.0155,,,,1.728544475084245,0.4862538483991765,61.63812878558176,0.0,0.0,,1969,,0.015625,0.0,1.0,0.0,,0.0,,,,
default,0,combined_drift,Physical-Only+Sequential,2000,0,0.989,,,,0.011,,,,,,,,,,0,,0.011875,0.0,1.0,0.0,,0.0,,,,
default,0,gradual_puea,Baseline-XGBoost,2000,457,0.9035,0.860655737704918,0.6892778993435449,0.7654921020656137,0.03305249513933895,0.31072210065645517,0.8922216659977793,0.6892778993435449,,,,,,,0,0.0,,,,,,,,,,
default,0,gradual_puea,Naive-Adaptive,2000,457,0.8035,0.9444444444444444,0.1487964989059081,0.2570888468809074,0.002592352559948153,0.8512035010940919,0.8625982236428795,0.1487964989059081,0.8165889196026019,0.5829506886209999,0.5927365333343052,0.3847751490953399,0.3451081429246528,0.8512035010940919,1928,0.0,,,,,,,,,,
default,0,gradual_puea,XGB+Physical,2000,457,0.9905,0.9600840336134454,1.0,0.9796355841371918,0.012313674659753726,0.0,0.9999943274561052,1.0,0.2876060503981227,0.3289210856949939,0.0,0.0,0.0,,0,0.0,,,,,,,,,,
default,0,gradual_puea,Physically-Anchored-Adaptive,2000,457,0.991,0.9621052631578947,1.0,0.9806866952789699,0.011665586519766688,0.0,0.9999971637280526,1.0,0.30865690200826845,0.2884101431767768,0.2084311779725273,0.0,0.0,0.0,1525,0.0,,,,,,,,,,
default,0,gradual_puea,XGB+StaticProfile,2000,457,0.898,0.9773584905660377,0.5667396061269147,0.7174515235457064,0.0038885288399222295,0.43326039387308535,0.8919777466103004,0.5667396061269147,0.2876060503981227,0.3289210856949939,0.0,0.0,0.0,,0,0.0,,,,,,,,,,
default,0,gradual_puea,Anchored-Update-Only,2000,457,0.875,0.9769585253456221,0.4638949671772429,0.6290801186943621,0.0032404406999351912,0.5361050328227571,0.8911226106181513,0.4638949671772429,0.30865690200826845,0.2884101431767768,0.2084311779725273,0.0,0.0,0.0,1525,0.0,,,,,,,,,,
default,0,gradual_puea,Physical-Only,2000,457,0.993,0.970276008492569,1.0,0.9849137931034483,0.009073233959818535,0.0,0.9999971637280526,1.0,,,,,,,0,0.0,,,,,,,,,,
default,0,gradual_puea,Spatial-XGBoost,2000,457,0.998,0.9978021978021978,0.9934354485776805,0.9956140350877193,0.0006480881399870382,0.006564551422319475,0.9999829823683154,0.9934354485776805,,,,,,,0,0.0,,,,,,,,,,
default,0,gradual_puea,Sequential-Anchored,2000,457,0.992,0.9661733615221987,1.0,0.9827956989247311,0.010369410239792612,0.0,0.9999971637280526,1.0,0.33631037619590065,0.36520575700345065,0.3126354628345399,0.0,0.0,0.0,495,0.0,,,,0.0,0.0,0.0,,,,
default,0,gradual_puea,Sequential-Anchored+Rollback,2000,457,0.9925,0.9682203389830508,1.0,0.9838536060279871,0.009721322099805573,0.0,0.9999971637280526,1.0,0.31978047461310755,0.30532557498026913,0.3002321944934907,0.0,0.0,0.0,495,0.0,,,,0.0,0.0,1.0,,,,
default,0,gradual_puea,Sequential-Anchored-Full,2000,457,0.943,0.8003502626970228,1.0,0.8891050583657588,0.07388204795852236,0.0,0.9999971637280526,1.0,0.3100701544866006,0.28455171278111957,0.1861013091260789,0.0,0.0,0.0,1416,0.0,,,,0.0,0.0,1.0,,,,
default,0,gradual_puea,Physical-Only+Sequential,2000,457,0.944,0.8031634446397188,1.0,0.8908382066276802,0.07258587167854828,0.0,0.9999971637280526,1.0,,,,,,,0,0.0,,,,0.0,0.0,0.0,,,,
default,0,near_pu_poisoning,Baseline-XGBoost,2000,512,0.8575,0.8673139158576052,0.5234375,0.6528623629719854,0.027553763440860215,0.4765625,0.8215489541330646,0.5234375,,,,,,,0,25.0,,,,,,,0.32409972299168976,1.0,0.2999999999999994,
default,0,near_pu_poisoning,Naive-Adaptive,2000,512,0.7485,0.7647058823529411,0.025390625,0.04914933837429112,0.002688172043010753,0.974609375,0.9514645812331989,0.025390625,3.10518304136784,4.3671228962293585,4.46565117732893,0.3713713654146575,0.3255285802053019,0.974609375,1983,60.0,,,,,,,0.0332409972299169,0.006622516556291391,1.0,0.354527476031179
default,0,near_pu_poisoning,XGB+Physical,2000,512,0.869,0.9401408450704225,0.521484375,0.6708542713567839,0.0114247311827957,0.478515625,0.9177784253192204,0.521484375,0.2996284989887223,0.2874209642688767,0.0,0.0,0.0,,0,20.0,,,,,,,0.32132963988919666,1.0,0.3400000000000001,0.0
default,0,near_pu_poisoning,Physically-Anchored-Adaptive,2000,512,0.8675,0.9490909090909091,0.509765625,0.6632782719186785,0.009408602150537635,0.490234375,0.9470851446992606,0.509765625,1.0132328113614568,0.3193476651452366,0.2707130610175349,0.2809317681486747,0.0087514527335329,0.490234375,1725,20.0,,,,,,,0.31024930747922436,0.9867549668874173,0.6600000000000013,0.2613304960611206
default,0,near_pu_poisoning,XGB+StaticProfile,2000,512,0.874,0.9744525547445255,0.521484375,0.6793893129770993,0.004704301075268817,0.478515625,0.9306404359879032,0.521484375,0.2996284989887223,0.2874209642688767,0.0,0.0,0.0,,0,25.0,,,,,,,0.32132963988919666,1.0,0.3800000000000006,0.0
default,0,near_pu_poisoning,Anchored-Update-Only,2000,512,0.809,0.9710144927536232,0.26171875,0.4123076923076923,0.002688172043010753,0.73828125,0.9843605615759408,0.26171875,0.9499456479231998,1.0245470974477215,0.6551881932847088,0.2150159904808511,0.0524164263473676,0.27734375,1616,60.0,,,,,,,0.28254847645429365,0.2119205298013245,1.0,0.0936591182349854
default,0,near_pu_poisoning,Physical-Only,2000,512,0.8475,0.9559471365638766,0.423828125,0.5872801082543978,0.006720430107526882,0.576171875,0.9260555800571236,0.423828125,,,,,,,0,20.0,,,,,,,0.31024930747922436,0.695364238410596,0.7200000000000003,
default,0,near_pu_poisoning,Spatial-XGBoost,2000,512,0.8725,0.9885931558935361,0.5078125,0.6709677419354839,0.0020161290322580645,0.4921875,0.9814295614919355,0.5078125,,,,,,,0,127.0,,,,,,,0.30193905817174516,1.0,0.7400000000000003,
default,0,near_pu_poisoning,Sequential-Anchored,2000,512,0.8695,0.9498207885304659,0.517578125,0.6700379266750949,0.009408602150537635,0.482421875,0.9437072097614246,0.517578125,0.40976830731319763,0.5427700016743273,0.3069161125087945,0.1609579650891318,0.1609579650891318,0.04296875,374,20.0,,,,0.0,65.0,0.0,0.3157894736842105,1.0,0.4600000000000002,0.1609579650891318
default,0,near_pu_poisoning,Sequential-Anchored+Rollback,2000,512,0.87,0.95,0.51953125,0.6717171717171717,0.009408602150537635,0.48046875,0.9334874306955644,0.51953125,0.34112882486323404,0.38215171123618574,0.132403524704944,0.1275547343480947,0.0736192469926075,0.04296875,374,20.0,,,,0.0,65.0,3.0,0.3185595567867036,1.0,0.3800000000000019,0.0736192469926075
default,0,near_pu_poisoning,Sequential-Anchored-Full,2000,512,0.864,0.9,0.52734375,0.665024630541872,0.020161290322580645,0.47265625,0.923158707157258,0.52734375,0.3545677017080897,0.2643287605524933,0.2660822856438665,0.1852635387837876,0.0072115415857029,0.47265625,1699,20.0,,,,0.0,65.0,3.0,0.3296398891966759,1.0,0.4000000000000003,0.1778375372240274
default,0,near_pu_poisoning,Physical-Only+Sequential,2000,512,0.8625,0.9100346020761245,0.513671875,0.6566791510611736,0.01747311827956989,0.486328125,0.9201962050571236,0.513671875,,,,,,,0,20.0,,,,0.0,65.0,0.0,0.3296398891966759,0.9536423841059603,0.4800000000000002,
default,0,noise_drift,Baseline-XGBoost,2000,0,0.5185,,,,0.4815,,,,,,,,,,0,,0.5975,,0.0,,,,,,,
default,0,noise_drift,Naive-Adaptive,2000,0,0.9975,,,,0.0025,,,,2.187414891380507,0.33723960065250563,82.42436951752983,0.0,0.0,,1995,,0.003125,0.0,1.0,,,,,,,
default,0,noise_drift,XGB+Physical,2000,0,0.5185,,,,0.4815,,,,43.40145076530196,82.6020586793837,0.0,0.0,0.0,,0,,0.59875,,0.0,,,,,,,
default,0,noise_drift,Physically-Anchored-Adaptive,2000,0,0.989,,,,0.011,,,,2.215854091282652,0.3259555845499263,82.43571980530756,0.0,0.0,,1978,,0.011875,0.0,1.0,,,,,,,
default,0,noise_drift,XGB+StaticProfile,2000,0,0.522,,,,0.478,,,,43.40145076530196,82.6020586793837,0.0,0.0,0.0,,0,,0.59625,,0.0,,,,,,,
default,0,noise_drift,Anchored-Update-Only,2000,0,0.9975,,,,0.0025,,,,2.215854091282652,0.3259555845499263,82.43571980530756,0.0,0.0,,1978,,0.003125,0.0,1.0,,,,,,,
default,0,noise_drift,Physical-Only,2000,0,0.991,,,,0.009,,,,,,,,,,0,,0.009375,0.0,1.0,,,,,,,
default,0,noise_drift,Spatial-XGBoost,2000,0,0.999,,,,0.001,,,,,,,,,,0,,0.00125,0.0,1.0,,,,,,,
default,0,noise_drift,Sequential-Anchored,2000,0,0.989,,,,0.011,,,,2.215854091282652,0.3259555845499263,82.43571980530756,0.0,0.0,,1978,,0.011875,0.0,1.0,0.0,,0.0,,,,
default,0,noise_drift,Sequential-Anchored+Rollback,2000,0,0.989,,,,0.011,,,,2.215854091282652,0.3259555845499263,82.43571980530756,0.0,0.0,,1978,,0.011875,0.0,1.0,0.0,,0.0,,,,
default,0,noise_drift,Sequential-Anchored-Full,2000,0,0.989,,,,0.011,,,,2.215854091282652,0.3259555845499263,82.43571980530756,0.0,0.0,,1978,,0.011875,0.0,1.0,0.0,,0.0,,,,
default,0,noise_drift,Physical-Only+Sequential,2000,0,0.991,,,,0.009,,,,,,,,,,0,,0.009375,0.0,1.0,0.0,,0.0,,,,
default,0,poisoning,Baseline-XGBoost,2000,523,0.849,0.84,0.5219885277246654,0.6438679245283018,0.035206499661475966,0.4780114722753346,0.8403228082348723,0.5219885277246654,,,,,,,0,23.0,,,,,,,0.3188010899182561,1.0,0.3800000000000008,
default,0,poisoning,Naive-Adaptive,2000,523,0.74,0.6153846153846154,0.015296367112810707,0.029850746268656716,0.003385240352064997,0.9847036328871893,0.9355250876731942,0.015296367112810707,2.9022065496997302,3.99359249377926,3.946393439998835,0.3903898219337443,0.3133072731986754,0.9847036328871893,1987,23.0,,,,,,,0.021798365122615803,0.0,1.0,0.3143037250407176
default,0,poisoning,XGB+Physical,2000,523,0.9895,0.9613970588235294,1.0,0.9803186504217433,0.014218009478672985,0.0,0.9999559854026883,1.0,0.2669974873530662,0.20732280508322418,0.0,0.0,0.0,,0,0.0,,,,,,,1.0,1.0,0.0,0.0
default,0,poisoning,Physically-Anchored-Adaptive,2000,523,0.991,0.966728280961183,1.0,0.9830827067669173,0.012186865267433988,0.0,0.9999611635906073,1.0,0.29797116909917304,0.2073876729097077,0.1574037300292403,0.0,0.0,0.0,1459,0.0,,,,,,,1.0,1.0,0.0,0.0
default,0,poisoning,XGB+StaticProfile,2000,523,0.8705,0.9680851063829787,0.5219885277246654,0.6782608695652174,0.006093432633716994,0.4780114722753346,0.9286057340663922,0.5219885277246654,0.2669974873530662,0.20732280508322418,0.0,0.0,0.0,,0,23.0,,,,,,,0.3188010899182561,1.0,0.4600000000000031,0.0
default,0,poisoning,Anchored-Update-Only,2000,523,0.8715,0.9784172661870504,0.5200764818355641,0.6791510611735332,0.004062288422477996,0.47992351816443596,0.9580191359934548,0.5200764818355641,0.29797116909917304,0.2073876729097077,0.1574037300292403,0.0,0.0,0.0,1459,23.0,,,,,,,0.31607629427792916,1.0,0.5000000000000043,0.0
default,0,poisoning,Physical-Only,2000,523,0.994,0.9775700934579439,1.0,0.9886578449905482,0.008124576844955992,0.0,0.9999689308724858,1.0,,,,,,,0,0.0,,,,,,,1.0,1.0,0.0,
default,0,poisoning,Spatial-XGBoost,2000,523,0.9825,0.9979591836734694,0.9349904397705545,0.9654491609081935,0.0006770480704129993,0.06500956022944551,0.9989397660235788,0.9349904397705545,,,,,,,0,5.0,,,,,,,0.9073569482288828,1.0,0.04,
default,0,poisoning,Sequential-Anchored,2000,523,0.99,0.9631675874769797,1.0,0.9812382739212007,0.013540961408259987,0.0,0.999957279949668,1.0,0.31703896299747053,0.2857242450878079,0.288551928729884,0.0,0.0,0.0,307,0.0,,,,0.0,5.0,0.0,1.0,1.0,0.0,0.0
default,0,poisoning,Sequential-Anchored+Rollback,2000,523,0.9905,0.9649446494464945,1.0,0.9821596244131456,0.012863913337846988,0.0,0.999957279949668,1.0,0.31535767330086245,0.2849434221530376,0.284449795529401,0.0,0.0,0.0,307,0.0,,,,0.0,5.0,3.0,1.0,1.0,0.0,0.0
default,0,poisoning,Sequential-Anchored-Full,2000,523,0.9855,0.947463768115942,1.0,0.9730232558139535,0.01963439404197698,0.0,0.9999974109060404,1.0,0.30174416036772983,0.21576056134040847,0.1606636783217608,0.0,0.0,0.0,1439,0.0,,,,0.0,5.0,3.0,1.0,1.0,0.0,0.0
default,0,poisoning,Physical-Only+Sequential,2000,523,0.9885,0.9578754578754579,1.0,0.9784845650140318,0.015572105619498984,0.0,0.9999974109060404,1.0,,,,,,,0,0.0,,,,0.0,5.0,0.0,1.0,1.0,0.0,
default,0,power_drift,Baseline-XGBoost,2000,0,0.32,,,,0.68,,,,,,,,,,0,,0.8425,,0.0,,,,,,,
default,0,power_drift,Naive-Adaptive,2000,0,0.9975,,,,0.0025,,,,0.4335819964007022,0.47180779954019675,10.351350166903316,0.0,0.0,,1995,,0.0025,0.0,1.0,,,,,,,
default,0,power_drift,XGB+Physical,2000,0,0.3715,,,,0.6285,,,,5.533583936233802,10.541752812898476,0.0,0.0,0.0,,0,,0.784375,,0.0,,,,,,,
default,0,power_drift,Physically-Anchored-Adaptive,2000,0,0.993,,,,0.007,,,,0.4358536134197685,0.470531924650954,10.355313042644005,0.0,0.0,,1986,,0.0075,0.0,1.0,,,,,,,
default,0,power_drift,XGB+StaticProfile,2000,0,0.373,,,,0.627,,,,5.533583936233802,10.541752812898476,0.0,0.0,0.0,,0,,0.783125,,0.0,,,,,,,
default,0,power_drift,Anchored-Update-Only,2000,0,0.9975,,,,0.0025,,,,0.4358536134197685,0.470531924650954,10.355313042644005,0.0,0.0,,1986,,0.0025,0.0,1.0,,,,,,,
default,0,power_drift,Physical-Only,2000,0,0.9955,,,,0.0045,,,,,,,,,,0,,0.005,0.0,1.0,,,,,,,
default,0,power_drift,Spatial-XGBoost,2000,0,0.7575,,,,0.2425,,,,,,,,,,0,,0.303125,,0.0,,,,,,,
default,0,power_drift,Sequential-Anchored,2000,0,0.993,,,,0.007,,,,0.4358536134197685,0.470531924650954,10.355313042644005,0.0,0.0,,1986,,0.0075,0.0,1.0,0.0,,0.0,,,,
default,0,power_drift,Sequential-Anchored+Rollback,2000,0,0.993,,,,0.007,,,,0.4358536134197685,0.470531924650954,10.355313042644005,0.0,0.0,,1986,,0.0075,0.0,1.0,0.0,,0.0,,,,
default,0,power_drift,Sequential-Anchored-Full,2000,0,0.993,,,,0.007,,,,0.4358536134197685,0.470531924650954,10.355313042644005,0.0,0.0,,1986,,0.0075,0.0,1.0,0.0,,0.0,,,,
default,0,power_drift,Physical-Only+Sequential,2000,0,0.9955,,,,0.0045,,,,,,,,,,0,,0.005,0.0,1.0,0.0,,0.0,,,,
default,0,power_matching_puea,Baseline-XGBoost,2000,429,0.936,0.8868894601542416,0.8041958041958042,0.8435207823960881,0.028007638446849142,0.1958041958041958,0.9720086830207771,0.8041958041958042,,,,,,,0,0.0,,,,,,,,,,
default,0,power_matching_puea,Naive-Adaptive,2000,429,0.786,0.5714285714285714,0.009324009324009324,0.01834862385321101,0.0019096117122851686,0.9906759906759907,0.9286826053216887,0.009324009324009324,0.8466089482156346,0.8668300715419819,0.9268360706304112,0.3713371713860244,0.22067677985465,0.9906759906759907,1993,0.0,,,,,,,,,,
default,0,power_matching_puea,XGB+Physical,2000,429,0.986,0.9387308533916849,1.0,0.9683972911963883,0.01782304264799491,0.0,1.0,1.0,0.26989804165742826,0.2841476537291132,0.0,0.0,0.0,,0,0.0,,,,,,,,,,
default,0,power_matching_puea,Physically-Anchored-Adaptive,2000,429,0.9875,0.9449339207048458,1.0,0.971687429218573,0.015913430935709738,0.0,1.0,1.0,0.3025227253422703,0.20513129698889668,0.2484224699559341,0.0,0.0,0.0,1546,0.0,,,,,,,,,,
default,0,power_matching_puea,XGB+StaticProfile,2000,429,0.867,0.96045197740113,0.3962703962703963,0.5610561056105611,0.004455760661998727,0.6037296037296037,0.9704195655818826,0.3962703962703963,0.26989804165742826,0.2841476537291132,0.0,0.0,0.0,,0,0.0,,,,,,,,,,
default,0,power_matching_puea,Anchored-Update-Only,2000,429,0.8255,0.9545454545454546,0.1958041958041958,0.32495164410058025,0.002546148949713558,0.8041958041958042,0.9678927056393639,0.1958041958041958,0.3025227253422703,0.20513129698889668,0.2484224699559341,0.0,0.0,0.0,1546,0.0,,,,,,,,,,
default,0,power_matching_puea,Physical-Only,2000,429,0.989,0.9512195121951219,1.0,0.975,0.014003819223424571,0.0,1.0,1.0,,,,,,,0,0.0,,,,,,,,,,
default,0,power_matching_puea,Spatial-XGBoost,2000,429,0.999,0.9953596287703016,1.0,0.9976744186046511,0.001273074474856779,0.0,1.0,1.0,,,,,,,0,0.0,,,,,,,,,,
default,0,power_matching_puea,Sequential-Anchored,2000,429,0.987,0.9428571428571428,1.0,0.9705882352941176,0.016549968173138127,0.0,1.0,1.0,0.3026208452613664,0.34167928145880255,0.2354751169146368,0.0,0.0,0.0,493,0.0,,,,0.0,0.0,0.0,,,,
default,0,power_matching_puea,Sequential-Anchored+Rollback,2000,429,0.987,0.9428571428571428,1.0,0.9705882352941176,0.016549968173138127,0.0,1.0,1.0,0.31051270112166074,0.3472820422105852,0.2597594745492297,0.0,0.0,0.0,493,0.0,,,,0.0,0.0,1.0,,,,
default,0,power_matching_puea,Sequential-Anchored-Full,2000,429,0.9825,0.9245689655172413,1.0,0.9608062709966405,0.022278803309993635,0.0,1.0,1.0,0.3038114023882936,0.20517515651952195,0.2481658067301363,0.0,0.0,0.0,1523,0.0,,,,0.0,0.0,1.0,,,,
default,0,power_matching_puea,Physical-Only+Sequential,2000,429,0.984,0.93058568329718,1.0,0.9640449438202248,0.020369191597708464,0.0,1.0,1.0,,,,,,,0,0.0,,,,0.0,0.0,0.0,,,,
default,0,shadowing_drift,Baseline-XGBoost,2000,0,0.8895,,,,0.1105,,,,,,,,,,0,,0.13,,0.0,,,,,,,
default,0,shadowing_drift,Naive-Adaptive,2000,0,0.9925,,,,0.0075,,,,0.34801092252309596,0.39802737736955857,1.6597618288748122,0.0,0.0,,1985,,0.00875,0.0,1.0,,,,,,,
default,0,shadowing_drift,XGB+Physical,2000,0,0.927,,,,0.073,,,,1.043642760137977,1.5404964302510273,0.0,0.0,0.0,,0,,0.086875,1531.0,1.0,,,,,,,
default,0,shadowing_drift,Physically-Anchored-Adaptive,2000,0,0.9785,,,,0.0215,,,,0.3448452187152768,0.40286108799061976,1.6690846181689467,0.0,0.0,,1957,,0.02375,0.0,1.0,,,,,,,
default,0,shadowing_drift,XGB+StaticProfile,2000,0,0.9405,,,,0.0595,,,,1.043642760137977,1.5404964302510273,0.0,0.0,0.0,,0,,0.0725,1531.0,1.0,,,,,,,
default,0,shadowing_drift,Anchored-Update-Only,2000,0,0.9925,,,,0.0075,,,,0.3448452187152768,0.40286108799061976,1.6690846181689467,0.0,0.0,,1957,,0.00875,0.0,1.0,,,,,,,
default,0,shadowing_drift,Physical-Only,2000,0,0.986,,,,0.014,,,,,,,,,,0,,0.015,0.0,1.0,,,,,,,
default,0,shadowing_drift,Spatial-XGBoost,2000,0,0.9885,,,,0.0115,,,,,,,,,,0,,0.014375,0.0,1.0,,,,,,,
default,0,shadowing_drift,Sequential-Anchored,2000,0,0.9785,,,,0.0215,,,,0.3448452187152768,0.40286108799061976,1.6690846181689467,0.0,0.0,,1957,,0.02375,0.0,1.0,0.0,,0.0,,,,
default,0,shadowing_drift,Sequential-Anchored+Rollback,2000,0,0.9785,,,,0.0215,,,,0.3448452187152768,0.40286108799061976,1.6690846181689467,0.0,0.0,,1957,,0.02375,0.0,1.0,0.0,,0.0,,,,
default,0,shadowing_drift,Sequential-Anchored-Full,2000,0,0.9785,,,,0.0215,,,,0.3448452187152768,0.40286108799061976,1.6690846181689467,0.0,0.0,,1957,,0.02375,0.0,1.0,0.0,,0.0,,,,
default,0,shadowing_drift,Physical-Only+Sequential,2000,0,0.986,,,,0.014,,,,,,,,,,0,,0.015,0.0,1.0,0.0,,0.0,,,,
default,0,slow_near_pu_poisoning,Baseline-XGBoost,2000,206,0.9595,0.7990430622009569,0.8106796116504854,0.8048192771084338,0.023411371237458192,0.18932038834951456,0.9151540734487125,0.8106796116504854,,,,,,,0,369.0,,,,,,,0.2909090909090909,1.0,0.2199999999999998,
default,0,slow_near_pu_poisoning,Naive-Adaptive,2000,206,0.9785,0.9939393939393939,0.7961165048543689,0.8840970350404312,0.0005574136008918618,0.20388349514563106,0.9640792934376724,0.7961165048543689,0.34543766075642435,0.3565758270504883,0.1773117883073909,0.0621245757328127,0.0011407889689865,0.20388349514563106,1835,411.0,,,,,,,0.23636363636363636,1.0,0.4000000000000003,0.0376840518879387
default,0,slow_near_pu_poisoning,XGB+Physical,2000,206,0.969,0.8829787234042553,0.8058252427184466,0.8426395939086295,0.012263099219620958,0.1941747572815534,0.9715434944962171,0.8058252427184466,0.29237164107194796,0.3023252658193683,0.0,0.0,0.0,,0,387.0,,,,,,,0.2727272727272727,1.0,0.3199999999999999,0.0
default,0,slow_near_pu_poisoning,Physically-Anchored-Adaptive,2000,206,0.971,0.9065934065934066,0.8009708737864077,0.8505154639175257,0.00947603121516165,0.19902912621359223,0.9724472621792166,0.8009708737864077,0.3459055530765271,0.35613846907719293,0.1812185819170788,0.0661782659817885,0.0010991771490582,0.19902912621359223,1818,411.0,,,,,,,0.2545454545454545,1.0,0.3600000000000002,0.035231047427153
default,0,slow_near_pu_poisoning,XGB+StaticProfile,2000,206,0.9765,0.9649122807017544,0.8009708737864077,0.8753315649867374,0.0033444816053511705,0.19902912621359223,0.9519217239774438,0.8009708737864077,0.29237164107194796,0.3023252658193683,0.0,0.0,0.0,,0,387.0,,,,,,,0.2545454545454545,1.0,0.32,0.0
default,0,slow_near_pu_poisoning,Anchored-Update-Only,2000,206,0.9785,0.9939393939393939,0.7961165048543689,0.8840970350404312,0.0005574136008918618,0.20388349514563106,0.9592357480706996,0.7961165048543689,0.34530366074013874,0.3559719807645946,0.1813136644753981,0.0542453950804283,0.0008543921952667,0.1796116504854369,1814,411.0,,,,,,,0.23636363636363636,1.0,0.3400000000000003,0.0273851507726703
default,0,slow_near_pu_poisoning,Physical-Only,2000,206,0.952,0.8873239436619719,0.6116504854368932,0.7241379310344828,0.008918617614269788,0.3883495145631068,0.9566597395850245,0.6116504854368932,,,,,,,0,505.0,,,,,,,0.18181818181818182,0.7682119205298014,0.5800000000000005,
default,0,slow_near_pu_poisoning,Spatial-XGBoost,2000,206,0.975,0.9875,0.7669902912621359,0.8633879781420766,0.0011148272017837235,0.23300970873786409,0.9761638038337067,0.7669902912621359,,,,,,,0,678.0,,,,,,,0.14545454545454545,0.9933774834437086,0.6600000000000003,
default,0,slow_near_pu_poisoning,Sequential-Anchored,2000,206,0.971,0.9065934065934066,0.8009708737864077,0.8505154639175257,0.00947603121516165,0.19902912621359223,0.9731886763862281,0.8009708737864077,0.3130831100284752,0.27463102933994665,0.2061100453832964,0.0518477405271186,0.0399249972183919,0.1262135922330097,1129,411.0,,,,0.0,726.0,0.0,0.2545454545454545,1.0,0.3600000000000002,0.0399249972183919
default,0,slow_near_pu_poisoning,Sequential-Anchored+Rollback,2000,206,0.971,0.9065934065934066,0.8009708737864077,0.8505154639175257,0.00947603121516165,0.19902912621359223,0.9759405678042234,0.8009708737864077,0.3232252133837621,0.23896456351243311,0.1549312124280443,0.0586789588300986,0.0214062597596121,0.13106796116504854,1129,411.0,,,,0.0,726.0,2.0,0.2545454545454545,1.0,0.38,0.0214062597596121
default,0,slow_near_pu_poisoning,Sequential-Anchored-Full,2000,206,0.969,0.875,0.8155339805825242,0.8442211055276382,0.013377926421404682,0.18446601941747573,0.973356441644749,0.8155339805825242,0.34483157800592823,0.37943927194332505,0.1773794582182762,0.0598759556499664,0.0005573198107751,0.18446601941747573,1808,411.0,,,,0.0,726.0,2.0,0.3090909090909091,1.0,0.36,0.0153216918830447
default,0,slow_near_pu_poisoning,Physical-Only+Sequential,2000,206,0.963,0.8626373626373627,0.7621359223300971,0.809278350515464,0.013935340022296544,0.23786407766990292,0.9656838869586863,0.7621359223300971,,,,,,,0,505.0,,,,0.0,679.0,0.0,0.2545454545454545,0.9470198675496688,0.4200000000000003,
default,0,stable,Baseline-XGBoost,2000,0,0.9695,,,,0.0305,,,,,,,,,,0,,,,,,,,,,,
default,0,stable,Naive-Adaptive,2000,0,0.997,,,,0.003,,,,0.28607240019011054,0.35851309797695036,0.3029587667515238,0.0,0.0,,1994,,,,,,,,,,,
default,0,stable,XGB+Physical,2000,0,0.9855,,,,0.0145,,,,0.2831244153325266,0.3097977184125993,0.0,0.0,0.0,,0,,,,,,,,,,,
default,0,stable,Physically-Anchored-Adaptive,2000,0,0.988,,,,0.012,,,,0.2872760453607154,0.37735272943638287,0.3234241095769683,0.0,0.0,,1976,,,,,,,,,,,
default,0,stable,XGB+StaticProfile,2000,0,0.9945,,,,0.0055,,,,0.2831244153325266,0.3097977184125993,0.0,0.0,0.0,,0,,,,,,,,,,,
default,0,stable,Anchored-Update-Only,2000,0,0.997,,,,0.003,,,,0.2872760453607154,0.37735272943638287,0.3234241095769683,0.0,0.0,,1976,,,,,,,,,,,
default,0,stable,Physical-Only,2000,0,0.991,,,,0.009,,,,,,,,,,0,,,,,,,,,,,
default,0,stable,Spatial-XGBoost,2000,0,1.0,,,,0.0,,,,,,,,,,0,,,,,,,,,,,
default,0,stable,Sequential-Anchored,2000,0,0.988,,,,0.012,,,,0.2872760453607154,0.37735272943638287,0.3234241095769683,0.0,0.0,,1976,,,,,0.0,,0.0,,,,
default,0,stable,Sequential-Anchored+Rollback,2000,0,0.988,,,,0.012,,,,0.2872760453607154,0.37735272943638287,0.3234241095769683,0.0,0.0,,1976,,,,,0.0,,0.0,,,,
default,0,stable,Sequential-Anchored-Full,2000,0,0.988,,,,0.012,,,,0.2872760453607154,0.37735272943638287,0.3234241095769683,0.0,0.0,,1976,,,,,0.0,,0.0,,,,
default,0,stable,Physical-Only+Sequential,2000,0,0.991,,,,0.009,,,,,,,,,,0,,,,,0.0,,0.0,,,,
default,0,stealthy_puea,Baseline-XGBoost,2000,227,0.4185,0.1583941605839416,0.9559471365638766,0.271759549154665,0.6503102086858432,0.04405286343612335,0.6769208216244152,0.9559471365638766,,,,,,,0,4.0,0.831755280407866,,0.0,,,,,,,
default,0,stealthy_puea,Naive-Adaptive,2000,227,0.8875,0.55,0.048458149779735685,0.08906882591093117,0.005076142131979695,0.9515418502202643,0.8193012664266494,0.048458149779735685,0.5966025771849589,0.3297111407703096,10.5471704441075,0.2052482796021598,0.1341174961740688,0.9515418502202643,1980,7.0,0.005098324836125273,0.0,1.0,,,,,,,
default,0,stealthy_puea,XGB+Physical,2000,227,0.4705,0.17651632970451012,1.0,0.30006609385327165,0.5972927241962775,0.0,0.8285764688635953,1.0,5.528465460433574,10.434983388962037,0.0,0.0,0.0,,0,0.0,0.7662053896576839,,0.0,,,,,,,
default,0,stealthy_puea,Physically-Anchored-Adaptive,2000,227,0.986,0.8901960784313725,1.0,0.941908713692946,0.015792442188381276,0.0,1.0,1.0,0.5535874165505159,0.4954691491583242,10.398832615317216,0.0,0.0,0.0,1745,0.0,0.016023306627822288,0.0,1.0,,,,,,,
default,0,stealthy_puea,XGB+StaticProfile,2000,227,0.4645,0.1661392405063291,0.9251101321585903,0.28169014084507044,0.5944726452340665,0.07488986784140969,0.6964551483212456,0.9251101321585903,5.528465460433574,10.434983388962037,0.0,0.0,0.0,,0,7.0,0.7654770575382375,,0.0,,,,,,,
default,0,stealthy_puea,Anchored-Update-Only,2000,227,0.9075,0.7916666666666666,0.2511013215859031,0.3812709030100334,0.008460236886632826,0.748898678414097,0.8994287787194605,0.2511013215859031,0.5535874165505159,0.4954691491583242,10.398832615317216,0.0,0.0,0.0,1745,7.0,0.009468317552804079,0.0,1.0,,,,,,,
default,0,stealthy_puea,Physical-Only,2000,227,0.9935,0.9458333333333333,1.0,0.9721627408993576,0.007332205301748449,0.0,1.0,1.0,,,,,,,0,0.0,0.0065549890750182084,0.0,1.0,,,,,,,
default,0,stealthy_puea,Spatial-XGBoost,2000,227,0.8085,0.3717105263157895,0.9955947136563876,0.5413173652694611,0.21545403271291597,0.004405286343612335,0.9954232727326938,0.9955947136563876,,,,,,,0,0.0,0.2767662053896577,,0.0,,,,,,,
default,0,stealthy_puea,Sequential-Anchored,2000,227,0.512,0.1886949293433084,1.0,0.3174825174825175,0.5504794134235759,0.0,0.9376824665628082,1.0,5.267054679757239,10.092689391924834,0.4198764821076555,0.0,0.0,0.0,498,0.0,0.7064821558630736,,0.0,0.0,0.0,0.0,,,,
default,0,stealthy_puea,Sequential-Anchored+Rollback,2000,227,0.513,0.18900915903413823,1.0,0.3179271708683473,0.5493513818386915,0.0,0.9380154098059239,1.0,5.279705769791278,10.108695546878817,0.4029513965135842,0.0,0.0,0.0,498,0.0,0.7050254916241806,,0.0,0.0,0.0,2.0,,,,
default,0,stealthy_puea,Sequential-Anchored-Full,2000,227,0.981,0.8566037735849057,1.0,0.9227642276422764,0.02143260011280316,0.0,1.0,1.0,0.564889219354146,0.48468729450952686,10.400683415902746,0.0,0.0,0.0,1724,0.0,0.023306627822286964,0.0,1.0,0.0,0.0,2.0,,,,
default,0,stealthy_puea,Physical-Only+Sequential,2000,227,0.9875,0.9007936507936508,1.0,0.9478079331941546,0.01410039481105471,0.0,1.0,1.0,,,,,,,0,0.0,0.01529497450837582,0.0,1.0,0.0,0.0,0.0,,,,
default,1,basic_puea,Baseline-XGBoost,2000,476,0.9845,0.9388560157790927,1.0,0.9684638860630723,0.020341207349081365,0.0,1.0,1.0,,,,,,,0,0.0,,,,,,,,,,
default,1,basic_puea,Naive-Adaptive,2000,476,0.9995,0.9979035639412998,1.0,0.998950682056663,0.0006561679790026247,0.0,1.0,1.0,0.3163401615440176,0.37000158803892963,0.2521080203818179,0.0,0.0,0.0,1523,0.0,,,,,,,,,,
default,1,basic_puea,XGB+Physical,2000,476,0.9915,0.9655172413793104,1.0,0.9824561403508771,0.01115485564304462,0.0,1.0,1.0,0.28514618793750046,0.28801602253152936,0.0,0.0,0.0,,0,0.0,,,,,,,,,,
default,1,basic_puea,Physically-Anchored-Adaptive,2000,476,0.991,0.9635627530364372,1.0,0.9814432989690721,0.011811023622047244,0.0,1.0,1.0,0.31393670809088253,0.3838816418230824,0.2550994807992249,0.0,0.0,0.0,1506,0.0,,,,,,,,,,
default,1,basic_puea,XGB+StaticProfile,2000,476,1.0,1.0,1.0,1.0,0.0,0.0,1.0,1.0,0.28514618793750046,0.28801602253152936,0.0,0.0,0.0,,0,0.0,,,,,,,,,,
default,1,basic_puea,Anchored-Update-Only,2000,476,0.9995,0.9979035639412998,1.0,0.998950682056663,0.0006561679790026247,0.0,1.0,1.0,0.31393670809088253,0.3838816418230824,0.2550994807992249,0.0,0.0,0.0,1506,0.0,,,,,,,,,,
default,1,basic_puea,Physical-Only,2000,476,0.9915,0.9655172413793104,1.0,0.9824561403508771,0.01115485564304462,0.0,1.0,1.0,,,,,,,0,0.0,,,,,,,,,,
default,1,basic_puea,Spatial-XGBoost,2000,476,1.0,1.0,1.0,1.0,0.0,0.0,1.0,1.0,,,,,,,0,0.0,,,,,,,,,,
default,1,basic_puea,Sequential-Anchored,2000,476,0.991,0.9635627530364372,1.0,0.9814432989690721,0.011811023622047244,0.0,1.0,1.0,0.3382857488024461,0.3107192021027088,0.2161903840036516,0.0,0.0,0.0,498,0.0,,,,0.0,0.0,0.0,,,,
default,1,basic_puea,Sequential-Anchored+Rollback,2000,476,0.991,0.9635627530364372,1.0,0.9814432989690721,0.011811023622047244,0.0,1.0,1.0,0.3350827111007934,0.31484371082846735,0.2096353839097673,0.0,0.0,0.0,498,0.0,,,,0.0,0.0,1.0,,,,
default,1,basic_puea,Sequential-Anchored-Full,2000,476,0.9865,0.9463220675944334,1.0,0.9724208375893768,0.017716535433070866,0.0,0.9999724299168486,1.0,0.3156677717556656,0.3776768680097169,0.2651577430079232,0.0,0.0,0.0,1483,0.0,,,,0.0,0.0,1.0,,,,
default,1,basic_puea,Physical-Only+Sequential,2000,476,0.987,0.9482071713147411,1.0,0.9734151329243355,0.01706036745406824,0.0,0.999971051412691,1.0,,,,,,,0,0.0,,,,0.0,0.0,0.0,,,,
default,1,combined_drift,Baseline-XGBoost,2000,0,0.4465,,,,0.5535,,,,,,,,,,0,,0.686875,,0.0,,,,,,,
default,1,combined_drift,Naive-Adaptive,2000,0,0.997,,,,0.003,,,,1.8508451428364978,0.4852532914722204,69.45476060991913,0.0,0.0,,1994,,0.003125,0.0,1.0,,,,,,,
default,1,combined_drift,XGB+Physical,2000,0,0.4415,,,,0.5585,,,,36.50780204888144,69.3614037274496,0.0,0.0,0.0,,0,,0.69375,,0.0,,,,,,,
default,1,combined_drift,Physically-Anchored-Adaptive,2000,0,0.984,,,,0.016,,,,1.899878285736635,0.4913872528567748,69.4579223054385,0.0,0.0,,1968,,0.015625,0.0,1.0,,,,,,,
default,1,combined_drift,XGB+StaticProfile,2000,0,0.45,,,,0.55,,,,36.50780204888144,69.3614037274496,0.0,0.0,0.0,,0,,0.686875,,0.0,,,,,,,
default,1,combined_drift,Anchored-Update-Only,2000,0,0.997,,,,0.003,,,,1.899878285736635,0.4913872528567748,69.4579223054385,0.0,0.0,,1968,,0.003125,0.0,1.0,,,,,,,
default,1,combined_drift,Physical-Only,2000,0,0.987,,,,0.013,,,,,,,,,,0,,0.0125,0.0,1.0,,,,,,,
default,1,combined_drift,Spatial-XGBoost,2000,0,0.99,,,,0.01,,,,,,,,,,0,,0.0125,0.0,1.0,,,,,,,
default,1,combined_drift,Sequential-Anchored,2000,0,0.984,,,,0.016,,,,1.899878285736635,0.4913872528567748,69.4579223054385,0.0,0.0,,1968,,0.015625,0.0,1.0,0.0,,0.0,,,,
default,1,combined_drift,Sequential-Anchored+Rollback,2000,0,0.984,,,,0.016,,,,1.899878285736635,0.4913872528567748,69.4579223054385,0.0,0.0,,1968,,0.015625,0.0,1.0,0.0,,0.0,,,,
default,1,combined_drift,Sequential-Anchored-Full,2000,0,0.984,,,,0.016,,,,1.899878285736635,0.4913872528567748,69.4579223054385,0.0,0.0,,1968,,0.015625,0.0,1.0,0.0,,0.0,,,,
default,1,combined_drift,Physical-Only+Sequential,2000,0,0.987,,,,0.013,,,,,,,,,,0,,0.0125,0.0,1.0,0.0,,0.0,,,,
default,1,gradual_puea,Baseline-XGBoost,2000,441,0.9565,0.9214285714285714,0.8775510204081632,0.8989547038327526,0.021167415009621552,0.12244897959183673,0.9783322351818641,0.8775510204081632,,,,,,,0,0.0,,,,,,,,,,
default,1,gradual_puea,Naive-Adaptive,2000,441,0.8705,0.9840425531914894,0.41950113378684806,0.5882352941176471,0.001924310455420141,0.5804988662131519,0.9638104546928885,0.41950113378684806,0.6646938094458057,0.8691641650236597,0.7428695040663548,0.3285860958357387,0.2954234481967637,0.5804988662131519,1812,0.0,,,,,,,,,,
default,1,gradual_puea,XGB+Physical,2000,441,0.988,0.9483870967741935,1.0,0.9735099337748345,0.015394483643361129,0.0,0.9999956364842281,1.0,0.3253955596081908,0.28980210706091064,0.0,0.0,0.0,,0,0.0,,,,,,,,,,
default,1,gradual_puea,Physically-Anchored-Adaptive,2000,441,0.988,0.9483870967741935,1.0,0.9735099337748345,0.015394483643361129,0.0,0.9999956364842281,1.0,0.3209038755069039,0.24881430891526266,0.1998752917000177,0.0,0.0,0.0,1535,0.0,,,,,,,,,,
default,1,gradual_puea,XGB+StaticProfile,2000,441,0.937,0.9906542056074766,0.7210884353741497,0.8346456692913385,0.001924310455420141,0.2789115646258503,0.9784805947181097,0.7210884353741497,0.3253955596081908,0.28980210706091064,0.0,0.0,0.0,,0,0.0,,,,,,,,,,
default,1,gradual_puea,Anchored-Update-Only,2000,441,0.926,0.9899665551839465,0.671201814058957,0.8000000000000002,0.001924310455420141,0.3287981859410431,0.9779875174358817,0.671201814058957,0.3209038755069039,0.24881430891526266,0.1998752917000177,0.0,0.0,0.0,1535,0.0,,,,,,,,,,
default,1,gradual_puea,Physical-Only,2000,441,0.989,0.9524838012958964,1.0,0.9756637168141594,0.014111610006414367,0.0,0.9999956364842281,1.0,,,,,,,0,0.0,,,,,,,,,,
default,1,gradual_puea,Spatial-XGBoost,2000,441,0.9985,1.0,0.9931972789115646,0.9965870307167235,0.0,0.006802721088435374,0.9999956364842281,0.9931972789115646,,,,,,,0,0.0,,,,,,,,,,
default,1,gradual_puea,Sequential-Anchored,2000,441,0.988,0.9483870967741935,1.0,0.9735099337748345,0.015394483643361129,0.0,0.9999956364842281,1.0,0.3161734271630218,0.32356629364512407,0.1642755168966972,0.0,0.0,0.0,492,0.0,,,,0.0,0.0,0.0,,,,
default,1,gradual_puea,Sequential-Anchored+Rollback,2000,441,0.988,0.9483870967741935,1.0,0.9735099337748345,0.015394483643361129,0.0,0.9999956364842281,1.0,0.319192542588417,0.3143178680910311,0.1087228911671801,0.0,0.0,0.0,492,0.0,,,,0.0,0.0,1.0,,,,
default,1,gradual_puea,Sequential-Anchored-Full,2000,441,0.9845,0.934322033898305,1.0,0.9660460021905806,0.019884541372674792,0.0,0.9999825459369123,1.0,0.322287502572344,0.24569237750782347,0.2103348913388398,0.0,0.0,0.0,1518,0.0,,,,0.0,0.0,1.0,,,,
default,1,gradual_puea,Physical-Only+Sequential,2000,441,0.9855,0.9382978723404255,1.0,0.9681668496158067,0.01860166773572803,0.0,0.9999825459369123,1.0,,,,,,,0,0.0,,,,0.0,0.0,0.0,,,,
default,1,near_pu_poisoning,Baseline-XGBoost,2000,510,0.8665,0.9323843416370107,0.5137254901960784,0.6624525916561315,0.012751677852348993,0.48627450980392156,0.8449177523358335,0.5137254901960784,,,,,,,0,25.0,,,,,,,0.32608695652173914,1.0,0.3199999999999998,
default,1,near_pu_poisoning,Naive-Adaptive,2000,510,0.751,1.0,0.023529411764705882,0.04597701149425288,0.0,0.9764705882352941,0.9675904724305829,0.023529411764705882,2.919234113681153,4.030104029022247,4.088825153068746,0.386466591190937,0.2976184808870344,0.9764705882352941,1988,35.0,,,,,,,0.02717391304347826,0.014084507042253521,1.0,0.345057757744766
default,1,near_pu_poisoning,XGB+Physical,2000,510,0.864,0.9103448275862069,0.5176470588235295,0.6600000000000001,0.0174496644295302,0.4823529411764706,0.9008343203053033,0.5176470588235295,0.2804383362513087,0.24004216826281888,0.0,0.0,0.0,,0,13.0,,,,,,,0.33152173913043476,1.0,0.2799999999999997,0.0
default,1,near_pu_poisoning,Physically-Anchored-Adaptive,2000,510,0.864,0.9103448275862069,0.5176470588235295,0.6600000000000001,0.0174496644295302,0.4823529411764706,0.9088314251875247,0.5176470588235295,0.40033499489490226,0.18017129523450848,0.2148150509838276,0.2928900012073046,0.0075320167675735,0.4823529411764706,1710,13.0,,,,,,,0.33152173913043476,1.0,0.3399999999999996,0.253859353098529
default,1,near_pu_poisoning,XGB+StaticProfile,2000,510,0.874,0.9923664122137404,0.5098039215686274,0.6735751295336787,0.0013422818791946308,0.49019607843137253,0.9055783655744177,0.5098039215686274,0.2804383362513087,0.24004216826281888,0.0,0.0,0.0,,0,25.0,,,,,,,0.32065217391304346,1.0,0.3600000000000009,0.0
default,1,near_pu_poisoning,Anchored-Update-Only,2000,510,0.872,0.99609375,0.5,0.6657963446475196,0.0006711409395973154,0.5,0.9816962758257666,0.5,0.4275823864985757,0.18681554953477242,0.2346659758895386,0.1296753331179939,0.0027593458873395,0.16666666666666666,1550,35.0,,,,,,,0.3070652173913043,1.0,0.5800000000000035,0.0939404939641394
default,1,near_pu_poisoning,Physical-Only,2000,510,0.8635,0.9157894736842105,0.5117647058823529,0.6566037735849056,0.016107382550335572,0.48823529411764705,0.9040242137123304,0.5117647058823529,,,,,,,0,13.0,,,,,,,0.328804347826087,0.9859154929577465,0.3599999999999996,
default,1,near_pu_poisoning,Spatial-XGBoost,2000,510,0.867,0.9959349593495935,0.4803921568627451,0.6481481481481483,0.0006711409395973154,0.5196078431372549,0.9892012106856165,0.4803921568627451,,,,,,,0,66.0,,,,,,,0.30434782608695654,0.9366197183098591,0.7800000000000005,
default,1,near_pu_poisoning,Sequential-Anchored,2000,510,0.8645,0.9134948096885813,0.5176470588235295,0.6608260325406758,0.016778523489932886,0.4823529411764706,0.9099960521121201,0.5176470588235295,0.35152937680511104,0.30631377544819416,0.3846464897981572,0.0577721740365971,0.0571944522962312,0.011764705882352941,306,13.0,,,,0.0,14.0,0.0,0.33152173913043476,1.0,0.3399999999999996,0.0571944522962312
default,1,near_pu_poisoning,Sequential-Anchored+Rollback,2000,510,0.8645,0.9134948096885813,0.5176470588235295,0.6608260325406758,0.016778523489932886,0.4823529411764706,0.9100671140939597,0.5176470588235295,0.3416145309146615,0.3024270982177822,0.3611637990733808,0.0577721740365971,0.048254721249088,0.011764705882352941,306,13.0,,,,0.0,14.0,1.0,0.33152173913043476,1.0,0.3399999999999996,0.048254721249088
default,1,near_pu_poisoning,Sequential-Anchored-Full,2000,510,0.8845,0.913946587537092,0.6039215686274509,0.7272727272727273,0.019463087248322148,0.396078431372549,0.9167495723121462,0.6039215686274509,0.31047184553419027,0.17681485635826533,0.2085073936411247,0.1701790115041488,0.0047792548338346,0.39019607843137255,1659,13.0,,,,0.0,14.0,1.0,0.45108695652173914,1.0,0.14,0.1511100147755139
default,1,near_pu_poisoning,Physical-Only+Sequential,2000,510,0.8845,0.918918918918919,0.6,0.7259786476868327,0.018120805369127517,0.4,0.9163324121594947,0.6,,,,,,,0,13.0,,,,0.0,14.0,0.0,0.44565217391304346,1.0,0.16,
default,1,noise_drift,Baseline-XGBoost,2000,0,0.7395,,,,0.2605,,,,,,,,,,0,,0.32,,0.0,,,,,,,
default,1,noise_drift,Naive-Adaptive,2000,0,0.998,,,,0.002,,,,2.4565412156129485,0.4006880794333921,92.02566090990184,0.0,0.0,,1996,,0.0025,0.0,1.0,,,,,,,
default,1,noise_drift,XGB+Physical,2000,0,0.736,,,,0.264,,,,48.46069393561692,92.16620244190558,0.0,0.0,0.0,,0,,0.32625,,0.0,,,,,,,
default,1,noise_drift,Physically-Anchored-Adaptive,2000,0,0.9825,,,,0.0175,,,,2.511739798505706,0.4213790472113207,92.0380575302912,0.0,0.0,,1965,,0.01875,0.0,1.0,,,,,,,
default,1,noise_drift,XGB+StaticProfile,2000,0,0.7435,,,,0.2565,,,,48.46069393561692,92.16620244190558,0.0,0.0,0.0,,0,,0.32,,0.0,,,,,,,
default,1,noise_drift,Anchored-Update-Only,2000,0,0.996,,,,0.004,,,,2.511739798505706,0.4213790472113207,92.0380575302912,0.0,0.0,,1965,,0.005,0.0,1.0,,,,,,,
default,1,noise_drift,Physical-Only,2000,0,0.9865,,,,0.0135,,,,,,,,,,0,,0.01375,0.0,1.0,,,,,,,
default,1,noise_drift,Spatial-XGBoost,2000,0,1.0,,,,0.0,,,,,,,,,,0,,0.0,0.0,1.0,,,,,,,
default,1,noise_drift,Sequential-Anchored,2000,0,0.9825,,,,0.0175,,,,2.511739798505706,0.4213790472113207,92.0380575302912,0.0,0.0,,1965,,0.01875,0.0,1.0,0.0,,0.0,,,,
default,1,noise_drift,Sequential-Anchored+Rollback,2000,0,0.9825,,,,0.0175,,,,2.511739798505706,0.4213790472113207,92.0380575302912,0.0,0.0,,1965,,0.01875,0.0,1.0,0.0,,0.0,,,,
default,1,noise_drift,Sequential-Anchored-Full,2000,0,0.9825,,,,0.0175,,,,2.511739798505706,0.4213790472113207,92.0380575302912,0.0,0.0,,1965,,0.01875,0.0,1.0,0.0,,0.0,,,,
default,1,noise_drift,Physical-Only+Sequential,2000,0,0.9865,,,,0.0135,,,,,,,,,,0,,0.01375,0.0,1.0,0.0,,0.0,,,,
default,1,poisoning,Baseline-XGBoost,2000,503,0.8845,0.9047619047619048,0.6043737574552683,0.7246722288438617,0.02137608550434202,0.3956262425447316,0.9118103669233764,0.6043737574552683,,,,,,,0,0.0,,,,,,,0.4456824512534819,1.0,0.08,
default,1,poisoning,Naive-Adaptive,2000,503,0.7525,0.75,0.02385685884691849,0.046242774566473986,0.0026720106880427524,0.9761431411530815,0.9678986867040907,0.02385685884691849,2.9260643838381464,3.719201761355497,3.448965741007557,0.3852319358722937,0.2658756296549498,0.9761431411530815,1984,15.0,,,,,,,0.033426183844011144,0.0,1.0,0.3125073508091436
default,1,poisoning,XGB+Physical,2000,503,0.985,0.9487666034155597,0.9940357852882704,0.970873786407767,0.018036072144288578,0.005964214711729622,0.9995909645666416,0.9940357852882704,0.3016196608740608,0.24187097035273744,0.0,0.0,0.0,,0,0.0,,,,,,,0.9916434540389972,1.0,0.02,0.0
default,1,poisoning,Physically-Anchored-Adaptive,2000,503,0.9845,0.946969696969697,0.9940357852882704,0.9699321047526673,0.018704074816299265,0.005964214711729622,0.9995776841954287,0.9940357852882704,0.29523265984950875,0.19500670383819257,0.3008490782363693,0.0159705796799914,0.000156859271891,0.005964214711729622,1472,0.0,,,,,,,0.9916434540389972,1.0,0.02,0.0051815831865008
default,1,poisoning,XGB+StaticProfile,2000,503,0.8785,0.9814814814814815,0.5268389662027833,0.6856403622250969,0.0033400133600534404,0.4731610337972167,0.9669969494987324,0.5268389662027833,0.3016196608740608,0.24187097035273744,0.0,0.0,0.0,,0,13.0,,,,,,,0.3370473537604457,1.0,0.16,0.0
default,1,poisoning,Anchored-Update-Only,2000,503,0.8775,0.9777777777777777,0.5248508946322068,0.6830530401034928,0.004008016032064128,0.47514910536779326,0.9736929126642948,0.5248508946322068,0.294916484009105,0.1951041581445268,0.3010227264030646,0.01,1.004241700823518e-06,0.0019880715705765406,1470,15.0,,,,,,,0.3342618384401114,1.0,0.2399999999999996,3.317344170629874e-05
default,1,poisoning,Physical-Only,2000,503,0.987,0.9560229445506692,0.9940357852882704,0.9746588693957114,0.015364061456245824,0.005964214711729622,0.9996533823113424,0.9940357852882704,,,,,,,0,0.0,,,,,,,0.9916434540389972,1.0,0.02,
default,1,poisoning,Spatial-XGBoost,2000,503,0.968,0.9954853273137697,0.8767395626242545,0.9323467230443974,0.0013360053440213762,0.12326043737574553,0.997960134981693,0.8767395626242545,,,,,,,0,0.0,,,,,,,0.8272980501392758,1.0,0.04,
default,1,poisoning,Sequential-Anchored,2000,503,0.9845,0.946969696969697,0.9940357852882704,0.9699321047526673,0.018704074816299265,0.005964214711729622,0.9995989327893693,0.9940357852882704,0.33342488450436825,0.31857969147081117,0.2582345083218178,0.0,0.0,0.0,303,0.0,,,,0.0,6.0,0.0,0.9916434540389972,1.0,0.02,0.0
default,1,poisoning,Sequential-Anchored+Rollback,2000,503,0.9845,0.946969696969697,0.9940357852882704,0.9699321047526673,0.018704074816299265,0.005964214711729622,0.999597604752248,0.9940357852882704,0.33032296106412934,0.3261445704410375,0.2558060459135166,0.0,0.0,0.0,303,0.0,,,,0.0,6.0,2.0,0.9916434540389972,1.0,0.02,0.0
default,1,poisoning,Sequential-Anchored-Full,2000,503,0.9805,0.9280442804428044,1.0,0.9626794258373206,0.026052104208416832,0.0,0.99973306453862,1.0,0.2914916113328554,0.19726173062264268,0.3169665560175498,0.0,0.0,0.0,1451,0.0,,,,0.0,6.0,2.0,1.0,1.0,0.0,0.0
default,1,poisoning,Physical-Only+Sequential,2000,503,0.9825,0.9349442379182156,1.0,0.9663784822286263,0.02338009352037408,0.0,0.9997702495780163,1.0,,,,,,,0,0.0,,,,0.0,6.0,0.0,1.0,1.0,0.0,
default,1,power_drift,Baseline-XGBoost,2000,0,0.345,,,,0.655,,,,,,,,,,0,,0.813125,,0.0,,,,,,,
default,1,power_drift,Naive-Adaptive,2000,0,0.9935,,,,0.0065,,,,0.380410092214942,0.20711947139962816,9.768925208053592,0.0,0.0,,1987,,0.0075,0.0,1.0,,,,,,,
default,1,power_drift,XGB+Physical,2000,0,0.3775,,,,0.6225,,,,5.285187364981609,9.861511731700608,0.0,0.0,0.0,,0,,0.7725,,0.0,,,,,,,
default,1,power_drift,Physically-Anchored-Adaptive,2000,0,0.983,,,,0.017,,,,0.380503070699954,0.2047435326456837,9.773991634579485,0.0,0.0,,1966,,0.015625,0.0,1.0,,,,,,,
default,1,power_drift,XGB+StaticProfile,2000,0,0.3835,,,,0.6165,,,,5.285187364981609,9.861511731700608,0.0,0.0,0.0,,0,,0.77,,0.0,,,,,,,
default,1,power_drift,Anchored-Update-Only,2000,0,0.9935,,,,0.0065,,,,0.380503070699954,0.2047435326456837,9.773991634579485,0.0,0.0,,1966,,0.0075,0.0,1.0,,,,,,,
default,1,power_drift,Physical-Only,2000,0,0.9895,,,,0.0105,,,,,,,,,,0,,0.008125,0.0,1.0,,,,,,,
default,1,power_drift,Spatial-XGBoost,2000,0,0.915,,,,0.085,,,,,,,,,,0,,0.10625,,0.0,,,,,,,
default,1,power_drift,Sequential-Anchored,2000,0,0.983,,,,0.017,,,,0.380503070699954,0.2047435326456837,9.773991634579485,0.0,0.0,,1966,,0.015625,0.0,1.0,0.0,,0.0,,,,
default,1,power_drift,Sequential-Anchored+Rollback,2000,0,0.983,,,,0.017,,,,0.380503070699954,0.2047435326456837,9.773991634579485,0.0,0.0,,1966,,0.015625,0.0,1.0,0.0,,0.0,,,,
default,1,power_drift,Sequential-Anchored-Full,2000,0,0.983,,,,0.017,,,,0.380503070699954,0.2047435326456837,9.773991634579485,0.0,0.0,,1966,,0.015625,0.0,1.0,0.0,,0.0,,,,
default,1,power_drift,Physical-Only+Sequential,2000,0,0.9895,,,,0.0105,,,,,,,,,,0,,0.008125,0.0,1.0,0.0,,0.0,,,,
default,1,power_matching_puea,Baseline-XGBoost,2000,447,0.9735,0.9397321428571429,0.941834451901566,0.9407821229050279,0.017385705086928525,0.058165548098434,0.995381674495924,0.941834451901566,,,,,,,0,0.0,,,,,,,,,,
default,1,power_matching_puea,Naive-Adaptive,2000,447,0.7765,0.5,0.0044742729306487695,0.008869179600886918,0.00128783000643915,0.9955257270693513,0.9672064316592982,0.0044742729306487695,0.9485343954105165,1.3468465346543195,0.8661401473496285,0.3883515382398223,0.2710594489263405,0.9955257270693513,1996,3.0,,,,,,,,,,
default,1,power_matching_puea,XGB+Physical,2000,447,0.992,0.9654427645788337,1.0,0.9824175824175825,0.0103026400515132,0.0,1.0,1.0,0.3104476752956226,0.4226015752040634,0.0,0.0,0.0,,0,0.0,,,,,,,,,,
default,1,power_matching_puea,Physically-Anchored-Adaptive,2000,447,0.9925,0.9675324675324676,1.0,0.9834983498349835,0.009658725048293626,0.0,1.0,1.0,0.30678418526153245,0.3565781308787359,0.3400181705165228,0.0,0.0,0.0,1538,0.0,,,,,,,,,,
default,1,power_matching_puea,XGB+StaticProfile,2000,447,0.9045,0.9885496183206107,0.5794183445190156,0.7306064880112835,0.0019317450096587251,0.42058165548098436,0.9933101984900409,0.5794183445190156,0.3104476752956226,0.4226015752040634,0.0,0.0,0.0,,0,3.0,,,,,,,,,,
default,1,power_matching_puea,Anchored-Update-Only,2000,447,0.878,0.9903381642512077,0.45861297539149887,0.6269113149847094,0.00128783000643915,0.5413870246085011,0.9923450462480786,0.45861297539149887,0.30678418526153245,0.3565781308787359,0.3400181705165228,0.0,0.0,0.0,1538,3.0,,,,,,,,,,
default,1,power_matching_puea,Physical-Only,2000,447,0.9935,0.9717391304347827,1.0,0.9856670341786108,0.008370895041854474,0.0,1.0,1.0,,,,,,,0,0.0,,,,,,,,,,
default,1,power_matching_puea,Spatial-XGBoost,2000,447,1.0,1.0,1.0,1.0,0.0,0.0,1.0,1.0,,,,,,,0,0.0,,,,,,,,,,
default,1,power_matching_puea,Sequential-Anchored,2000,447,0.9915,0.9633620689655172,1.0,0.9813391877058177,0.010946555054732776,0.0,1.0,1.0,0.30212631502019627,0.3822117129339141,0.1892940963273635,0.0,0.0,0.0,494,0.0,,,,0.0,0.0,0.0,,,,
default,1,power_matching_puea,Sequential-Anchored+Rollback,2000,447,0.9915,0.9633620689655172,1.0,0.9813391877058177,0.010946555054732776,0.0,1.0,1.0,0.30212631502019627,0.3822117129339141,0.1892940963273635,0.0,0.0,0.0,494,0.0,,,,0.0,0.0,1.0,,,,
default,1,power_matching_puea,Sequential-Anchored-Full,2000,447,0.984,0.9331941544885177,1.0,0.9654427645788336,0.0206052801030264,0.0,0.999968308433846,1.0,0.31152943780467945,0.3740009497773308,0.3611578258382589,0.0,0.0,0.0,1509,0.0,,,,0.0,0.0,1.0,,,,
default,1,power_matching_puea,Physical-Only+Sequential,2000,447,0.985,0.9371069182389937,1.0,0.9675324675324676,0.019317450096587252,0.0,0.999968308433846,1.0,,,,,,,0,0.0,,,,0.0,0.0,0.0,,,,
default,1,shadowing_drift,Baseline-XGBoost,2000,0,0.956,,,,0.044,,,,,,,,,,0,,0.050625,1552.0,1.0,,,,,,,
default,1,shadowing_drift,Naive-Adaptive,2000,0,0.9995,,,,0.0005,,,,0.32844770455685457,0.32311053398933387,1.4903170983082628,0.0,0.0,,1999,,0.000625,0.0,1.0,,,,,,,
default,1,shadowing_drift,XGB+Physical,2000,0,0.9705,,,,0.0295,,,,0.951142669482935,1.6206099695084715,0.0,0.0,0.0,,0,,0.035625,1560.0,1.0,,,,,,,
default,1,shadowing_drift,Physically-Anchored-Adaptive,2000,0,0.9875,,,,0.0125,,,,0.32814904614477797,0.3339871328490298,1.5016998228321452,0.0,0.0,,1975,,0.014375,0.0,1.0,,,,,,,
default,1,shadowing_drift,XGB+StaticProfile,2000,0,0.982,,,,0.018,,,,0.951142669482935,1.6206099695084715,0.0,0.0,0.0,,0,,0.0225,0.0,1.0,,,,,,,
default,1,shadowing_drift,Anchored-Update-Only,2000,0,0.9995,,,,0.0005,,,,0.32814904614477797,0.3339871328490298,1.5016998228321452,0.0,0.0,,1975,,0.000625,0.0,1.0,,,,,,,
default,1,shadowing_drift,Physical-Only,2000,0,0.988,,,,0.012,,,,,,,,,,0,,0.01375,0.0,1.0,,,,,,,
default,1,shadowing_drift,Spatial-XGBoost,2000,0,0.9945,,,,0.0055,,,,,,,,,,0,,0.006875,0.0,1.0,,,,,,,
default,1,shadowing_drift,Sequential-Anchored,2000,0,0.9875,,,,0.0125,,,,0.32814904614477797,0.3339871328490298,1.5016998228321452,0.0,0.0,,1975,,0.014375,0.0,1.0,0.0005,,0.0,,,,
default,1,shadowing_drift,Sequential-Anchored+Rollback,2000,0,0.9875,,,,0.0125,,,,0.3287939064819351,0.3339642247202487,1.5016849711759857,0.0,0.0,,1975,,0.014375,0.0,1.0,0.0005,,1.0,,,,
default,1,shadowing_drift,Sequential-Anchored-Full,2000,0,0.9875,,,,0.0125,,,,0.3287939064819351,0.3339642247202487,1.5016849711759857,0.0,0.0,,1975,,0.014375,0.0,1.0,0.0005,,1.0,,,,
default,1,shadowing_drift,Physical-Only+Sequential,2000,0,0.988,,,,0.012,,,,,,,,,,0,,0.01375,0.0,1.0,0.0005,,0.0,,,,
default,1,slow_near_pu_poisoning,Baseline-XGBoost,2000,212,0.9625,0.8663101604278075,0.7641509433962265,0.81203007518797,0.013982102908277404,0.2358490566037736,0.9397239458022034,0.7641509433962265,,,,,,,0,62.0,,,,,,,0.2753623188405797,1.0,0.3,
default,1,slow_near_pu_poisoning,Naive-Adaptive,2000,212,0.974,1.0,0.7547169811320755,0.8602150537634409,0.0,0.24528301886792453,0.9821240133383985,0.7547169811320755,0.29820422154898485,0.3651227058412255,0.279327827572382,0.0799885137709344,0.0014571641761957,0.24528301886792453,1840,252.0,,,,,,,0.2463768115942029,1.0,0.4600000000000007,0.0476536269184382
default,1,slow_near_pu_poisoning,XGB+Physical,2000,212,0.9665,0.8961748633879781,0.7735849056603774,0.830379746835443,0.010626398210290829,0.22641509433962265,0.9567873876155502,0.7735849056603774,0.30768996180546837,0.32029892422656,0.0,0.0,0.0,,0,0.0,,,,,,,0.30434782608695654,1.0,0.18,0.0
default,1,slow_near_pu_poisoning,Physically-Anchored-Adaptive,2000,212,0.9665,0.8961748633879781,0.7735849056603774,0.830379746835443,0.010626398210290829,0.22641509433962265,0.9587765396141995,0.7735849056603774,0.29557192278215016,0.3603209852157845,0.280714896190029,0.0678719750799256,0.0017216778343913,0.22641509433962265,1817,0.0,,,,,,,0.30434782608695654,1.0,0.1999999999999998,0.055183564805446
default,1,slow_near_pu_poisoning,XGB+StaticProfile,2000,212,0.974,0.9938271604938271,0.7594339622641509,0.8609625668449198,0.0005592841163310962,0.24056603773584906,0.9626334895107846,0.7594339622641509,0.30768996180546837,0.32029892422656,0.0,0.0,0.0,,0,252.0,,,,,,,0.2608695652173913,1.0,0.3200000000000001,0.0
default,1,slow_near_pu_poisoning,Anchored-Update-Only,2000,212,0.974,0.9938271604938271,0.7594339622641509,0.8609625668449198,0.0005592841163310962,0.24056603773584906,0.9805569625596218,0.7594339622641509,0.2929254573957517,0.3594963889225083,0.2801483293279035,0.050445945121526,0.0006282810351613,0.10849056603773585,1792,252.0,,,,,,,0.2608695652173913,1.0,0.4200000000000001,0.0201377903155253
default,1,slow_near_pu_poisoning,Physical-Only,2000,212,0.9665,0.9005524861878453,0.7688679245283019,0.8295165394402035,0.010067114093959731,0.23113207547169812,0.9581433877843908,0.7688679245283019,,,,,,,0,0.0,,,,,,,0.30434782608695654,0.993006993006993,0.2199999999999998,
default,1,slow_near_pu_poisoning,Spatial-XGBoost,2000,212,0.9645,0.9862068965517241,0.6745283018867925,0.8011204481792717,0.0011185682326621924,0.32547169811320753,0.9798473048837111,0.6745283018867925,,,,,,,0,520.0,,,,,,,0.14492753623188406,0.9300699300699301,0.8000000000000004,
default,1,slow_near_pu_poisoning,Sequential-Anchored,2000,212,0.9665,0.8961748633879781,0.7735849056603774,0.830379746835443,0.010626398210290829,0.22641509433962265,0.9588187497361866,0.7735849056603774,0.29294418764543895,0.3300452686137163,0.2947184818567817,0.0678719750799256,0.0551871664887166,0.22641509433962265,1471,0.0,,,,0.0,0.0,0.0,0.30434782608695654,1.0,0.1999999999999998,0.0551871664887166
default,1,slow_near_pu_poisoning,Sequential-Anchored+Rollback,2000,212,0.9665,0.8961748633879781,0.7735849056603774,0.830379746835443,0.010626398210290829,0.22641509433962265,0.9587923684099446,0.7735849056603774,0.2922843156064168,0.3627632580059641,0.3217744418515444,0.0679240398792278,0.0526930583201977,0.22641509433962265,1471,0.0,,,,0.0,0.0,6.0,0.30434782608695654,1.0,0.1999999999999998,0.0526930583201977
default,1,slow_near_pu_poisoning,Sequential-Anchored-Full,2000,212,0.966,0.8913043478260869,0.7735849056603774,0.8282828282828283,0.011185682326621925,0.22641509433962265,0.9587765396141995,0.7735849056603774,0.2950304774189458,0.36107861003738506,0.2841600877495161,0.0679240398792278,0.001873974207585,0.22641509433962265,1803,0.0,,,,0.0,0.0,6.0,0.30434782608695654,1.0,0.1999999999999998,0.0526930583201977
default,1,slow_near_pu_poisoning,Physical-Only+Sequential,2000,212,0.9665,0.8961748633879781,0.7735849056603774,0.830379746835443,0.010626398210290829,0.22641509433962265,0.9586683761766073,0.7735849056603774,,,,,,,0,0.0,,,,0.0,0.0,0.0,0.30434782608695654,1.0,0.2199999999999998,
default,1,stable,Baseline-XGBoost,2000,0,0.988,,,,0.012,,,,,,,,,,0,,,,,,,,,,,
default,1,stable,Naive-Adaptive,2000,0,0.9985,,,,0.0015,,,,0.292136840494191,0.3025471721354028,0.2542473569571467,0.0,0.0,,1997,,,,,,,,,,,
default,1,stable,XGB+Physical,2000,0,0.9905,,,,0.0095,,,,0.28634669366008986,0.23310176378237357,0.0,0.0,0.0,,0,,,,,,,,,,,
default,1,stable,Physically-Anchored-Adaptive,2000,0,0.9895,,,,0.0105,,,,0.2919064055188135,0.30151559617007495,0.2480346586165296,0.0,0.0,,1979,,,,,,,,,,,
default,1,stable,XGB+StaticProfile,2000,0,0.9995,,,,0.0005,,,,0.28634669366008986,0.23310176378237357,0.0,0.0,0.0,,0,,,,,,,,,,,
default,1,stable,Anchored-Update-Only,2000,0,0.9985,,,,0.0015,,,,0.2919064055188135,0.30151559617007495,0.2480346586165296,0.0,0.0,,1979,,,,,,,,,,,
default,1,stable,Physical-Only,2000,0,0.991,,,,0.009,,,,,,,,,,0,,,,,,,,,,,
default,1,stable,Spatial-XGBoost,2000,0,1.0,,,,0.0,,,,,,,,,,0,,,,,,,,,,,
default,1,stable,Sequential-Anchored,2000,0,0.9895,,,,0.0105,,,,0.2919064055188135,0.30151559617007495,0.2480346586165296,0.0,0.0,,1979,,,,,0.0,,0.0,,,,
default,1,stable,Sequential-Anchored+Rollback,2000,0,0.9895,,,,0.0105,,,,0.2919064055188135,0.30151559617007495,0.2480346586165296,0.0,0.0,,1979,,,,,0.0,,0.0,,,,
default,1,stable,Sequential-Anchored-Full,2000,0,0.9895,,,,0.0105,,,,0.2919064055188135,0.30151559617007495,0.2480346586165296,0.0,0.0,,1979,,,,,0.0,,0.0,,,,
default,1,stable,Physical-Only+Sequential,2000,0,0.991,,,,0.009,,,,,,,,,,0,,,,,0.0,,0.0,,,,
default,1,stealthy_puea,Baseline-XGBoost,2000,216,0.4355,0.16059479553903347,1.0,0.2767456758488149,0.632847533632287,0.0,0.830220530227537,1.0,,,,,,,0,0.0,0.809971098265896,,0.0,,,,,,,
default,1,stealthy_puea,Naive-Adaptive,2000,216,0.894,0.6,0.05555555555555555,0.10169491525423728,0.004484304932735426,0.9444444444444444,0.881627844211925,0.05555555555555555,0.6022485120278877,0.5986664355343777,9.949394620146045,0.1990753139639144,0.1398498456540144,0.9444444444444444,1980,0.0,0.004335260115606936,0.0,1.0,,,,,,,
default,1,stealthy_puea,XGB+Physical,2000,216,0.474,0.17034700315457413,1.0,0.2911051212938005,0.5896860986547086,0.0,0.8368937884072414,1.0,5.239807931335426,9.93522336264192,0.0,0.0,0.0,,0,0.0,0.7557803468208093,,0.0,,,,,,,
default,1,stealthy_puea,Physically-Anchored-Adaptive,2000,216,0.987,0.8925619834710744,1.0,0.9432314410480349,0.014573991031390135,0.0,1.0,1.0,0.4700541596450478,0.23991376705136877,9.96227084432053,0.0,0.0,0.0,1758,0.0,0.014450867052023121,0.0,1.0,,,,,,,
default,1,stealthy_puea,XGB+StaticProfile,2000,216,0.471,0.1632,0.9444444444444444,0.27830832196452937,0.5863228699551569,0.05555555555555555,0.7268752076067098,0.9444444444444444,5.239807931335426,9.93522336264192,0.0,0.0,0.0,,0,0.0,0.7543352601156069,,0.0,,,,,,,
default,1,stealthy_puea,Anchored-Update-Only,2000,216,0.9465,0.9224806201550387,0.5509259259259259,0.6898550724637681,0.005605381165919282,0.44907407407407407,0.9820472097658196,0.5509259259259259,0.4700541596450478,0.23991376705136877,9.96227084432053,0.0,0.0,0.0,1758,0.0,0.005780346820809248,0.0,1.0,,,,,,,
default,1,stealthy_puea,Physical-Only,2000,216,0.9915,0.927038626609442,1.0,0.9621380846325166,0.00952914798206278,0.0,1.0,1.0,,,,,,,0,0.0,0.00939306358381503,0.0,1.0,,,,,,,
default,1,stealthy_puea,Spatial-XGBoost,2000,216,0.928,0.6,1.0,0.7499999999999999,0.08071748878923767,0.0,0.9996937801029728,1.0,,,,,,,0,0.0,0.10404624277456648,,0.0,,,,,,,
default,1,stealthy_puea,Sequential-Anchored,2000,216,0.5385,0.18964003511852504,1.0,0.31881918819188193,0.5173766816143498,0.0,0.976740263245308,1.0,4.722698222203486,9.234984523378442,0.7112145785311096,0.0,0.0,0.0,517,0.0,0.6625722543352601,,0.0,0.0,0.0,0.0,,,,
default,1,stealthy_puea,Sequential-Anchored+Rollback,2000,216,0.531,0.18717504332755633,1.0,0.31532846715328466,0.5257847533632287,0.0,0.971373629795715,1.0,4.7963110132747575,9.333245135715671,0.6104669358114234,0.0,0.0,0.0,517,0.0,0.6734104046242775,,0.0,0.0,0.0,4.0,,,,
default,1,stealthy_puea,Sequential-Anchored-Full,2000,216,0.9835,0.8674698795180723,1.0,0.9290322580645161,0.018497757847533634,0.0,1.0,1.0,0.4777533495979163,0.2399128326437177,9.96226743538432,0.0,0.0,0.0,1748,0.0,0.019508670520231215,0.0,1.0,0.0,0.0,4.0,,,,
default,1,stealthy_puea,Physical-Only+Sequential,2000,216,0.9875,0.8962655601659751,1.0,0.9452954048140044,0.014013452914798207,0.0,1.0,1.0,,,,,,,0,0.0,0.015173410404624277,0.0,1.0,0.0,0.0,0.0,,,,
default,2,basic_puea,Baseline-XGBoost,2000,467,0.986,0.9434343434343434,1.0,0.9708939708939708,0.0182648401826484,0.0,1.0,1.0,,,,,,,0,0.0,,,,,,,,,,
default,2,basic_puea,Naive-Adaptive,2000,467,0.999,0.9957356076759062,1.0,0.9978632478632478,0.001304631441617743,0.0,1.0,1.0,0.2805210548550269,0.20496294842924287,0.2143797271583679,0.0,0.0,0.0,1531,0.0,,,,,,,,,,
default,2,basic_puea,XGB+Physical,2000,467,0.9855,0.9415322580645161,1.0,0.9698857736240915,0.018917155903457272,0.0,1.0,1.0,0.2379232656234778,0.1613960146004683,0.0,0.0,0.0,,0,0.0,,,,,,,,,,
default,2,basic_puea,Physically-Anchored-Adaptive,2000,467,0.9855,0.9415322580645161,1.0,0.9698857736240915,0.018917155903457272,0.0,1.0,1.0,0.28017529787658957,0.19782107469498045,0.2205527510841726,0.0,0.0,0.0,1504,0.0,,,,,,,,,,
default,2,basic_puea,XGB+StaticProfile,2000,467,0.999,0.9957356076759062,1.0,0.9978632478632478,0.001304631441617743,0.0,1.0,1.0,0.2379232656234778,0.1613960146004683,0.0,0.0,0.0,,0,0.0,,,,,,,,,,
default,2,basic_puea,Anchored-Update-Only,2000,467,0.999,0.9957356076759062,1.0,0.9978632478632478,0.001304631441617743,0.0,1.0,1.0,0.28017529787658957,0.19782107469498045,0.2205527510841726,0.0,0.0,0.0,1504,0.0,,,,,,,,,,
default,2,basic_puea,Physical-Only,2000,467,0.9865,0.9453441295546559,1.0,0.9719042663891779,0.01761252446183953,0.0,1.0,1.0,,,,,,,0,0.0,,,,,,,,,,
default,2,basic_puea,Spatial-XGBoost,2000,467,0.9995,0.9978632478632479,1.0,0.9989304812834224,0.0006523157208088715,0.0,1.0,1.0,,,,,,,0,0.0,,,,,,,,,,
default,2,basic_puea,Sequential-Anchored,2000,467,0.9855,0.9415322580645161,1.0,0.9698857736240915,0.018917155903457272,0.0,1.0,1.0,0.29255704439215185,0.2330289436112768,0.2208778592042139,0.0,0.0,0.0,495,0.0,,,,0.0039447731755424065,0.0,0.0,,,,
default,2,basic_puea,Sequential-Anchored+Rollback,2000,467,0.9855,0.9415322580645161,1.0,0.9698857736240915,0.018917155903457272,0.0,1.0,1.0,0.27182466446524745,0.21090053234969797,0.1689864198845813,0.0,0.0,0.0,495,0.0,,,,0.0039447731755424065,0.0,3.0,,,,
default,2,basic_puea,Sequential-Anchored-Full,2000,467,0.9795,0.9192913385826772,1.0,0.9579487179487179,0.02674494455316373,0.0,1.0,1.0,0.28254136736214774,0.2024334517061471,0.244461569305608,0.0,0.0,0.0,1480,0.0,,,,0.0039447731755424065,0.0,3.0,,,,
default,2,basic_puea,Physical-Only+Sequential,2000,467,0.9805,0.9229249011857708,1.0,0.959917780061665,0.025440313111545987,0.0,1.0,1.0,,,,,,,0,0.0,,,,0.0039447731755424065,0.0,0.0,,,,
default,2,combined_drift,Baseline-XGBoost,2000,0,0.4595,,,,0.5405,,,,,,,,,,0,,0.668125,,0.0,,,,,,,
default,2,combined_drift,Naive-Adaptive,2000,0,0.9945,,,,0.0055,,,,1.7605849521291261,0.49728575299458383,64.48044289737618,0.0,0.0,,1989,,0.00625,0.0,1.0,,,,,,,
default,2,combined_drift,XGB+Physical,2000,0,0.4555,,,,0.5445,,,,34.03173585952336,64.81836073702303,0.0,0.0,0.0,,0,,0.674375,,0.0,,,,,,,
default,2,combined_drift,Physically-Anchored-Adaptive,2000,0,0.971,,,,0.029,,,,1.8386618315573346,0.5130348800133323,64.46278271196576,0.0,0.0,,1942,,0.030625,0.0,1.0,,,,,,,
default,2,combined_drift,XGB+StaticProfile,2000,0,0.466,,,,0.534,,,,34.03173585952336,64.81836073702303,0.0,0.0,0.0,,0,,0.66625,,0.0,,,,,,,
default,2,combined_drift,Anchored-Update-Only,2000,0,0.994,,,,0.006,,,,1.8386618315573346,0.5130348800133323,64.46278271196576,0.0,0.0,,1942,,0.006875,0.0,1.0,,,,,,,
default,2,combined_drift,Physical-Only,2000,0,0.977,,,,0.023,,,,,,,,,,0,,0.02375,0.0,1.0,,,,,,,
default,2,combined_drift,Spatial-XGBoost,2000,0,0.9745,,,,0.0255,,,,,,,,,,0,,0.031875,1047.0,1.0,,,,,,,
default,2,combined_drift,Sequential-Anchored,2000,0,0.971,,,,0.029,,,,1.8386618315573346,0.5130348800133323,64.46278271196576,0.0,0.0,,1942,,0.030625,0.0,1.0,0.0,,0.0,,,,
default,2,combined_drift,Sequential-Anchored+Rollback,2000,0,0.971,,,,0.029,,,,1.8386618315573346,0.5130348800133323,64.46278271196576,0.0,0.0,,1942,,0.030625,0.0,1.0,0.0,,0.0,,,,
default,2,combined_drift,Sequential-Anchored-Full,2000,0,0.971,,,,0.029,,,,1.8386618315573346,0.5130348800133323,64.46278271196576,0.0,0.0,,1942,,0.030625,0.0,1.0,0.0,,0.0,,,,
default,2,combined_drift,Physical-Only+Sequential,2000,0,0.977,,,,0.023,,,,,,,,,,0,,0.02375,0.0,1.0,0.0,,0.0,,,,
default,2,gradual_puea,Baseline-XGBoost,2000,467,0.941,0.9245742092457421,0.8137044967880086,0.8656036446469247,0.020221787345075015,0.18629550321199143,0.9429524060951711,0.8137044967880086,,,,,,,0,0.0,,,,,,,,,,
default,2,gradual_puea,Naive-Adaptive,2000,467,0.9035,0.9892857142857143,0.5931477516059958,0.7416331994645248,0.0019569471624266144,0.4068522483940043,0.9349039196212937,0.5931477516059958,0.507692389474434,0.8021965932646864,0.7636206902312096,0.3875566519219794,0.3601052491486647,0.4068522483940043,1720,0.0,,,,,,,,,,
default,2,gradual_puea,XGB+Physical,2000,467,0.984,0.935871743486974,1.0,0.9668737060041409,0.020874103065883887,0.0,0.9999818413182644,1.0,0.25829081870683196,0.2542465402350355,0.0,0.0,0.0,,0,0.0,,,,,,,,,,
default,2,gradual_puea,Physically-Anchored-Adaptive,2000,467,0.984,0.935871743486974,1.0,0.9668737060041409,0.020874103065883887,0.0,0.9999804444965924,1.0,0.3283071102499146,0.29631783443440385,0.0836469839667813,0.0,0.0,0.0,1501,0.0,,,,,,,,,,
default,2,gradual_puea,XGB+StaticProfile,2000,467,0.944,0.9916897506925207,0.7665952890792291,0.8647342995169082,0.0019569471624266144,0.2334047109207709,0.9429761520635944,0.7665952890792291,0.25829081870683196,0.2542465402350355,0.0,0.0,0.0,,0,0.0,,,,,,,,,,
default,2,gradual_puea,Anchored-Update-Only,2000,467,0.9415,0.9915730337078652,0.7558886509635975,0.8578371810449575,0.0019569471624266144,0.24411134903640258,0.9428560253998054,0.7558886509635975,0.3283071102499146,0.29631783443440385,0.0836469839667813,0.0,0.0,0.0,1501,0.0,,,,,,,,,,
default,2,gradual_puea,Physical-Only,2000,467,0.9855,0.9415322580645161,1.0,0.9698857736240915,0.018917155903457272,0.0,0.9999818413182644,1.0,,,,,,,0,0.0,,,,,,,,,,
default,2,gradual_puea,Spatial-XGBoost,2000,467,0.999,1.0,0.9957173447537473,0.9978540772532188,0.0,0.004282655246252677,0.999997206356656,0.9957173447537473,,,,,,,0,0.0,,,,,,,,,,
default,2,gradual_puea,Sequential-Anchored,2000,467,0.9835,0.934,1.0,0.9658738366080661,0.021526418786692758,0.0,0.9999804444965924,1.0,0.3053665036756584,0.21677670685068126,0.2186060513854387,0.0,0.0,0.0,494,0.0,,,,0.0,0.0,0.0,,,,
default,2,gradual_puea,Sequential-Anchored+Rollback,2000,467,0.9835,0.934,1.0,0.9658738366080661,0.021526418786692758,0.0,0.9999804444965924,1.0,0.3039586876528432,0.2221571296632278,0.2071442337752448,0.0,0.0,0.0,494,0.0,,,,0.0,0.0,1.0,,,,
default,2,gradual_puea,Sequential-Anchored-Full,2000,467,0.9815,0.9265873015873016,1.0,0.9618949536560247,0.024135681669928244,0.0,0.999998603178328,1.0,0.32814642803458244,0.29823363757358906,0.0846174687265228,0.0,0.0,0.0,1478,0.0,,,,0.0,0.0,1.0,,,,
default,2,gradual_puea,Physical-Only+Sequential,2000,467,0.983,0.9321357285429142,1.0,0.9648760330578512,0.02217873450750163,0.0,0.9999986031783281,1.0,,,,,,,0,0.0,,,,0.0,0.0,0.0,,,,
default,2,near_pu_poisoning,Baseline-XGBoost,2000,520,0.86,0.8973509933774835,0.5211538461538462,0.6593673965936739,0.020945945945945947,0.47884615384615387,0.8583692827442827,0.5211538461538462,,,,,,,0,19.0,,,,,,,0.327027027027027,1.0,0.2999999999999983,
default,2,near_pu_poisoning,Naive-Adaptive,2000,520,0.749,0.9090909090909091,0.038461538461538464,0.07380073800738009,0.0013513513513513514,0.9615384615384616,0.966778846153846,0.038461538461538464,3.0279032839695073,3.9488016206780094,3.5947480288181817,0.3879367460285227,0.2710506019800062,0.9615384615384616,1978,19.0,,,,,,,0.04594594594594595,0.02,1.0,0.2648748973397902
default,2,near_pu_poisoning,XGB+Physical,2000,520,0.859,0.8863636363636364,0.525,0.6594202898550724,0.02364864864864865,0.475,0.9014514033264033,0.525,0.24929170762832772,0.18195468624418712,0.0,0.0,0.0,,0,19.0,,,,,,,0.3324324324324324,1.0,0.2999999999999997,0.0
default,2,near_pu_poisoning,Physically-Anchored-Adaptive,2000,520,0.8575,0.8852459016393442,0.5192307692307693,0.6545454545454545,0.02364864864864865,0.4807692307692308,0.9124649168399167,0.5192307692307693,0.545074024830666,0.20597186120443667,0.2121096843860586,0.2928727161512449,0.0066342339386007,0.4807692307692308,1695,19.0,,,,,,,0.32432432432432434,1.0,0.4200000000000009,0.2042628672951224
default,2,near_pu_poisoning,XGB+StaticProfile,2000,520,0.873,0.9889705882352942,0.5173076923076924,0.6792929292929293,0.002027027027027027,0.4826923076923077,0.9174233367983369,0.5173076923076924,0.24929170762832772,0.18195468624418712,0.0,0.0,0.0,,0,19.0,,,,,,,0.3216216216216216,1.0,0.3600000000000002,0.0
default,2,near_pu_poisoning,Anchored-Update-Only,2000,520,0.8685,0.9885931558935361,0.5,0.6641123882503193,0.002027027027027027,0.5,0.9824506237006236,0.5,0.5531653992424838,0.20247543092760792,0.2097516376730252,0.1648628369629226,0.0019253355625973,0.19423076923076923,1546,19.0,,,,,,,0.2972972972972973,1.0,0.9000000000000019,0.0592795741243264
default,2,near_pu_poisoning,Physical-Only,2000,520,0.8515,0.8885017421602788,0.49038461538461536,0.6319702602230483,0.021621621621621623,0.5096153846153846,0.9005964137214137,0.49038461538461536,,,,,,,0,20.0,,,,,,,0.32432432432432434,0.9,0.4400000000000004,
default,2,near_pu_poisoning,Spatial-XGBoost,2000,520,0.8695,1.0,0.4980769230769231,0.6649550706033376,0.0,0.5019230769230769,0.9884381496881497,0.4980769230769231,,,,,,,0,45.0,,,,,,,0.3054054054054054,0.9733333333333334,0.8400000000000004,
default,2,near_pu_poisoning,Sequential-Anchored,2000,520,0.859,0.8888888888888888,0.5230769230769231,0.6585956416464892,0.022972972972972974,0.47692307692307695,0.904447765072765,0.5230769230769231,0.31296448786599523,0.3340757326604444,0.2191166686730804,0.1392046422090769,0.1323822296407217,0.03653846153846154,376,19.0,,,,0.0,46.0,0.0,0.32972972972972975,1.0,0.2999999999999991,0.1323822296407217
default,2,near_pu_poisoning,Sequential-Anchored+Rollback,2000,520,0.8595,0.8892508143322475,0.525,0.660217654171705,0.022972972972972974,0.475,0.901181133056133,0.525,0.2868048255818526,0.17639783053489197,0.1023762010329041,0.1346300436162175,0.0289284469442792,0.03653846153846154,376,19.0,,,,0.0,46.0,2.0,0.3324324324324324,1.0,0.2999999999999997,0.0289284469442792
default,2,near_pu_poisoning,Sequential-Anchored-Full,2000,520,0.86,0.8592814371257484,0.551923076923077,0.6721311475409836,0.03175675675675676,0.4480769230769231,0.9140007796257796,0.551923076923077,0.29837510033385695,0.1990218866427284,0.2074612020617479,0.1911056367306412,0.0048527249508811,0.4480769230769231,1665,19.0,,,,0.0,46.0,2.0,0.37027027027027026,1.0,0.2399999999999998,0.1318469080103531
default,2,near_pu_poisoning,Physical-Only+Sequential,2000,520,0.86,0.8658536585365854,0.5461538461538461,0.6698113207547169,0.02972972972972973,0.45384615384615384,0.9145120841995841,0.5461538461538461,,,,,,,0,20.0,,,,0.0,45.0,0.0,0.37027027027027026,0.98,0.2399999999999998,
default,2,noise_drift,Baseline-XGBoost,2000,0,0.946,,,,0.054,,,,,,,,,,0,,0.064375,1572.0,1.0,,,,,,,
default,2,noise_drift,Naive-Adaptive,2000,0,0.998,,,,0.002,,,,2.2350714580801503,0.32588551958808004,86.1781114880445,0.0,0.0,,1996,,0.0025,0.0,1.0,,,,,,,
default,2,noise_drift,XGB+Physical,2000,0,0.929,,,,0.071,,,,45.296602417025404,86.24686002202901,0.0,0.0,0.0,,0,,0.083125,,0.0,,,,,,,
default,2,noise_drift,Physically-Anchored-Adaptive,2000,0,0.978,,,,0.022,,,,2.309518392066905,0.33332019235624927,86.15426061848775,0.0,0.0,,1956,,0.021875,0.0,1.0,,,,,,,
default,2,noise_drift,XGB+StaticProfile,2000,0,0.9485,,,,0.0515,,,,45.296602417025404,86.24686002202901,0.0,0.0,0.0,,0,,0.064375,1572.0,1.0,,,,,,,
default,2,noise_drift,Anchored-Update-Only,2000,0,0.998,,,,0.002,,,,2.309518392066905,0.33332019235624927,86.15426061848775,0.0,0.0,,1956,,0.0025,0.0,1.0,,,,,,,
default,2,noise_drift,Physical-Only,2000,0,0.98,,,,0.02,,,,,,,,,,0,,0.019375,0.0,1.0,,,,,,,
default,2,noise_drift,Spatial-XGBoost,2000,0,1.0,,,,0.0,,,,,,,,,,0,,0.0,0.0,1.0,,,,,,,
default,2,noise_drift,Sequential-Anchored,2000,0,0.978,,,,0.022,,,,2.309518392066905,0.33332019235624927,86.15426061848775,0.0,0.0,,1956,,0.021875,0.0,1.0,0.0,,0.0,,,,
default,2,noise_drift,Sequential-Anchored+Rollback,2000,0,0.978,,,,0.022,,,,2.309518392066905,0.33332019235624927,86.15426061848775,0.0,0.0,,1956,,0.021875,0.0,1.0,0.0,,0.0,,,,
default,2,noise_drift,Sequential-Anchored-Full,2000,0,0.978,,,,0.022,,,,2.309518392066905,0.33332019235624927,86.15426061848775,0.0,0.0,,1956,,0.021875,0.0,1.0,0.0,,0.0,,,,
default,2,noise_drift,Physical-Only+Sequential,2000,0,0.98,,,,0.02,,,,,,,,,,0,,0.019375,0.0,1.0,0.0,,0.0,,,,
default,2,poisoning,Baseline-XGBoost,2000,499,0.8635,0.9035714285714286,0.5070140280561122,0.6495507060333761,0.01798800799467022,0.49298597194388777,0.8738529690960869,0.5070140280561122,,,,,,,0,2.0,,,,,,,0.33692722371967654,1.0,0.16,
default,2,poisoning,Naive-Adaptive,2000,499,0.76,0.9130434782608695,0.04208416833667335,0.08045977011494253,0.0013324450366422385,0.9579158316633266,0.9715700555007416,0.04208416833667335,3.745616398102302,4.636228266734677,4.035242064475758,0.3498502118679288,0.2252421373066908,0.9579158316633266,1977,11.0,,,,,,,0.05660377358490566,0.0,1.0,0.3090374048014814
default,2,poisoning,XGB+Physical,2000,499,0.9875,0.9522900763358778,1.0,0.9755620723362659,0.016655562958027982,0.0,0.9996662211832059,1.0,0.27102734179620264,0.29482359938419483,0.0,0.0,0.0,,0,0.0,,,,,,,1.0,1.0,0.0,0.0
default,2,poisoning,Physically-Anchored-Adaptive,2000,499,0.9865,0.9486692015209125,1.0,0.9736585365853657,0.01798800799467022,0.0,0.9997116151022899,1.0,0.29840457004292636,0.3088415302392914,0.2286648506555779,0.0,0.0,0.0,1474,0.0,,,,,,,1.0,1.0,0.0,0.0
default,2,poisoning,XGB+StaticProfile,2000,499,0.8745,0.9920634920634921,0.501002004008016,0.6657789613848203,0.0013324450366422385,0.49899799599198397,0.9474138149717155,0.501002004008016,0.27102734179620264,0.29482359938419483,0.0,0.0,0.0,,0,9.0,,,,,,,0.3288409703504043,1.0,0.1799999999999998,0.0
default,2,poisoning,Anchored-Update-Only,2000,499,0.873,0.9803921568627451,0.501002004008016,0.663129973474801,0.0033311125916055963,0.49899799599198397,0.9495913879724805,0.501002004008016,0.29840457004292636,0.3088415302392914,0.2286648506555779,0.0,0.0,0.0,1474,11.0,,,,,,,0.3288409703504043,1.0,0.1799999999999999,0.0
default,2,poisoning,Physical-Only,2000,499,0.9885,0.9559386973180076,1.0,0.9774730656219394,0.015323117921385743,0.0,0.9997343120618318,1.0,,,,,,,0,0.0,,,,,,,1.0,1.0,0.0,
default,2,poisoning,Spatial-XGBoost,2000,499,0.9765,0.9956140350877193,0.9098196392785571,0.9507853403141361,0.0013324450366422385,0.09018036072144289,0.999116153693129,0.9098196392785571,,,,,,,0,0.0,,,,,,,0.8787061994609164,1.0,0.04,
default,2,poisoning,Sequential-Anchored,2000,499,0.987,0.9504761904761905,1.0,0.974609375,0.017321785476349102,0.0,0.9997089448717554,1.0,0.3675079839964624,0.4950906962096296,0.2630650681744813,0.0,0.0,0.0,296,0.0,,,,0.0,2.0,0.0,1.0,1.0,0.0,0.0
default,2,poisoning,Sequential-Anchored+Rollback,2000,499,0.987,0.9504761904761905,1.0,0.974609375,0.017321785476349102,0.0,0.9997089448717554,1.0,0.36427665086513655,0.4904500613349386,0.2547315326112043,0.0,0.0,0.0,296,0.0,,,,0.0,2.0,1.0,1.0,1.0,0.0,0.0
default,2,poisoning,Sequential-Anchored-Full,2000,499,0.982,0.9327102803738317,1.0,0.9651837524177949,0.023984010659560292,0.0,0.9999986648847328,1.0,0.2974653614045705,0.3192470700862121,0.2212858868007623,0.0,0.0,0.0,1457,0.0,,,,0.0,2.0,1.0,1.0,1.0,0.0,0.0
default,2,poisoning,Physical-Only+Sequential,2000,499,0.984,0.9397363465160076,1.0,0.9689320388349515,0.021319120586275817,0.0,0.9999986648847328,1.0,,,,,,,0,0.0,,,,0.0,2.0,0.0,1.0,1.0,0.0,
default,2,power_drift,Baseline-XGBoost,2000,0,0.341,,,,0.659,,,,,,,,,,0,,0.82,,0.0,,,,,,,
default,2,power_drift,Naive-Adaptive,2000,0,0.985,,,,0.015,,,,0.3898316948302634,0.2165237598473107,9.930353816625406,0.0,0.0,,1970,,0.016875,0.0,1.0,,,,,,,
default,2,power_drift,XGB+Physical,2000,0,0.3735,,,,0.6265,,,,5.24697951731657,9.913076104175312,0.0,0.0,0.0,,0,,0.773125,,0.0,,,,,,,
default,2,power_drift,Physically-Anchored-Adaptive,2000,0,0.962,,,,0.038,,,,0.3996503066393672,0.22106961969387331,9.93112403033742,0.0,0.0,,1924,,0.0375,0.0,1.0,,,,,,,
default,2,power_drift,XGB+StaticProfile,2000,0,0.384,,,,0.616,,,,5.24697951731657,9.913076104175312,0.0,0.0,0.0,,0,,0.768125,,0.0,,,,,,,
default,2,power_drift,Anchored-Update-Only,2000,0,0.987,,,,0.013,,,,0.3996503066393672,0.22106961969387331,9.93112403033742,0.0,0.0,,1924,,0.014375,0.0,1.0,,,,,,,
default,2,power_drift,Physical-Only,2000,0,0.9745,,,,0.0255,,,,,,,,,,0,,0.02375,0.0,1.0,,,,,,,
default,2,power_drift,Spatial-XGBoost,2000,0,0.8355,,,,0.1645,,,,,,,,,,0,,0.205625,,0.0,,,,,,,
default,2,power_drift,Sequential-Anchored,2000,0,0.962,,,,0.038,,,,0.3996503066393672,0.22106961969387331,9.93112403033742,0.0,0.0,,1924,,0.0375,0.0,1.0,0.0,,0.0,,,,
default,2,power_drift,Sequential-Anchored+Rollback,2000,0,0.962,,,,0.038,,,,0.3996503066393672,0.22106961969387331,9.93112403033742,0.0,0.0,,1924,,0.0375,0.0,1.0,0.0,,0.0,,,,
default,2,power_drift,Sequential-Anchored-Full,2000,0,0.962,,,,0.038,,,,0.3996503066393672,0.22106961969387331,9.93112403033742,0.0,0.0,,1924,,0.0375,0.0,1.0,0.0,,0.0,,,,
default,2,power_drift,Physical-Only+Sequential,2000,0,0.9745,,,,0.0255,,,,,,,,,,0,,0.02375,0.0,1.0,0.0,,0.0,,,,
default,2,power_matching_puea,Baseline-XGBoost,2000,449,0.8515,0.8584905660377359,0.4053452115812918,0.5506807866868382,0.019342359767891684,0.5946547884187082,0.9149395676903614,0.4053452115812918,,,,,,,0,5.0,,,,,,,,,,
default,2,power_matching_puea,Naive-Adaptive,2000,449,0.775,0.3333333333333333,0.0022271714922048997,0.004424778761061947,0.0012894906511927789,0.9977728285077951,0.9060940638915335,0.0022271714922048997,0.6206221488950692,0.6515743228318738,0.6082859927389173,0.3885869360624163,0.2790119605319822,0.9977728285077951,1997,5.0,,,,,,,,,,
default,2,power_matching_puea,XGB+Physical,2000,449,0.979,0.9144602851323829,1.0,0.9553191489361702,0.027079303675048357,0.0,1.0,1.0,0.26291516101878104,0.18944186379368716,0.0,0.0,0.0,,0,0.0,,,,,,,,,,
default,2,power_matching_puea,Physically-Anchored-Adaptive,2000,449,0.9795,0.9163265306122449,1.0,0.9563365282215122,0.026434558349451968,0.0,1.0,1.0,0.28945562311429135,0.23365983528926462,0.2851335122579741,0.0,0.0,0.0,1510,0.0,,,,,,,,,,
default,2,power_matching_puea,XGB+StaticProfile,2000,449,0.788,0.9310344827586207,0.060133630289532294,0.11297071129707113,0.0012894906511927789,0.9398663697104677,0.9140464015600251,0.060133630289532294,0.26291516101878104,0.18944186379368716,0.0,0.0,0.0,,0,71.0,,,,,,,,,,
default,2,power_matching_puea,Anchored-Update-Only,2000,449,0.789,0.9655172413793104,0.062360801781737196,0.11715481171548119,0.0006447453255963894,0.9376391982182628,0.9144355462888374,0.062360801781737196,0.28945562311429135,0.23365983528926462,0.2851335122579741,0.0,0.0,0.0,1510,71.0,,,,,,,,,,
default,2,power_matching_puea,Physical-Only,2000,449,0.98,0.918200408997955,1.0,0.9573560767590618,0.025789813023855575,0.0,1.0,1.0,,,,,,,0,0.0,,,,,,,,,,
default,2,power_matching_puea,Spatial-XGBoost,2000,449,0.999,0.9955654101995566,1.0,0.9977777777777778,0.0012894906511927789,0.0,1.0,1.0,,,,,,,0,0.0,,,,,,,,,,
default,2,power_matching_puea,Sequential-Anchored,2000,449,0.9785,0.9126016260162602,1.0,0.9543039319872476,0.027724049000644745,0.0,1.0,1.0,0.27339589820916227,0.2219762978022709,0.1879082501480279,0.0,0.0,0.0,494,0.0,,,,0.0,0.0,0.0,,,,
default,2,power_matching_puea,Sequential-Anchored+Rollback,2000,449,0.9785,0.9126016260162602,1.0,0.9543039319872476,0.027724049000644745,0.0,1.0,1.0,0.26618580849910917,0.21727701872962568,0.160078720407641,0.0,0.0,0.0,494,0.0,,,,0.0,0.0,3.0,,,,
default,2,power_matching_puea,Sequential-Anchored-Full,2000,449,0.9755,0.9016064257028112,1.0,0.9482576557550157,0.03159252095422308,0.0,1.0,1.0,0.28700442308634566,0.2343870767257972,0.2842999067848298,0.0,0.0,0.0,1497,0.0,,,,0.0,0.0,3.0,,,,
default,2,power_matching_puea,Physical-Only+Sequential,2000,449,0.9755,0.9016064257028112,1.0,0.9482576557550157,0.03159252095422308,0.0,1.0,1.0,,,,,,,0,0.0,,,,0.0,0.0,0.0,,,,
default,2,shadowing_drift,Baseline-XGBoost,2000,0,0.959,,,,0.041,,,,,,,,,,0,,0.048125,1143.0,1.0,,,,,,,
default,2,shadowing_drift,Naive-Adaptive,2000,0,0.9955,,,,0.0045,,,,0.3553191811148532,0.4068864264514657,1.2735450297012878,0.0,0.0,,1991,,0.005625,0.0,1.0,,,,,,,
default,2,shadowing_drift,XGB+Physical,2000,0,0.9595,,,,0.0405,,,,0.730018536768779,1.3663598902668141,0.0,0.0,0.0,,0,,0.04375,1143.0,1.0,,,,,,,
default,2,shadowing_drift,Physically-Anchored-Adaptive,2000,0,0.9715,,,,0.0285,,,,0.36106753604541086,0.4084675133284806,1.281632749140999,0.0,0.0,,1943,,0.02875,0.0,1.0,,,,,,,
default,2,shadowing_drift,XGB+StaticProfile,2000,0,0.9835,,,,0.0165,,,,0.730018536768779,1.3663598902668141,0.0,0.0,0.0,,0,,0.020625,0.0,1.0,,,,,,,
default,2,shadowing_drift,Anchored-Update-Only,2000,0,0.9955,,,,0.0045,,,,0.36106753604541086,0.4084675133284806,1.281632749140999,0.0,0.0,,1943,,0.005625,0.0,1.0,,,,,,,
default,2,shadowing_drift,Physical-Only,2000,0,0.976,,,,0.024,,,,,,,,,,0,,0.023125,0.0,1.0,,,,,,,
default,2,shadowing_drift,Spatial-XGBoost,2000,0,0.9915,,,,0.0085,,,,,,,,,,0,,0.010625,0.0,1.0,,,,,,,
default,2,shadowing_drift,Sequential-Anchored,2000,0,0.9715,,,,0.0285,,,,0.3599198894048441,0.40762233564483347,1.281659801181174,0.0,0.0,,1942,,0.02875,0.0,1.0,0.0005,,0.0,,,,
default,2,shadowing_drift,Sequential-Anchored+Rollback,2000,0,0.9715,,,,0.0285,,,,0.3606743182393025,0.41021749699871324,1.2833060523031747,0.0,0.0,,1942,,0.02875,0.0,1.0,0.0005,,1.0,,,,
default,2,shadowing_drift,Sequential-Anchored-Full,2000,0,0.9715,,,,0.0285,,,,0.3606743182393025,0.41021749699871324,1.2833060523031747,0.0,0.0,,1942,,0.02875,0.0,1.0,0.0005,,1.0,,,,
default,2,shadowing_drift,Physical-Only+Sequential,2000,0,0.976,,,,0.024,,,,,,,,,,0,,0.023125,0.0,1.0,0.0005,,0.0,,,,
default,2,slow_near_pu_poisoning,Baseline-XGBoost,2000,222,0.9565,0.8082191780821918,0.7972972972972973,0.802721088435374,0.023622047244094488,0.20270270270270271,0.933683965180028,0.7972972972972973,,,,,,,0,0.0,,,,,,,0.2857142857142857,1.0,0.2799999999999997,
default,2,slow_near_pu_poisoning,Naive-Adaptive,2000,222,0.973,0.9719101123595506,0.7792792792792793,0.865,0.00281214848143982,0.22072072072072071,0.9739407574053243,0.7792792792792793,0.32997409388660903,0.3222449187498351,0.2695641033988876,0.0799196819359567,0.0015906758378979,0.22072072072072071,1822,82.0,,,,,,,0.2222222222222222,1.0,0.4600000000000003,0.0489756632933308
default,2,slow_near_pu_poisoning,XGB+Physical,2000,222,0.9575,0.801762114537445,0.8198198198198198,0.8106904231625834,0.02530933633295838,0.18018018018018017,0.9580381844161371,0.8198198198198198,0.2641197915788902,0.1871152918327791,0.0,0.0,0.0,,0,9.0,,,,,,,0.36507936507936506,1.0,0.1999999999999999,0.0
default,2,slow_near_pu_poisoning,Physically-Anchored-Adaptive,2000,222,0.9595,0.8161434977578476,0.8198198198198198,0.8179775280898877,0.023059617547806523,0.18018018018018017,0.9580128497451331,0.8198198198198198,0.3140026155288532,0.3271785431216244,0.2850351023449643,0.0635358480945797,0.0011736048861906,0.18018018018018017,1777,9.0,,,,,,,0.36507936507936506,1.0,0.1999999999999999,0.0343634313925106
default,2,slow_near_pu_poisoning,XGB+StaticProfile,2000,222,0.9715,0.9459459459459459,0.7882882882882883,0.8599508599508601,0.00562429696287964,0.21171171171171171,0.9643389170948227,0.7882882882882883,0.2641197915788902,0.1871152918327791,0.0,0.0,0.0,,0,82.0,,,,,,,0.25396825396825395,1.0,0.3399999999999999,0.0
default,2,slow_near_pu_poisoning,Anchored-Update-Only,2000,222,0.9735,0.9720670391061452,0.7837837837837838,0.8678304239401495,0.00281214848143982,0.21621621621621623,0.9709309984900536,0.7837837837837838,0.31591434341747343,0.32690480594717497,0.2848478921972035,0.0421638272134048,0.0005963412340032,0.12162162162162163,1765,82.0,,,,,,,0.23809523809523808,1.0,0.4000000000000002,0.0174610137724564
default,2,slow_near_pu_poisoning,Physical-Only,2000,222,0.9585,0.8325358851674641,0.7837837837837838,0.8074245939675173,0.01968503937007874,0.21621621621621623,0.9502173714772141,0.7837837837837838,,,,,,,0,9.0,,,,,,,0.36507936507936506,0.949685534591195,0.1999999999999999,
default,2,slow_near_pu_poisoning,Spatial-XGBoost,2000,222,0.968,0.99375,0.7162162162162162,0.8324607329842932,0.0005624296962879641,0.28378378378378377,0.9813283474700798,0.7162162162162162,,,,,,,0,626.0,,,,,,,0.15873015873015872,0.9371069182389937,0.7200000000000003,
default,2,slow_near_pu_poisoning,Sequential-Anchored,2000,222,0.959,0.8125,0.8198198198198198,0.8161434977578474,0.023622047244094488,0.18018018018018017,0.9580103162780328,0.8198198198198198,0.31284900661719534,0.3413410974259945,0.2200615212239214,0.0538114152351461,0.0505053701877988,0.15315315315315314,1326,9.0,,,,0.0,40.0,0.0,0.36507936507936506,1.0,0.1999999999999999,0.0505053701877988
default,2,slow_near_pu_poisoning,Sequential-Anchored+Rollback,2000,222,0.9595,0.8161434977578476,0.8198198198198198,0.8179775280898877,0.023059617547806523,0.18018018018018017,0.9581699247053577,0.8198198198198198,0.3028224052078054,0.2051648865221421,0.1152737064721048,0.0626368805830748,0.0335236895354773,0.15315315315315314,1326,9.0,,,,0.0,40.0,16.0,0.36507936507936506,1.0,0.1999999999999999,0.0335236895354773
default,2,slow_near_pu_poisoning,Sequential-Anchored-Full,2000,222,0.959,0.8070175438596491,0.8288288288288288,0.8177777777777778,0.024746906636670417,0.17117117117117117,0.9597001388339972,0.8288288288288288,0.3117291018195367,0.3208237134005651,0.2752075077074842,0.0623484489780877,0.000822388958782,0.17117117117117117,1771,9.0,,,,0.0,40.0,16.0,0.3968253968253968,1.0,0.1999999999999999,0.0226755715917534
default,2,slow_near_pu_poisoning,Physical-Only+Sequential,2000,222,0.96,0.8256880733944955,0.8108108108108109,0.8181818181818182,0.021372328458942633,0.1891891891891892,0.955972141995764,0.8108108108108109,,,,,,,0,9.0,,,,0.0,40.0,0.0,0.3968253968253968,0.9748427672955975,0.1999999999999999,
default,2,stable,Baseline-XGBoost,2000,0,0.985,,,,0.015,,,,,,,,,,0,,,,,,,,,,,
default,2,stable,Naive-Adaptive,2000,0,0.9985,,,,0.0015,,,,0.3129699048118158,0.36905053410489475,0.249674987979407,0.0,0.0,,1997,,,,,,,,,,,
default,2,stable,XGB+Physical,2000,0,0.9815,,,,0.0185,,,,0.25468571628133446,0.22466789769532394,0.0,0.0,0.0,,0,,,,,,,,,,,
default,2,stable,Physically-Anchored-Adaptive,2000,0,0.982,,,,0.018,,,,0.3133010665344514,0.371876452176272,0.2516585470388239,0.0,0.0,,1964,,,,,,,,,,,
default,2,stable,XGB+StaticProfile,2000,0,0.9985,,,,0.0015,,,,0.25468571628133446,0.22466789769532394,0.0,0.0,0.0,,0,,,,,,,,,,,
default,2,stable,Anchored-Update-Only,2000,0,0.9985,,,,0.0015,,,,0.3133010665344514,0.371876452176272,0.2516585470388239,0.0,0.0,,1964,,,,,,,,,,,
default,2,stable,Physical-Only,2000,0,0.983,,,,0.017,,,,,,,,,,0,,,,,,,,,,,
default,2,stable,Spatial-XGBoost,2000,0,1.0,,,,0.0,,,,,,,,,,0,,,,,,,,,,,
default,2,stable,Sequential-Anchored,2000,0,0.982,,,,0.018,,,,0.3133010665344514,0.371876452176272,0.2516585470388239,0.0,0.0,,1964,,,,,0.0,,0.0,,,,
default,2,stable,Sequential-Anchored+Rollback,2000,0,0.982,,,,0.018,,,,0.3133010665344514,0.371876452176272,0.2516585470388239,0.0,0.0,,1964,,,,,0.0,,0.0,,,,
default,2,stable,Sequential-Anchored-Full,2000,0,0.982,,,,0.018,,,,0.3133010665344514,0.371876452176272,0.2516585470388239,0.0,0.0,,1964,,,,,0.0,,0.0,,,,
default,2,stable,Physical-Only+Sequential,2000,0,0.983,,,,0.017,,,,,,,,,,0,,,,,0.0,,0.0,,,,
default,2,stealthy_puea,Baseline-XGBoost,2000,222,0.4325,0.16160118606375093,0.9819819819819819,0.27753023551877787,0.6361079865016873,0.018018018018018018,0.8904744170492203,0.9819819819819819,,,,,,,0,8.0,0.8142235123367199,,0.0,,,,,,,
default,2,stealthy_puea,Naive-Adaptive,2000,222,0.888,0.4583333333333333,0.04954954954954955,0.08943089430894309,0.007311586051743532,0.9504504504504504,0.8341592436080625,0.04954954954954955,0.49314088001902145,0.4719615453558553,9.904507458805003,0.1916212201692958,0.1581279897465408,0.9504504504504504,1976,8.0,0.007982583454281567,0.0,1.0,,,,,,,
default,2,stealthy_puea,XGB+Physical,2000,222,0.461,0.17076923076923076,1.0,0.2917214191852825,0.6062992125984252,0.0,0.8054297266895692,1.0,5.2536706358219485,9.886858942561908,0.0,0.0,0.0,,0,0.0,0.7728592162554426,,0.0,,,,,,,
default,2,stealthy_puea,Physically-Anchored-Adaptive,2000,222,0.9705,0.7900355871886121,1.0,0.8827037773359842,0.033183352080989874,0.0,1.0,1.0,0.47657551581880536,0.2818874752780038,9.891987622508664,0.0,0.0,0.0,1719,0.0,0.03265602322206096,0.0,1.0,,,,,,,
default,2,stealthy_puea,XGB+StaticProfile,2000,222,0.463,0.16456692913385826,0.9414414414414415,0.2801608579088472,0.5967379077615298,0.05855855855855856,0.6986618226775707,0.9414414414414415,5.2536706358219485,9.886858942561908,0.0,0.0,0.0,,0,8.0,0.7692307692307693,,0.0,,,,,,,
default,2,stealthy_puea,Anchored-Update-Only,2000,222,0.9345,0.8760330578512396,0.4774774774774775,0.6180758017492711,0.00843644544431946,0.5225225225225225,0.9559962099332178,0.4774774774774775,0.47657551581880536,0.2818874752780038,9.891987622508664,0.0,0.0,0.0,1719,8.0,0.009433962264150943,0.0,1.0,,,,,,,
default,2,stealthy_puea,Physical-Only,2000,222,0.978,0.8345864661654135,1.0,0.9098360655737704,0.024746906636670417,0.0,1.0,1.0,,,,,,,0,0.0,0.023222060957910014,0.0,1.0,,,,,,,
default,2,stealthy_puea,Spatial-XGBoost,2000,222,0.8545,0.4327485380116959,1.0,0.6040816326530613,0.16366704161979753,0.0,0.9968280991903039,1.0,,,,,,,0,0.0,0.2111756168359942,,0.0,,,,,,,
default,2,stealthy_puea,Sequential-Anchored,2000,222,0.4965,0.18063466232709519,1.0,0.3059958649207443,0.5663667041619798,0.0,0.9343553339616332,1.0,4.9720730640874375,9.493487949632271,0.4486671013139556,0.0,0.0,0.0,503,0.0,0.7206095791001451,,0.0,0.0,0.0,0.0,,,,
default,2,stealthy_puea,Sequential-Anchored+Rollback,2000,222,0.4855,0.1774580335731415,1.0,0.3014256619144603,0.5787401574803149,0.0,0.9042349436050223,1.0,5.088831084947147,9.65222039370443,0.3176958110791069,0.0,0.0,0.0,503,0.0,0.7365747460087083,,0.0,0.0,0.0,6.0,,,,
default,2,stealthy_puea,Sequential-Anchored-Full,2000,222,0.9645,0.757679180887372,1.0,0.8621359223300971,0.03993250843644545,0.0,1.0,1.0,0.500322896447478,0.28338055325137945,9.889984077730398,0.0,0.0,0.0,1701,0.0,0.041364296081277216,0.0,1.0,0.0,0.0,6.0,,,,
default,2,stealthy_puea,Physical-Only+Sequential,2000,222,0.9715,0.7956989247311828,1.0,0.8862275449101796,0.032058492688413945,0.0,1.0,1.0,,,,,,,0,0.0,0.03265602322206096,0.0,1.0,0.0,0.0,0.0,,,,
default,3,basic_puea,Baseline-XGBoost,2000,458,0.9835,0.9327902240325866,1.0,0.9652265542676502,0.021400778210116732,0.0,1.0,1.0,,,,,,,0,0.0,,,,,,,,,,
default,3,basic_puea,Naive-Adaptive,2000,458,0.996,0.9828326180257511,1.0,0.9913419913419913,0.005188067444876783,0.0,1.0,1.0,0.3301088051884096,0.3485311771067194,0.3360614361224431,0.0,0.0,0.0,1534,0.0,,,,,,,,,,
default,3,basic_puea,XGB+Physical,2000,458,0.989,0.9541666666666667,1.0,0.9765458422174841,0.014267185473411154,0.0,1.0,1.0,0.32217454309633065,0.41514741978786873,0.0,0.0,0.0,,0,0.0,,,,,,,,,,
default,3,basic_puea,Physically-Anchored-Adaptive,2000,458,0.9895,0.9561586638830898,1.0,0.9775880469583779,0.013618677042801557,0.0,1.0,1.0,0.33050798225517,0.3443018097938532,0.3315840405360035,0.0,0.0,0.0,1521,0.0,,,,,,,,,,
default,3,basic_puea,XGB+StaticProfile,2000,458,0.996,0.9828326180257511,1.0,0.9913419913419913,0.005188067444876783,0.0,1.0,1.0,0.32217454309633065,0.41514741978786873,0.0,0.0,0.0,,0,0.0,,,,,,,,,,
default,3,basic_puea,Anchored-Update-Only,2000,458,0.996,0.9828326180257511,1.0,0.9913419913419913,0.005188067444876783,0.0,1.0,1.0,0.33050798225517,0.3443018097938532,0.3315840405360035,0.0,0.0,0.0,1521,0.0,,,,,,,,,,
default,3,basic_puea,Physical-Only,2000,458,0.9925,0.9682875264270613,1.0,0.9838882921589689,0.009727626459143969,0.0,1.0,1.0,,,,,,,0,0.0,,,,,,,,,,
default,3,basic_puea,Spatial-XGBoost,2000,458,0.9995,0.9978213507625272,1.0,0.9989094874591058,0.0006485084306095979,0.0,1.0,1.0,,,,,,,0,0.0,,,,,,,,,,
default,3,basic_puea,Sequential-Anchored,2000,458,0.9895,0.9561586638830898,1.0,0.9775880469583779,0.013618677042801557,0.0,1.0,1.0,0.3593948045538019,0.37301283491671033,0.1900292581509884,0.0,0.0,0.0,491,0.0,,,,0.0,0.0,0.0,,,,
default,3,basic_puea,Sequential-Anchored+Rollback,2000,458,0.9895,0.9561586638830898,1.0,0.9775880469583779,0.013618677042801557,0.0,1.0,1.0,0.3759125451047525,0.3930303973377166,0.2325038840544657,0.0,0.0,0.0,491,0.0,,,,0.0,0.0,1.0,,,,
default,3,basic_puea,Sequential-Anchored-Full,2000,458,0.988,0.950207468879668,1.0,0.9744680851063829,0.01556420233463035,0.0,0.9999929202136396,1.0,0.33073822158950805,0.313487594439794,0.2831744828394996,0.0,0.0,0.0,1504,0.0,,,,0.0,0.0,1.0,,,,
default,3,basic_puea,Physical-Only+Sequential,2000,458,0.991,0.9621848739495799,1.0,0.9807280513918629,0.011673151750972763,0.0,0.9999929202136396,1.0,,,,,,,0,0.0,,,,0.0,0.0,0.0,,,,
default,3,combined_drift,Baseline-XGBoost,2000,0,0.4305,,,,0.5695,,,,,,,,,,0,,0.70375,,0.0,,,,,,,
default,3,combined_drift,Naive-Adaptive,2000,0,0.9865,,,,0.0135,,,,1.7810235154527754,0.3422848702838166,60.84502708719411,0.0,0.0,,1973,,0.016875,0.0,1.0,,,,,,,
default,3,combined_drift,XGB+Physical,2000,0,0.4365,,,,0.5635,,,,32.110843952449194,61.1096266057856,0.0,0.0,0.0,,0,,0.703125,,0.0,,,,,,,
default,3,combined_drift,Physically-Anchored-Adaptive,2000,0,0.9815,,,,0.0185,,,,1.7970111149583672,0.3419798308622062,60.84498863906749,0.0,0.0,,1963,,0.021875,0.0,1.0,,,,,,,
default,3,combined_drift,XGB+StaticProfile,2000,0,0.4375,,,,0.5625,,,,32.110843952449194,61.1096266057856,0.0,0.0,0.0,,0,,0.703125,,0.0,,,,,,,
default,3,combined_drift,Anchored-Update-Only,2000,0,0.9865,,,,0.0135,,,,1.7970111149583672,0.3419798308622062,60.84498863906749,0.0,0.0,,1963,,0.016875,0.0,1.0,,,,,,,
default,3,combined_drift,Physical-Only,2000,0,0.995,,,,0.005,,,,,,,,,,0,,0.005,0.0,1.0,,,,,,,
default,3,combined_drift,Spatial-XGBoost,2000,0,0.966,,,,0.034,,,,,,,,,,0,,0.0425,1531.0,1.0,,,,,,,
default,3,combined_drift,Sequential-Anchored,2000,0,0.9815,,,,0.0185,,,,1.7970111149583672,0.3419798308622062,60.84498863906749,0.0,0.0,,1963,,0.021875,0.0,1.0,0.0,,0.0,,,,
default,3,combined_drift,Sequential-Anchored+Rollback,2000,0,0.9815,,,,0.0185,,,,1.7970111149583672,0.3419798308622062,60.84498863906749,0.0,0.0,,1963,,0.021875,0.0,1.0,0.0,,0.0,,,,
default,3,combined_drift,Sequential-Anchored-Full,2000,0,0.9815,,,,0.0185,,,,1.7970111149583672,0.3419798308622062,60.84498863906749,0.0,0.0,,1963,,0.021875,0.0,1.0,0.0,,0.0,,,,
default,3,combined_drift,Physical-Only+Sequential,2000,0,0.995,,,,0.005,,,,,,,,,,0,,0.005,0.0,1.0,0.0,,0.0,,,,
default,3,gradual_puea,Baseline-XGBoost,2000,455,0.9205,0.9352941176470588,0.6989010989010989,0.8,0.01423948220064725,0.3010989010989011,0.9095686190831822,0.6989010989010989,,,,,,,0,0.0,,,,,,,,,,
default,3,gradual_puea,Naive-Adaptive,2000,455,0.8795,0.9953703703703703,0.4725274725274725,0.6408345752608047,0.0006472491909385113,0.5274725274725275,0.9047533696077386,0.4725274725274725,0.4674581545000265,0.7086320470817951,0.8297003054007679,0.344537779803654,0.3287823207173304,0.5274725274725275,1784,0.0,,,,,,,,,,
default,3,gradual_puea,XGB+Physical,2000,455,0.9965,0.9848484848484849,1.0,0.9923664122137404,0.004530744336569579,0.0,1.0,1.0,0.3042204978445367,0.3419682796867444,0.0,0.0,0.0,,0,0.0,,,,,,,,,,
default,3,gradual_puea,Physically-Anchored-Adaptive,2000,455,0.997,0.9869848156182213,1.0,0.9934497816593887,0.003883495145631068,0.0,1.0,1.0,0.32556956413855836,0.39342827605984404,0.1630070345594816,0.0,0.0,0.0,1539,0.0,,,,,,,,,,
default,3,gradual_puea,XGB+StaticProfile,2000,455,0.9125,0.9929577464788732,0.6197802197802198,0.7631935047361299,0.0012944983818770227,0.3802197802197802,0.9101518546178742,0.6197802197802198,0.3042204978445367,0.3419682796867444,0.0,0.0,0.0,,0,0.0,,,,,,,,,,
default,3,gradual_puea,Anchored-Update-Only,2000,455,0.9125,0.9964539007092199,0.6175824175824176,0.7625508819538671,0.0006472491909385113,0.3824175824175824,0.9100679256019062,0.6175824175824176,0.32556956413855836,0.39342827605984404,0.1630070345594816,0.0,0.0,0.0,1539,0.0,,,,,,,,,,
default,3,gradual_puea,Physical-Only,2000,455,0.9975,0.9891304347826086,1.0,0.994535519125683,0.003236245954692557,0.0,1.0,1.0,,,,,,,0,0.0,,,,,,,,,,
default,3,gradual_puea,Spatial-XGBoost,2000,455,0.9995,1.0,0.9978021978021978,0.9988998899889989,0.0,0.002197802197802198,0.9999871972687506,0.9978021978021978,,,,,,,0,0.0,,,,,,,,,,
default,3,gradual_puea,Sequential-Anchored,2000,455,0.9965,0.9848484848484849,1.0,0.9923664122137404,0.004530744336569579,0.0,1.0,1.0,0.3274156201744855,0.3603365508403831,0.2048781231846104,0.0,0.0,0.0,501,0.0,,,,0.0,0.0,0.0,,,,
default,3,gradual_puea,Sequential-Anchored+Rollback,2000,455,0.9965,0.9848484848484849,1.0,0.9923664122137404,0.004530744336569579,0.0,1.0,1.0,0.3211926595123492,0.3464490574396521,0.2112662693747357,0.0,0.0,0.0,501,0.0,,,,0.0,0.0,2.0,,,,
default,3,gradual_puea,Sequential-Anchored-Full,2000,455,0.9935,0.9722222222222222,1.0,0.9859154929577464,0.008414239482200648,0.0,1.0,1.0,0.33052404531607227,0.3939156996549197,0.1635278815955028,0.0,0.0,0.0,1522,0.0,,,,0.0,0.0,2.0,,,,
default,3,gradual_puea,Physical-Only+Sequential,2000,455,0.994,0.974304068522484,1.0,0.9869848156182213,0.007766990291262136,0.0,1.0,1.0,,,,,,,0,0.0,,,,0.0,0.0,0.0,,,,
default,3,near_pu_poisoning,Baseline-XGBoost,2000,528,0.8605,0.9108910891089109,0.5227272727272727,0.6642599277978339,0.018342391304347828,0.4772727272727273,0.8454753890810276,0.5227272727272727,,,,,,,0,44.0,,,,,,,0.328,1.0,0.2999999999999986,
default,3,near_pu_poisoning,Naive-Adaptive,2000,528,0.7475,0.896551724137931,0.04924242424242424,0.0933572710951526,0.0020380434782608695,0.9507575757575758,0.9593497817852437,0.04924242424242424,2.835452462763703,3.8624831556157226,3.8022864368983664,0.3653734335236896,0.2993375926046211,0.9507575757575758,1971,66.0,,,,,,,0.06666666666666667,0.006535947712418301,1.0,0.3408353722584927
default,3,near_pu_poisoning,XGB+Physical,2000,528,0.8645,0.9415807560137457,0.5189393939393939,0.6691086691086692,0.01154891304347826,0.4810606060606061,0.9193699048913044,0.5189393939393939,0.2978783137216717,0.22156662900997573,0.0,0.0,0.0,,0,23.0,,,,,,,0.32266666666666666,1.0,0.3199999999999984,0.0
default,3,near_pu_poisoning,Physically-Anchored-Adaptive,2000,528,0.865,0.951048951048951,0.5151515151515151,0.6683046683046683,0.009510869565217392,0.48484848484848486,0.9419659399703558,0.5151515151515151,0.7265360338755457,0.23369204302205862,0.2153093023763611,0.286876012574189,0.008144848119193,0.48484848484848486,1714,23.0,,,,,,,0.31733333333333336,1.0,0.5200000000000029,0.2584497096886568
default,3,near_pu_poisoning,XGB+StaticProfile,2000,528,0.8695,0.978494623655914,0.5170454545454546,0.6765799256505577,0.004076086956521739,0.48295454545454547,0.9319545660408433,0.5170454545454546,0.2978783137216717,0.22156662900997573,0.0,0.0,0.0,,0,66.0,,,,,,,0.32,1.0,0.3399999999999991,0.0
default,3,near_pu_poisoning,Anchored-Update-Only,2000,528,0.8665,0.9887640449438202,0.5,0.6641509433962264,0.0020380434782608695,0.5,0.9851933053359684,0.5,0.6625995417205327,0.23671546732444504,0.2139172315619757,0.197223323142521,0.0032791624517776,0.2215909090909091,1575,66.0,,,,,,,0.2986666666666667,0.9934640522875817,1.0,0.1040533317848824
default,3,near_pu_poisoning,Physical-Only,2000,528,0.858,0.9586466165413534,0.48295454545454547,0.6423173803526449,0.007472826086956522,0.5170454545454546,0.9207864995059287,0.48295454545454547,,,,,,,0,23.0,,,,,,,0.31733333333333336,0.8888888888888888,0.5600000000000014,
default,3,near_pu_poisoning,Spatial-XGBoost,2000,528,0.8685,0.9962546816479401,0.5037878787878788,0.6691823899371069,0.0006793478260869565,0.4962121212121212,0.988860239624506,0.5037878787878788,,,,,,,0,102.0,,,,,,,0.30666666666666664,0.9869281045751634,0.7800000000000005,
default,3,near_pu_poisoning,Sequential-Anchored,2000,528,0.8655,0.9480968858131488,0.5189393939393939,0.6707466340269278,0.010190217391304348,0.4810606060606061,0.9197726243412385,0.5189393939393939,0.32961301943619803,0.2702606852488168,0.2554950990782272,0.0906097062813504,0.0897036092185369,0.022727272727272728,358,23.0,,,,0.0,61.0,0.0,0.32266666666666666,1.0,0.3199999999999987,0.0897036092185369
default,3,near_pu_poisoning,Sequential-Anchored+Rollback,2000,528,0.8645,0.9415807560137457,0.5189393939393939,0.6691086691086692,0.01154891304347826,0.4810606060606061,0.9116062973484848,0.5189393939393939,0.2884046918956518,0.21853089893600988,0.2449036136229004,0.0906097062813504,0.0439666927309752,0.022727272727272728,358,23.0,,,,0.0,61.0,1.0,0.32266666666666666,1.0,0.2999999999999984,0.0439666927309752
default,3,near_pu_poisoning,Sequential-Anchored-Full,2000,528,0.866,0.9193548387096774,0.5397727272727273,0.6801909307875895,0.016983695652173912,0.4602272727272727,0.9161918951745718,0.5397727272727273,0.3190227194309201,0.24812427980659607,0.2272267508821233,0.1922805829808338,0.0053655930555676,0.4602272727272727,1690,23.0,,,,0.0,61.0,1.0,0.352,1.0,0.2199999999999999,0.1527289943461063
default,3,near_pu_poisoning,Physical-Only+Sequential,2000,528,0.8685,0.9372937293729373,0.5378787878787878,0.6835138387484958,0.012907608695652174,0.4621212121212121,0.9157415699110671,0.5378787878787878,,,,,,,0,23.0,,,,0.0,61.0,0.0,0.352,0.9934640522875817,0.2399999999999999,
default,3,noise_drift,Baseline-XGBoost,2000,0,0.5595,,,,0.4405,,,,,,,,,,0,,0.543125,,0.0,,,,,,,
default,3,noise_drift,Naive-Adaptive,2000,0,0.9945,,,,0.0055,,,,2.1542410775539094,0.2809596548758866,80.76576384212717,0.0,0.0,,1989,,0.005625,0.0,1.0,,,,,,,
default,3,noise_drift,XGB+Physical,2000,0,0.5595,,,,0.4405,,,,42.47664470700549,80.82125950392823,0.0,0.0,0.0,,0,,0.545,,0.0,,,,,,,
default,3,noise_drift,Physically-Anchored-Adaptive,2000,0,0.9855,,,,0.0145,,,,2.1861517458437496,0.28420431721137246,80.76776445708148,0.0,0.0,,1971,,0.013125,0.0,1.0,,,,,,,
default,3,noise_drift,XGB+StaticProfile,2000,0,0.5645,,,,0.4355,,,,42.47664470700549,80.82125950392823,0.0,0.0,0.0,,0,,0.5425,,0.0,,,,,,,
default,3,noise_drift,Anchored-Update-Only,2000,0,0.9945,,,,0.0055,,,,2.1861517458437496,0.28420431721137246,80.76776445708148,0.0,0.0,,1971,,0.005625,0.0,1.0,,,,,,,
default,3,noise_drift,Physical-Only,2000,0,0.991,,,,0.009,,,,,,,,,,0,,0.0075,0.0,1.0,,,,,,,
default,3,noise_drift,Spatial-XGBoost,2000,0,1.0,,,,0.0,,,,,,,,,,0,,0.0,0.0,1.0,,,,,,,
default,3,noise_drift,Sequential-Anchored,2000,0,0.9855,,,,0.0145,,,,2.1861517458437496,0.28420431721137246,80.76776445708148,0.0,0.0,,1971,,0.013125,0.0,1.0,0.0,,0.0,,,,
default,3,noise_drift,Sequential-Anchored+Rollback,2000,0,0.9855,,,,0.0145,,,,2.1861517458437496,0.28420431721137246,80.76776445708148,0.0,0.0,,1971,,0.013125,0.0,1.0,0.0,,0.0,,,,
default,3,noise_drift,Sequential-Anchored-Full,2000,0,0.9855,,,,0.0145,,,,2.1861517458437496,0.28420431721137246,80.76776445708148,0.0,0.0,,1971,,0.013125,0.0,1.0,0.0,,0.0,,,,
default,3,noise_drift,Physical-Only+Sequential,2000,0,0.991,,,,0.009,,,,,,,,,,0,,0.0075,0.0,1.0,0.0,,0.0,,,,
default,3,poisoning,Baseline-XGBoost,2000,519,0.8605,0.8896103896103896,0.5279383429672447,0.6626360338573156,0.022957461174881837,0.4720616570327553,0.8852556271539694,0.5279383429672447,,,,,,,0,47.0,,,,,,,0.3269230769230769,1.0,0.2999999999999975,
default,3,poisoning,Naive-Adaptive,2000,519,0.7715,1.0,0.11946050096339114,0.2134251290877797,0.0,0.8805394990366089,0.973428358436145,0.11946050096339114,2.0322346208269777,3.268757642979563,3.334111933937741,0.3610307599665844,0.3108580771988187,0.8805394990366089,1938,59.0,,,,,,,0.16758241758241757,0.0064516129032258064,1.0,0.2917877442893413
default,3,poisoning,XGB+Physical,2000,519,0.9925,0.9736842105263158,0.9980732177263969,0.9857278782112275,0.009453072248480757,0.0019267822736030828,0.9999102309406626,0.9980732177263969,0.2808903875443789,0.2923894350934136,0.0,0.0,0.0,,0,0.0,,,,,,,0.9972527472527473,1.0,0.02,0.0
default,3,poisoning,Physically-Anchored-Adaptive,2000,519,0.992,0.9718574108818011,0.9980732177263969,0.9847908745247147,0.01012829169480081,0.0019267822736030828,0.9999102309406626,0.9980732177263969,0.29085801617796925,0.34066114870097297,0.2125246628223621,0.01,0.0002656472043048,0.0019267822736030828,1467,0.0,,,,,,,0.9972527472527473,1.0,0.02,0.0077782135939914
default,3,poisoning,XGB+StaticProfile,2000,519,0.876,0.9927272727272727,0.5260115606936416,0.6876574307304785,0.0013504388926401081,0.47398843930635837,0.9433049845245949,0.5260115606936416,0.2808903875443789,0.2923894350934136,0.0,0.0,0.0,,0,59.0,,,,,,,0.3241758241758242,1.0,0.3400000000000008,0.0
default,3,poisoning,Anchored-Update-Only,2000,519,0.8755,0.9891304347826086,0.5260115606936416,0.6867924528301887,0.002025658338960162,0.47398843930635837,0.9440569630216524,0.5260115606936416,0.29087719327757006,0.3413707254107167,0.2129262471139736,0.0,0.0,0.0,1466,59.0,,,,,,,0.3241758241758242,1.0,0.3400000000000009,0.0
default,3,poisoning,Physical-Only,2000,519,0.9935,0.9773584905660377,0.9980732177263969,0.9876072449952336,0.008102633355840648,0.0019267822736030828,0.9999193379466824,0.9980732177263969,,,,,,,0,0.0,,,,,,,0.9972527472527473,1.0,0.02,
default,3,poisoning,Spatial-XGBoost,2000,519,0.989,0.9979959919839679,0.9595375722543352,0.9783889980353635,0.0006752194463200541,0.04046242774566474,0.9998607929079841,0.9595375722543352,,,,,,,0,0.0,,,,,,,0.9423076923076923,1.0,0.02,
default,3,poisoning,Sequential-Anchored,2000,519,0.9905,0.9664179104477612,0.9980732177263969,0.9819905213270141,0.012153950033760972,0.0019267822736030828,0.999899822933783,0.9980732177263969,0.24990549694726877,0.26135885247907154,0.1888305533840352,0.0,0.0,0.0,300,0.0,,,,0.0,0.0,0.0,0.9972527472527473,1.0,0.02,0.0
default,3,poisoning,Sequential-Anchored+Rollback,2000,519,0.9905,0.9664179104477612,0.9980732177263969,0.9819905213270141,0.012153950033760972,0.0019267822736030828,0.999899822933783,0.9980732177263969,0.25969924416830187,0.2670197028494233,0.1998561117307027,0.0,0.0,0.0,300,0.0,,,,0.0,0.0,1.0,0.9972527472527473,1.0,0.02,0.0
default,3,poisoning,Sequential-Anchored-Full,2000,519,0.9855,0.9470802919708029,1.0,0.9728209934395502,0.019581363943281565,0.0,1.0,1.0,0.2907817213593139,0.3521398925644245,0.2134407400017803,0.0,0.0,0.0,1440,0.0,,,,0.0,0.0,1.0,1.0,1.0,0.0,0.0
default,3,poisoning,Physical-Only+Sequential,2000,519,0.987,0.9522935779816514,1.0,0.9755639097744361,0.017555705604321403,0.0,1.0,1.0,,,,,,,0,0.0,,,,0.0,0.0,0.0,1.0,1.0,0.0,
default,3,power_drift,Baseline-XGBoost,2000,0,0.3415,,,,0.6585,,,,,,,,,,0,,0.8175,,0.0,,,,,,,
default,3,power_drift,Naive-Adaptive,2000,0,0.9895,,,,0.0105,,,,0.4129584295250636,0.2855421956432759,9.573646378601673,0.0,0.0,,1979,,0.011875,0.0,1.0,,,,,,,
default,3,power_drift,XGB+Physical,2000,0,0.378,,,,0.622,,,,5.159990895368017,9.699931751448124,0.0,0.0,0.0,,0,,0.774375,,0.0,,,,,,,
default,3,power_drift,Physically-Anchored-Adaptive,2000,0,0.9815,,,,0.0185,,,,0.41491255476910854,0.27515004441417856,9.582775809752576,0.0,0.0,,1963,,0.019375,0.0,1.0,,,,,,,
default,3,power_drift,XGB+StaticProfile,2000,0,0.382,,,,0.618,,,,5.159990895368017,9.699931751448124,0.0,0.0,0.0,,0,,0.771875,,0.0,,,,,,,
default,3,power_drift,Anchored-Update-Only,2000,0,0.9895,,,,0.0105,,,,0.41491255476910854,0.27515004441417856,9.582775809752576,0.0,0.0,,1963,,0.011875,0.0,1.0,,,,,,,
default,3,power_drift,Physical-Only,2000,0,0.9915,,,,0.0085,,,,,,,,,,0,,0.008125,0.0,1.0,,,,,,,
default,3,power_drift,Spatial-XGBoost,2000,0,0.7815,,,,0.2185,,,,,,,,,,0,,0.273125,,0.0,,,,,,,
default,3,power_drift,Sequential-Anchored,2000,0,0.9815,,,,0.0185,,,,0.41491255476910854,0.27515004441417856,9.582775809752576,0.0,0.0,,1963,,0.019375,0.0,1.0,0.0,,0.0,,,,
default,3,power_drift,Sequential-Anchored+Rollback,2000,0,0.9815,,,,0.0185,,,,0.41491255476910854,0.27515004441417856,9.582775809752576,0.0,0.0,,1963,,0.019375,0.0,1.0,0.0,,0.0,,,,
default,3,power_drift,Sequential-Anchored-Full,2000,0,0.9815,,,,0.0185,,,,0.41491255476910854,0.27515004441417856,9.582775809752576,0.0,0.0,,1963,,0.019375,0.0,1.0,0.0,,0.0,,,,
default,3,power_drift,Physical-Only+Sequential,2000,0,0.9915,,,,0.0085,,,,,,,,,,0,,0.008125,0.0,1.0,0.0,,0.0,,,,
default,3,power_matching_puea,Baseline-XGBoost,2000,451,0.8945,0.8896103896103896,0.6075388026607539,0.7220026350461133,0.02194964493221433,0.3924611973392461,0.9400170913499734,0.6075388026607539,,,,,,,0,0.0,,,,,,,,,,
default,3,power_matching_puea,Naive-Adaptive,2000,451,0.787,0.8787878787878788,0.06430155210643015,0.11983471074380164,0.0025823111684958036,0.9356984478935698,0.9236858340764872,0.06430155210643015,1.0205699903597445,1.4224311176059594,1.414316830101694,0.3900520268962008,0.3502103868275584,0.9356984478935698,1967,0.0,,,,,,,,,,
default,3,power_matching_puea,XGB+Physical,2000,451,0.9895,0.9555084745762712,1.0,0.9772481040086674,0.01355713363460297,0.0,1.0,1.0,0.3169688021222218,0.30046150633923235,0.0,0.0,0.0,,0,0.0,,,,,,,,,,
default,3,power_matching_puea,Physically-Anchored-Adaptive,2000,451,0.9905,0.9595744680851064,1.0,0.9793702497285559,0.012265978050355068,0.0,1.0,1.0,0.3204675964711929,0.2616436996642503,0.1253178777810437,0.0,0.0,0.0,1530,0.0,,,,,,,,,,
default,3,power_matching_puea,XGB+StaticProfile,2000,451,0.899,0.9662921348314607,0.5720620842572062,0.7186629526462396,0.005810200129115558,0.4279379157427938,0.9480660579245032,0.5720620842572062,0.3169688021222218,0.30046150633923235,0.0,0.0,0.0,,0,0.0,,,,,,,,,,
default,3,power_matching_puea,Anchored-Update-Only,2000,451,0.9015,0.9738805970149254,0.5787139689578714,0.726008344923505,0.004519044544867657,0.4212860310421286,0.9483008134852754,0.5787139689578714,0.3204675964711929,0.2616436996642503,0.1253178777810437,0.0,0.0,0.0,1530,0.0,,,,,,,,,,
default,3,power_matching_puea,Physical-Only,2000,451,0.9935,0.9719827586206896,1.0,0.985792349726776,0.008392511297611363,0.0,1.0,1.0,,,,,,,0,0.0,,,,,,,,,,
default,3,power_matching_puea,Spatial-XGBoost,2000,451,0.9995,0.9977876106194691,1.0,0.9988925802879292,0.0006455777921239509,0.0,1.0,1.0,,,,,,,0,0.0,,,,,,,,,,
default,3,power_matching_puea,Sequential-Anchored,2000,451,0.9905,0.9595744680851064,1.0,0.9793702497285559,0.012265978050355068,0.0,1.0,1.0,0.2928072867979142,0.23126877428724538,0.2117129756161551,0.0,0.0,0.0,497,0.0,,,,0.0,0.0,0.0,,,,
default,3,power_matching_puea,Sequential-Anchored+Rollback,2000,451,0.9905,0.9595744680851064,1.0,0.9793702497285559,0.012265978050355068,0.0,1.0,1.0,0.3010872594888567,0.22763541778313776,0.1526417285182233,0.0,0.0,0.0,497,0.0,,,,0.0,0.0,1.0,,,,
default,3,power_matching_puea,Sequential-Anchored-Full,2000,451,0.9875,0.9474789915966386,1.0,0.9730312837108953,0.016139444803098774,0.0,0.9999613512186534,1.0,0.3260026264252576,0.2736190776758377,0.1302555315724821,0.0,0.0,0.0,1510,0.0,,,,0.0,0.0,1.0,,,,
default,3,power_matching_puea,Physical-Only+Sequential,2000,451,0.9905,0.9595744680851064,1.0,0.9793702497285559,0.012265978050355068,0.0,0.9999613512186534,1.0,,,,,,,0,0.0,,,,0.0,0.0,0.0,,,,
default,3,shadowing_drift,Baseline-XGBoost,2000,0,0.933,,,,0.067,,,,,,,,,,0,,0.073125,1584.0,1.0,,,,,,,
default,3,shadowing_drift,Naive-Adaptive,2000,0,0.9915,,,,0.0085,,,,0.37266352779302564,0.3861432126495621,1.469739230469739,0.0,0.0,,1983,,0.01,0.0,1.0,,,,,,,
default,3,shadowing_drift,XGB+Physical,2000,0,0.9565,,,,0.0435,,,,0.8513218190045003,1.530706864259164,0.0,0.0,0.0,,0,,0.0525,927.0,1.0,,,,,,,
default,3,shadowing_drift,Physically-Anchored-Adaptive,2000,0,0.983,,,,0.017,,,,0.3727997841870592,0.38685071909900076,1.4894724250421485,0.0,0.0,,1966,,0.019375,0.0,1.0,,,,,,,
default,3,shadowing_drift,XGB+StaticProfile,2000,0,0.9645,,,,0.0355,,,,0.8513218190045003,1.530706864259164,0.0,0.0,0.0,,0,,0.043125,0.0,1.0,,,,,,,
default,3,shadowing_drift,Anchored-Update-Only,2000,0,0.991,,,,0.009,,,,0.3727997841870592,0.38685071909900076,1.4894724250421485,0.0,0.0,,1966,,0.01,0.0,1.0,,,,,,,
default,3,shadowing_drift,Physical-Only,2000,0,0.992,,,,0.008,,,,,,,,,,0,,0.009375,0.0,1.0,,,,,,,
default,3,shadowing_drift,Spatial-XGBoost,2000,0,0.991,,,,0.009,,,,,,,,,,0,,0.010625,0.0,1.0,,,,,,,
default,3,shadowing_drift,Sequential-Anchored,2000,0,0.983,,,,0.017,,,,0.3727997841870592,0.38685071909900076,1.4894724250421485,0.0,0.0,,1966,,0.019375,0.0,1.0,0.0,,0.0,,,,
default,3,shadowing_drift,Sequential-Anchored+Rollback,2000,0,0.983,,,,0.017,,,,0.3727997841870592,0.38685071909900076,1.4894724250421485,0.0,0.0,,1966,,0.019375,0.0,1.0,0.0,,0.0,,,,
default,3,shadowing_drift,Sequential-Anchored-Full,2000,0,0.983,,,,0.017,,,,0.3727997841870592,0.38685071909900076,1.4894724250421485,0.0,0.0,,1966,,0.019375,0.0,1.0,0.0,,0.0,,,,
default,3,shadowing_drift,Physical-Only+Sequential,2000,0,0.992,,,,0.008,,,,,,,,,,0,,0.009375,0.0,1.0,0.0,,0.0,,,,
default,3,slow_near_pu_poisoning,Baseline-XGBoost,2000,250,0.949,0.8109243697478992,0.772,0.7909836065573771,0.025714285714285714,0.228,0.9147497142857143,0.772,,,,,,,0,93.0,,,,,,,0.3132530120481928,1.0,0.2599999999999999,
default,3,slow_near_pu_poisoning,Naive-Adaptive,2000,250,0.9685,0.9844559585492227,0.76,0.8577878103837472,0.0017142857142857142,0.24,0.9577439999999999,0.76,0.29244463369888973,0.23050913485228375,0.3344094272761291,0.0836102760365212,0.0019242604908382,0.24,1807,232.0,,,,,,,0.27710843373493976,1.0,0.4000000000000004,0.0530456341605793
default,3,slow_near_pu_poisoning,XGB+Physical,2000,250,0.9605,0.9052132701421801,0.764,0.8286334056399132,0.011428571428571429,0.236,0.9489988571428571,0.764,0.28659039953871035,0.2850105161830401,0.0,0.0,0.0,,0,95.0,,,,,,,0.2891566265060241,1.0,0.2599999999999994,0.0
default,3,slow_near_pu_poisoning,Physically-Anchored-Adaptive,2000,250,0.961,0.9095238095238095,0.764,0.8304347826086955,0.010857142857142857,0.236,0.954256,0.764,0.2816066342264158,0.23388188246590513,0.3196249361221865,0.0846907868504849,0.0020593775890221,0.236,1790,95.0,,,,,,,0.2891566265060241,1.0,0.32,0.0550842383559415
default,3,slow_near_pu_poisoning,XGB+StaticProfile,2000,250,0.9685,0.9794871794871794,0.764,0.8584269662921349,0.002285714285714286,0.236,0.9436822857142857,0.764,0.28659039953871035,0.2850105161830401,0.0,0.0,0.0,,0,232.0,,,,,,,0.2891566265060241,1.0,0.2999999999999997,0.0
default,3,slow_near_pu_poisoning,Anchored-Update-Only,2000,250,0.9685,0.9844559585492227,0.76,0.8577878103837472,0.0017142857142857142,0.24,0.954566857142857,0.76,0.2796356743550931,0.23370665499980484,0.3193002902171244,0.0652456584924088,0.0018128689402803,0.18,1776,232.0,,,,,,,0.27710843373493976,1.0,0.3400000000000002,0.0484906242288014
default,3,slow_near_pu_poisoning,Physical-Only,2000,250,0.947,0.9090909090909091,0.64,0.7511737089201878,0.009142857142857144,0.36,0.9430822857142858,0.64,,,,,,,0,95.0,,,,,,,0.25301204819277107,0.8323353293413174,0.4400000000000008,
default,3,slow_near_pu_poisoning,Spatial-XGBoost,2000,250,0.964,0.9836956521739131,0.724,0.8341013824884792,0.0017142857142857142,0.276,0.9789782857142858,0.724,,,,,,,0,285.0,,,,,,,0.20481927710843373,0.9820359281437125,0.7600000000000005,
default,3,slow_near_pu_poisoning,Sequential-Anchored,2000,250,0.9605,0.9090909090909091,0.76,0.8278867102396515,0.010857142857142857,0.24,0.95432,0.76,0.2799454686268695,0.2716743708864383,0.2563255241153889,0.0846907868504849,0.0554412545694894,0.224,1416,95.0,,,,0.0,323.0,0.0,0.27710843373493976,1.0,0.32,0.0554412545694894
default,3,slow_near_pu_poisoning,Sequential-Anchored+Rollback,2000,250,0.9605,0.9090909090909091,0.76,0.8278867102396515,0.010857142857142857,0.24,0.9543268571428571,0.76,0.29826329086919945,0.4130858839247591,0.2801081455256314,0.0846907868504849,0.0313582915157331,0.224,1416,95.0,,,,0.0,323.0,4.0,0.27710843373493976,1.0,0.32,0.0313582915157331
default,3,slow_near_pu_poisoning,Sequential-Anchored-Full,2000,250,0.9575,0.880184331797235,0.764,0.8179871520342611,0.014857142857142857,0.236,0.953504,0.764,0.2820266550284343,0.24785337386971057,0.3078477328768175,0.0846907868504849,0.0013434424437789,0.232,1782,95.0,,,,0.0,323.0,4.0,0.2891566265060241,1.0,0.32,0.033474949184757
default,3,slow_near_pu_poisoning,Physical-Only+Sequential,2000,250,0.956,0.8785046728971962,0.752,0.8103448275862069,0.014857142857142857,0.248,0.9432137142857143,0.752,,,,,,,0,95.0,,,,0.0,285.0,0.0,0.30120481927710846,0.9760479041916168,0.4200000000000006,
default,3,stable,Baseline-XGBoost,2000,0,0.979,,,,0.021,,,,,,,,,,0,,,,,,,,,,,
default,3,stable,Naive-Adaptive,2000,0,0.9975,,,,0.0025,,,,0.2827568016506667,0.27331949278243106,0.1581398360141661,0.0,0.0,,1995,,,,,,,,,,,
default,3,stable,XGB+Physical,2000,0,0.989,,,,0.011,,,,0.2899952832312156,0.22990560097434456,0.0,0.0,0.0,,0,,,,,,,,,,,
default,3,stable,Physically-Anchored-Adaptive,2000,0,0.9885,,,,0.0115,,,,0.28224033706714946,0.2846757090327169,0.1690291263101248,0.0,0.0,,1977,,,,,,,,,,,
default,3,stable,XGB+StaticProfile,2000,0,0.998,,,,0.002,,,,0.2899952832312156,0.22990560097434456,0.0,0.0,0.0,,0,,,,,,,,,,,
default,3,stable,Anchored-Update-Only,2000,0,0.9975,,,,0.0025,,,,0.28224033706714946,0.2846757090327169,0.1690291263101248,0.0,0.0,,1977,,,,,,,,,,,
default,3,stable,Physical-Only,2000,0,0.991,,,,0.009,,,,,,,,,,0,,,,,,,,,,,
default,3,stable,Spatial-XGBoost,2000,0,1.0,,,,0.0,,,,,,,,,,0,,,,,,,,,,,
default,3,stable,Sequential-Anchored,2000,0,0.9885,,,,0.0115,,,,0.28224033706714946,0.2846757090327169,0.1690291263101248,0.0,0.0,,1977,,,,,0.0,,0.0,,,,
default,3,stable,Sequential-Anchored+Rollback,2000,0,0.9885,,,,0.0115,,,,0.28224033706714946,0.2846757090327169,0.1690291263101248,0.0,0.0,,1977,,,,,0.0,,0.0,,,,
default,3,stable,Sequential-Anchored-Full,2000,0,0.9885,,,,0.0115,,,,0.28224033706714946,0.2846757090327169,0.1690291263101248,0.0,0.0,,1977,,,,,0.0,,0.0,,,,
default,3,stable,Physical-Only+Sequential,2000,0,0.991,,,,0.009,,,,,,,,,,0,,,,,0.0,,0.0,,,,
default,3,stealthy_puea,Baseline-XGBoost,2000,230,0.428,0.1569069069069069,0.908695652173913,0.2676056338028169,0.6344632768361582,0.09130434782608696,0.7452542372881357,0.908695652173913,,,,,,,0,5.0,0.8145985401459854,,0.0,,,,,,,
default,3,stealthy_puea,Naive-Adaptive,2000,230,0.8815,0.23076923076923078,0.013043478260869565,0.024691358024691357,0.005649717514124294,0.9869565217391304,0.7132645541635961,0.013043478260869565,0.48226726494388167,0.5523311542597255,9.780922226566716,0.2238744781186595,0.1552926632028148,0.9869565217391304,1987,167.0,0.006569343065693431,0.0,1.0,,,,,,,
default,3,stealthy_puea,XGB+Physical,2000,230,0.4805,0.18124507486209615,1.0,0.3068712474983322,0.5870056497175141,0.0,0.8181233112257431,1.0,5.105179006579915,9.622487502923864,0.0,0.0,0.0,,0,0.0,0.7547445255474453,,0.0,,,,,,,
default,3,stealthy_puea,Physically-Anchored-Adaptive,2000,230,0.9895,0.9163346613545816,1.0,0.9563409563409563,0.011864406779661017,0.0,1.0,1.0,0.49652368531051716,0.398875760828874,9.74500998017762,0.0,0.0,0.0,1749,0.0,0.01167883211678832,0.0,1.0,,,,,,,
default,3,stealthy_puea,XGB+StaticProfile,2000,230,0.4625,0.15397215397215397,0.8173913043478261,0.259131633356306,0.5836158192090396,0.1826086956521739,0.6655858511422255,0.8173913043478261,5.105179006579915,9.622487502923864,0.0,0.0,0.0,,0,164.0,0.7532846715328467,,0.0,,,,,,,
default,3,stealthy_puea,Anchored-Update-Only,2000,230,0.8835,0.42857142857142855,0.0391304347826087,0.07171314741035857,0.006779661016949152,0.9608695652173913,0.7466592974699092,0.0391304347826087,0.49652368531051716,0.398875760828874,9.74500998017762,0.0,0.0,0.0,1749,167.0,0.008029197080291971,0.0,1.0,,,,,,,
default,3,stealthy_puea,Physical-Only,2000,230,0.9955,0.9623430962343096,1.0,0.9808102345415778,0.005084745762711864,0.0,1.0,1.0,,,,,,,0,0.0,0.0036496350364963502,0.0,1.0,,,,,,,
default,3,stealthy_puea,Spatial-XGBoost,2000,230,0.8255,0.39723661485319517,1.0,0.5686032138442522,0.19717514124293786,0.0,0.9993564234831737,1.0,,,,,,,0,0.0,0.25474452554744526,,0.0,,,,,,,
default,3,stealthy_puea,Sequential-Anchored,2000,230,0.489,0.18370607028753994,1.0,0.31039136302294196,0.5774011299435028,0.0,0.8299287644313436,1.0,4.954645002919456,9.411865840439805,0.2758713489416899,0.0,0.0,0.0,499,0.0,0.7423357664233576,,0.0,0.0,0.0,0.0,,,,
default,3,stealthy_puea,Sequential-Anchored+Rollback,2000,230,0.4895,0.1838529176658673,1.0,0.3106009453072249,0.5768361581920904,0.0,0.8322476050110538,1.0,4.984276729816053,9.451572370276882,0.2669739591632948,0.0,0.0,0.0,499,0.0,0.7416058394160584,,0.0,0.0,0.0,2.0,,,,
default,3,stealthy_puea,Sequential-Anchored-Full,2000,230,0.9835,0.8745247148288974,1.0,0.9330628803245435,0.01864406779661017,0.0,1.0,1.0,0.5116422993949641,0.39864206146332565,9.745118657205204,0.0,0.0,0.0,1725,0.0,0.020437956204379562,0.0,1.0,0.0,0.0,2.0,,,,
default,3,stealthy_puea,Physical-Only+Sequential,2000,230,0.99,0.92,1.0,0.9583333333333334,0.011299435028248588,0.0,1.0,1.0,,,,,,,0,0.0,0.01167883211678832,0.0,1.0,0.0,0.0,0.0,,,,
default,4,basic_puea,Baseline-XGBoost,2000,471,0.9695,0.8853383458646616,1.0,0.9391824526420737,0.03989535644211903,0.0,1.0,1.0,,,,,,,0,0.0,,,,,,,,,,
default,4,basic_puea,Naive-Adaptive,2000,471,0.997,0.9874213836477987,1.0,0.9936708860759493,0.003924133420536298,0.0,1.0,1.0,0.3164238369742733,0.3957134656078066,0.1834574561351394,0.0,0.0,0.0,1523,0.0,,,,,,,,,,
default,4,basic_puea,XGB+Physical,2000,471,0.9945,0.9771784232365145,1.0,0.9884575026232948,0.007194244604316547,0.0,1.0,1.0,0.27378896193394664,0.3085302895209758,0.0,0.0,0.0,,0,0.0,,,,,,,,,,
default,4,basic_puea,Physically-Anchored-Adaptive,2000,471,0.995,0.9792099792099792,1.0,0.9894957983193277,0.006540222367560497,0.0,1.0,1.0,0.31543238002802415,0.3956993703249205,0.1835490133766543,0.0,0.0,0.0,1519,0.0,,,,,,,,,,
default,4,basic_puea,XGB+StaticProfile,2000,471,0.9965,0.9853556485355649,1.0,0.9926238145416227,0.004578155657292348,0.0,1.0,1.0,0.27378896193394664,0.3085302895209758,0.0,0.0,0.0,,0,0.0,,,,,,,,,,
default,4,basic_puea,Anchored-Update-Only,2000,471,0.997,0.9874213836477987,1.0,0.9936708860759493,0.003924133420536298,0.0,1.0,1.0,0.31543238002802415,0.3956993703249205,0.1835490133766543,0.0,0.0,0.0,1519,0.0,,,,,,,,,,
default,4,basic_puea,Physical-Only,2000,471,0.998,0.991578947368421,1.0,0.9957716701902748,0.002616088947024199,0.0,1.0,1.0,,,,,,,0,0.0,,,,,,,,,,
default,4,basic_puea,Spatial-XGBoost,2000,471,0.9985,0.9936708860759493,1.0,0.9968253968253968,0.001962066710268149,0.0,1.0,1.0,,,,,,,0,0.0,,,,,,,,,,
default,4,basic_puea,Sequential-Anchored,2000,471,0.996,0.9832985386221295,1.0,0.991578947368421,0.005232177894048398,0.0,1.0,1.0,0.2871741825349083,0.2836233630450831,0.1651023339901313,0.0,0.0,0.0,503,0.0,,,,0.0,0.0,0.0,,,,
default,4,basic_puea,Sequential-Anchored+Rollback,2000,471,0.9955,0.98125,1.0,0.9905362776025236,0.005886200130804447,0.0,1.0,1.0,0.2836268692983369,0.26390688905229576,0.1453030062608323,0.0,0.0,0.0,503,0.0,,,,0.0,0.0,2.0,,,,
default,4,basic_puea,Sequential-Anchored-Full,2000,471,0.991,0.9631901840490797,1.0,0.98125,0.011772400261608895,0.0,1.0,1.0,0.31714387384485904,0.3905867085493457,0.185547956139211,0.0,0.0,0.0,1500,0.0,,,,0.0,0.0,2.0,,,,
default,4,basic_puea,Physical-Only+Sequential,2000,471,0.994,0.9751552795031055,1.0,0.9874213836477987,0.007848266841072597,0.0,0.9999972228355127,1.0,,,,,,,0,0.0,,,,0.0,0.0,0.0,,,,
default,4,combined_drift,Baseline-XGBoost,2000,0,0.4105,,,,0.5895,,,,,,,,,,0,,0.731875,,0.0,,,,,,,
default,4,combined_drift,Naive-Adaptive,2000,0,0.9955,,,,0.0045,,,,1.780728643519394,0.333929827748534,66.42102163546929,0.0,0.0,,1991,,0.005,0.0,1.0,,,,,,,
default,4,combined_drift,XGB+Physical,2000,0,0.412,,,,0.588,,,,35.060345140626154,66.6729565065644,0.0,0.0,0.0,,0,,0.731875,,0.0,,,,,,,
default,4,combined_drift,Physically-Anchored-Adaptive,2000,0,0.989,,,,0.011,,,,1.7994319175349802,0.33617883508932683,66.4177991837824,0.0,0.0,,1978,,0.010625,0.0,1.0,,,,,,,
default,4,combined_drift,XGB+StaticProfile,2000,0,0.4145,,,,0.5855,,,,35.060345140626154,66.6729565065644,0.0,0.0,0.0,,0,,0.73125,,0.0,,,,,,,
default,4,combined_drift,Anchored-Update-Only,2000,0,0.9955,,,,0.0045,,,,1.7994319175349802,0.33617883508932683,66.4177991837824,0.0,0.0,,1978,,0.005,0.0,1.0,,,,,,,
default,4,combined_drift,Physical-Only,2000,0,0.9935,,,,0.0065,,,,,,,,,,0,,0.005625,0.0,1.0,,,,,,,
default,4,combined_drift,Spatial-XGBoost,2000,0,0.91,,,,0.09,,,,,,,,,,0,,0.111875,,0.0,,,,,,,
default,4,combined_drift,Sequential-Anchored,2000,0,0.989,,,,0.011,,,,1.7994319175349802,0.33617883508932683,66.4177991837824,0.0,0.0,,1978,,0.010625,0.0,1.0,0.0,,0.0,,,,
default,4,combined_drift,Sequential-Anchored+Rollback,2000,0,0.989,,,,0.011,,,,1.7994319175349802,0.33617883508932683,66.4177991837824,0.0,0.0,,1978,,0.010625,0.0,1.0,0.0,,0.0,,,,
default,4,combined_drift,Sequential-Anchored-Full,2000,0,0.989,,,,0.011,,,,1.7994319175349802,0.33617883508932683,66.4177991837824,0.0,0.0,,1978,,0.010625,0.0,1.0,0.0,,0.0,,,,
default,4,combined_drift,Physical-Only+Sequential,2000,0,0.9935,,,,0.0065,,,,,,,,,,0,,0.005625,0.0,1.0,0.0,,0.0,,,,
default,4,gradual_puea,Baseline-XGBoost,2000,460,0.9245,0.8687350835322196,0.7913043478260869,0.8282138794084186,0.03571428571428571,0.20869565217391303,0.92606295878035,0.7913043478260869,,,,,,,0,0.0,,,,,,,,,,
default,4,gradual_puea,Naive-Adaptive,2000,460,0.829,0.9836065573770492,0.2608695652173913,0.41237113402061853,0.0012987012987012987,0.7391304347826086,0.8900931677018634,0.2608695652173913,0.7669775290325371,1.590957198262852,1.56263969159252,0.3757169841044551,0.3180939705480129,0.7391304347826086,1878,0.0,,,,,,,,,,
default,4,gradual_puea,XGB+Physical,2000,460,0.994,0.9745762711864406,1.0,0.9871244635193133,0.007792207792207792,0.0,1.0,1.0,0.2773424637055315,0.30321964161901316,0.0,0.0,0.0,,0,0.0,,,,,,,,,,
default,4,gradual_puea,Physically-Anchored-Adaptive,2000,460,0.995,0.9787234042553191,1.0,0.989247311827957,0.006493506493506494,0.0,1.0,1.0,0.3030436890088907,0.24714208608650862,0.1162752701705429,0.0,0.0,0.0,1530,0.0,,,,,,,,,,
default,4,gradual_puea,XGB+StaticProfile,2000,460,0.923,0.9872611464968153,0.6739130434782609,0.8010335917312662,0.0025974025974025974,0.32608695652173914,0.9282566346696782,0.6739130434782609,0.2773424637055315,0.30321964161901316,0.0,0.0,0.0,,0,0.0,,,,,,,,,,
default,4,gradual_puea,Anchored-Update-Only,2000,460,0.9215,0.993485342019544,0.6630434782608695,0.7953063885267274,0.0012987012987012987,0.33695652173913043,0.9279940711462449,0.6630434782608695,0.3030436890088907,0.24714208608650862,0.1162752701705429,0.0,0.0,0.0,1530,0.0,,,,,,,,,,
default,4,gradual_puea,Physical-Only,2000,460,0.996,0.9829059829059829,1.0,0.9913793103448275,0.005194805194805195,0.0,1.0,1.0,,,,,,,0,0.0,,,,,,,,,,
default,4,gradual_puea,Spatial-XGBoost,2000,460,0.983,0.9976635514018691,0.9282608695652174,0.9617117117117117,0.0006493506493506494,0.07173913043478261,0.9990767927724449,0.9282608695652174,,,,,,,0,0.0,,,,,,,,,,
default,4,gradual_puea,Sequential-Anchored,2000,460,0.995,0.9787234042553191,1.0,0.989247311827957,0.006493506493506494,0.0,1.0,1.0,0.28866426381266763,0.3148434508529732,0.1727359396509971,0.0,0.0,0.0,503,0.0,,,,0.0,0.0,0.0,,,,
default,4,gradual_puea,Sequential-Anchored+Rollback,2000,460,0.995,0.9787234042553191,1.0,0.989247311827957,0.006493506493506494,0.0,1.0,1.0,0.3042726684127191,0.3239700021181322,0.2142485896662085,0.0,0.0,0.0,503,0.0,,,,0.0,0.0,4.0,,,,
default,4,gradual_puea,Sequential-Anchored-Full,2000,460,0.9855,0.9406952965235174,1.0,0.9694415173867229,0.01883116883116883,0.0,1.0,1.0,0.305206801563471,0.26198020319411747,0.1153632899525312,0.0,0.0,0.0,1503,0.0,,,,0.0,0.0,4.0,,,,
default,4,gradual_puea,Physical-Only+Sequential,2000,460,0.9865,0.944558521560575,1.0,0.9714889123548046,0.01753246753246753,0.0,1.0,1.0,,,,,,,0,0.0,,,,0.0,0.0,0.0,,,,
default,4,near_pu_poisoning,Baseline-XGBoost,2000,505,0.86,0.889273356401384,0.5089108910891089,0.6473551637279596,0.02140468227424749,0.4910891089108911,0.8251478525778999,0.5089108910891089,,,,,,,0,6.0,,,,,,,0.32608695652173914,1.0,0.2399999999999998,
default,4,near_pu_poisoning,Naive-Adaptive,2000,505,0.7535,1.0,0.023762376237623763,0.04642166344294004,0.0,0.9762376237623762,0.9533587204874334,0.023762376237623763,2.9289662541546515,3.6423403777866046,3.47380121664353,0.3577646566113978,0.2615972415715429,0.9762376237623762,1988,68.0,,,,,,,0.029891304347826088,0.0072992700729927005,1.0,0.2976776091685012
default,4,near_pu_poisoning,XGB+Physical,2000,505,0.868,0.9446494464944649,0.5069306930693069,0.6597938144329897,0.010033444816053512,0.49306930693069306,0.9425000827841982,0.5069306930693069,0.2750990223360925,0.27165810718726946,0.0,0.0,0.0,,0,11.0,,,,,,,0.3233695652173913,1.0,0.3599999999999998,0.0
default,4,near_pu_poisoning,Physically-Anchored-Adaptive,2000,505,0.867,0.9578544061302682,0.49504950495049505,0.6527415143603132,0.007357859531772575,0.504950495049505,0.9514209079770855,0.49504950495049505,0.8447125689749151,0.33550068058518967,0.2791577691589106,0.2834089062089322,0.0065799607422614,0.504950495049505,1739,11.0,,,,,,,0.30978260869565216,0.9927007299270073,0.6200000000000037,0.2203530013211342
default,4,near_pu_poisoning,XGB+StaticProfile,2000,505,0.8735,0.9846153846153847,0.5069306930693069,0.6692810457516339,0.0026755852842809363,0.49306930693069306,0.9611669260571543,0.5069306930693069,0.2750990223360925,0.27165810718726946,0.0,0.0,0.0,,0,31.0,,,,,,,0.3233695652173913,1.0,0.4000000000000018,0.0
default,4,near_pu_poisoning,Anchored-Update-Only,2000,505,0.802,1.0,0.21584158415841584,0.3550488599348534,0.0,0.7841584158415842,0.9888896983343819,0.21584158415841584,1.015618713347764,1.0972691867705313,0.760344148896903,0.1740979193503168,0.0483487475559019,0.299009900990099,1635,68.0,,,,,,,0.20380434782608695,0.24817518248175183,1.0,0.0957015390921603
default,4,near_pu_poisoning,Physical-Only,2000,505,0.8475,0.9504504504504504,0.4178217821782178,0.5804676753782668,0.007357859531772575,0.5821782178217821,0.9245418722474255,0.4178217821782178,,,,,,,0,11.0,,,,,,,0.30978260869565216,0.708029197080292,0.6200000000000031,
default,4,near_pu_poisoning,Spatial-XGBoost,2000,505,0.872,1.0,0.49306930693069306,0.6604774535809018,0.0,0.5069306930693069,0.9818775456140931,0.49306930693069306,,,,,,,0,75.0,,,,,,,0.3070652173913043,0.9927007299270073,0.7400000000000004,
default,4,near_pu_poisoning,Sequential-Anchored,2000,505,0.8685,0.9514925373134329,0.504950495049505,0.6597671410090556,0.008695652173913044,0.49504950495049505,0.9514606443921985,0.504950495049505,0.32896248223409297,0.33601282450357706,0.2393416710049212,0.1005679660503937,0.1005679660503937,0.02574257425742574,342,11.0,,,,0.0,14.0,0.0,0.32065217391304346,1.0,0.4000000000000035,0.1005679660503937
default,4,near_pu_poisoning,Sequential-Anchored+Rollback,2000,505,0.869,0.9516728624535316,0.5069306930693069,0.661498708010336,0.008695652173913044,0.49306930693069306,0.942509354614391,0.5069306930693069,0.30646313101192374,0.26092294072297656,0.181240046438418,0.0662282017632136,0.0,0.02574257425742574,342,11.0,,,,0.0,14.0,2.0,0.3233695652173913,1.0,0.3799999999999999,0.0
default,4,near_pu_poisoning,Sequential-Anchored-Full,2000,505,0.865,0.9181494661921709,0.5108910891089109,0.6564885496183206,0.015384615384615385,0.4891089108910891,0.911684492864002,0.5108910891089109,0.33908126967818736,0.3182690159761211,0.2780918064078646,0.1978961141267341,0.0046459659900259,0.48118811881188117,1711,11.0,,,,0.0,14.0,2.0,0.328804347826087,1.0,0.2999999999999999,0.137149073570765
default,4,near_pu_poisoning,Physical-Only+Sequential,2000,505,0.8635,0.9233576642335767,0.500990099009901,0.6495507060333761,0.014046822742474917,0.499009900990099,0.8931183151759992,0.500990099009901,,,,,,,0,11.0,,,,0.0,14.0,0.0,0.328804347826087,0.9635036496350365,0.2599999999999994,
default,4,noise_drift,Baseline-XGBoost,2000,0,0.44,,,,0.56,,,,,,,,,,0,,0.695,,0.0,,,,,,,
default,4,noise_drift,Naive-Adaptive,2000,0,0.998,,,,0.002,,,,2.2802766213942633,0.21822053364462934,88.55659604147488,0.0,0.0,,1996,,0.001875,0.0,1.0,,,,,,,
default,4,noise_drift,XGB+Physical,2000,0,0.441,,,,0.559,,,,46.56119496671198,88.53419796746837,0.0,0.0,0.0,,0,,0.6975,,0.0,,,,,,,
default,4,noise_drift,Physically-Anchored-Adaptive,2000,0,0.9915,,,,0.0085,,,,2.324243057917499,0.22228126867338488,88.55082658142932,0.0,0.0,,1983,,0.009375,0.0,1.0,,,,,,,
default,4,noise_drift,XGB+StaticProfile,2000,0,0.444,,,,0.556,,,,46.56119496671198,88.53419796746837,0.0,0.0,0.0,,0,,0.694375,,0.0,,,,,,,
default,4,noise_drift,Anchored-Update-Only,2000,0,0.998,,,,0.002,,,,2.324243057917499,0.22228126867338488,88.55082658142932,0.0,0.0,,1983,,0.001875,0.0,1.0,,,,,,,
default,4,noise_drift,Physical-Only,2000,0,0.9935,,,,0.0065,,,,,,,,,,0,,0.0075,0.0,1.0,,,,,,,
default,4,noise_drift,Spatial-XGBoost,2000,0,0.999,,,,0.001,,,,,,,,,,0,,0.00125,0.0,1.0,,,,,,,
default,4,noise_drift,Sequential-Anchored,2000,0,0.9915,,,,0.0085,,,,2.324243057917499,0.22228126867338488,88.55082658142932,0.0,0.0,,1983,,0.009375,0.0,1.0,0.0,,0.0,,,,
default,4,noise_drift,Sequential-Anchored+Rollback,2000,0,0.9915,,,,0.0085,,,,2.324243057917499,0.22228126867338488,88.55082658142932,0.0,0.0,,1983,,0.009375,0.0,1.0,0.0,,0.0,,,,
default,4,noise_drift,Sequential-Anchored-Full,2000,0,0.9915,,,,0.0085,,,,2.324243057917499,0.22228126867338488,88.55082658142932,0.0,0.0,,1983,,0.009375,0.0,1.0,0.0,,0.0,,,,
default,4,noise_drift,Physical-Only+Sequential,2000,0,0.9935,,,,0.0065,,,,,,,,,,0,,0.0075,0.0,1.0,0.0,,0.0,,,,
default,4,poisoning,Baseline-XGBoost,2000,518,0.862,0.84375,0.5733590733590733,0.6827586206896551,0.037112010796221326,0.4266409266409266,0.8600412153043732,0.5733590733590733,,,,,,,0,2.0,,,,,,,0.38095238095238093,1.0,0.2799999999999996,
default,4,poisoning,Naive-Adaptive,2000,518,0.7445,0.8888888888888888,0.015444015444015444,0.030360531309297917,0.0006747638326585695,0.9845559845559846,0.933262209577999,0.015444015444015444,3.2756075849514263,4.318618534348978,4.298515008166304,0.3649935734581688,0.2885029734788922,0.9845559845559846,1991,56.0,,,,,,,0.022408963585434174,0.0,1.0,0.2515605802928239
default,4,poisoning,XGB+Physical,2000,518,0.9945,0.9810246679316889,0.9980694980694981,0.9894736842105263,0.006747638326585695,0.0019305019305019305,0.9999231446599868,0.9980694980694981,0.2859031242020369,0.18775990503955903,0.0,0.0,0.0,,0,0.0,,,,,,,0.9971988795518207,1.0,0.02,0.0
default,4,poisoning,Physically-Anchored-Adaptive,2000,518,0.995,0.9828897338403042,0.9980694980694981,0.9904214559386973,0.006072874493927126,0.0019305019305019305,0.9999296578243948,0.9980694980694981,0.29290221825235774,0.2563954043358663,0.2801712422648801,0.01,0.0002793375223355,0.0019305019305019305,1474,0.0,,,,,,,0.9971988795518207,1.0,0.02,0.0080972786822125
default,4,poisoning,XGB+StaticProfile,2000,518,0.8765,0.985663082437276,0.5308880308880309,0.6900878293601004,0.002699055330634278,0.4691119691119691,0.9750610934821461,0.5308880308880309,0.2859031242020369,0.18775990503955903,0.0,0.0,0.0,,0,28.0,,,,,,,0.31932773109243695,1.0,0.4200000000000038,0.0
default,4,poisoning,Anchored-Update-Only,2000,518,0.877,0.9892086330935251,0.5308880308880309,0.6909547738693468,0.0020242914979757085,0.4691119691119691,0.9726733674102095,0.5308880308880309,0.29353198243990086,0.25632675874973027,0.2800115256779067,0.0,0.0,0.0,1473,56.0,,,,,,,0.31932773109243695,1.0,0.4000000000000035,0.0
default,4,poisoning,Physical-Only,2000,518,0.9965,0.988527724665392,0.9980694980694981,0.9932756964457253,0.004048582995951417,0.0019305019305019305,0.9999361709888027,0.9980694980694981,,,,,,,0,0.0,,,,,,,0.9971988795518207,1.0,0.02,
default,4,poisoning,Spatial-XGBoost,2000,518,0.92,1.0,0.6911196911196911,0.817351598173516,0.0,0.3088803088803089,0.9982635903688535,0.6911196911196911,,,,,,,0,0.0,,,,,,,0.5518207282913166,1.0,0.06,
default,4,poisoning,Sequential-Anchored,2000,518,0.995,0.9828897338403042,0.9980694980694981,0.9904214559386973,0.006072874493927126,0.0019305019305019305,0.9999296578243947,0.9980694980694981,0.28139053362878474,0.17739024335297737,0.1772471996827032,0.0,0.0,0.0,315,0.0,,,,0.0,0.0,0.0,0.9971988795518207,1.0,0.02,0.0
default,4,poisoning,Sequential-Anchored+Rollback,2000,518,0.9955,0.9847619047619047,0.9980694980694981,0.9913710450623202,0.005398110661268556,0.0019305019305019305,0.9999296578243947,0.9980694980694981,0.28467495494095796,0.17522146380781378,0.1771869799399674,0.0,0.0,0.0,315,0.0,,,,0.0,0.0,4.0,0.9971988795518207,1.0,0.02,0.0
default,4,poisoning,Sequential-Anchored-Full,2000,518,0.992,0.9700374531835206,1.0,0.9847908745247149,0.010796221322537112,0.0,1.0,1.0,0.2937740786036642,0.25744406002407616,0.2818358457631652,0.0,0.0,0.0,1463,0.0,,,,0.0,0.0,4.0,1.0,1.0,0.0,0.0
default,4,poisoning,Physical-Only+Sequential,2000,518,0.9935,0.975517890772128,1.0,0.9876072449952336,0.008771929824561403,0.0,1.0,1.0,,,,,,,0,0.0,,,,0.0,0.0,0.0,1.0,1.0,0.0,
default,4,power_drift,Baseline-XGBoost,2000,0,0.317,,,,0.683,,,,,,,,,,0,,0.845,,0.0,,,,,,,
default,4,power_drift,Naive-Adaptive,2000,0,0.995,,,,0.005,,,,0.41439138581854795,0.35593846887738634,9.952009697852104,0.0,0.0,,1990,,0.00625,0.0,1.0,,,,,,,
default,4,power_drift,XGB+Physical,2000,0,0.3925,,,,0.6075,,,,5.311682339244197,9.918132490877516,0.0,0.0,0.0,,0,,0.756875,,0.0,,,,,,,
default,4,power_drift,Physically-Anchored-Adaptive,2000,0,0.9895,,,,0.0105,,,,0.41509482649710555,0.3635183892585127,9.95489814988032,0.0,0.0,,1979,,0.01125,0.0,1.0,,,,,,,
default,4,power_drift,XGB+StaticProfile,2000,0,0.396,,,,0.604,,,,5.311682339244197,9.918132490877516,0.0,0.0,0.0,,0,,0.754375,,0.0,,,,,,,
default,4,power_drift,Anchored-Update-Only,2000,0,0.9945,,,,0.0055,,,,0.41509482649710555,0.3635183892585127,9.95489814988032,0.0,0.0,,1979,,0.006875,0.0,1.0,,,,,,,
default,4,power_drift,Physical-Only,2000,0,0.995,,,,0.005,,,,,,,,,,0,,0.004375,0.0,1.0,,,,,,,
default,4,power_drift,Spatial-XGBoost,2000,0,0.684,,,,0.316,,,,,,,,,,0,,0.394375,,0.0,,,,,,,
default,4,power_drift,Sequential-Anchored,2000,0,0.9895,,,,0.0105,,,,0.41509482649710555,0.3635183892585127,9.95489814988032,0.0,0.0,,1979,,0.01125,0.0,1.0,0.0,,0.0,,,,
default,4,power_drift,Sequential-Anchored+Rollback,2000,0,0.9895,,,,0.0105,,,,0.41509482649710555,0.3635183892585127,9.95489814988032,0.0,0.0,,1979,,0.01125,0.0,1.0,0.0,,0.0,,,,
default,4,power_drift,Sequential-Anchored-Full,2000,0,0.9895,,,,0.0105,,,,0.41509482649710555,0.3635183892585127,9.95489814988032,0.0,0.0,,1979,,0.01125,0.0,1.0,0.0,,0.0,,,,
default,4,power_drift,Physical-Only+Sequential,2000,0,0.995,,,,0.005,,,,,,,,,,0,,0.004375,0.0,1.0,0.0,,0.0,,,,
default,4,power_matching_puea,Baseline-XGBoost,2000,408,0.8325,0.7039106145251397,0.3088235294117647,0.4293015332197615,0.03329145728643216,0.6911764705882353,0.7903411050349789,0.3088235294117647,,,,,,,0,3.0,,,,,,,,,,
default,4,power_matching_puea,Naive-Adaptive,2000,408,0.794,0.0,0.0,,0.002512562814070352,1.0,0.7684131441521332,0.0,0.5388947245857016,0.6981093036173216,0.677906157452373,0.3556639407152092,0.2697233738018243,1.0,1996,,,,,,,,,,,
default,4,power_matching_puea,XGB+Physical,2000,408,0.9965,0.983132530120482,1.0,0.991494532199271,0.0043969849246231155,0.0,1.0,1.0,0.26104079943047975,0.3207521129137574,0.0,0.0,0.0,,0,0.0,,,,,,,,,,
default,4,power_matching_puea,Physically-Anchored-Adaptive,2000,408,0.997,0.9855072463768116,1.0,0.9927007299270074,0.0037688442211055275,0.0,1.0,1.0,0.32361211952167135,0.4225475529977284,0.2072968123242942,0.0,0.0,0.0,1586,0.0,,,,,,,,,,
default,4,power_matching_puea,XGB+StaticProfile,2000,408,0.795,0.3333333333333333,0.004901960784313725,0.00966183574879227,0.002512562814070352,0.9950980392156863,0.7864983619075772,0.004901960784313725,0.26104079943047975,0.3207521129137574,0.0,0.0,0.0,,0,481.0,,,,,,,,,,
default,4,power_matching_puea,Anchored-Update-Only,2000,408,0.795,0.25,0.0024509803921568627,0.004854368932038835,0.0018844221105527637,0.9975490196078431,0.7875668169277761,0.0024509803921568627,0.32361211952167135,0.4225475529977284,0.2072968123242942,0.0,0.0,0.0,1586,1313.0,,,,,,,,,,
default,4,power_matching_puea,Physical-Only,2000,408,0.9985,0.9927007299270073,1.0,0.9963369963369962,0.0018844221105527637,0.0,1.0,1.0,,,,,,,0,0.0,,,,,,,,,,
default,4,power_matching_puea,Spatial-XGBoost,2000,408,0.998,0.9902912621359223,1.0,0.9951219512195122,0.002512562814070352,0.0,1.0,1.0,,,,,,,0,0.0,,,,,,,,,,
default,4,power_matching_puea,Sequential-Anchored,2000,408,0.9965,0.983132530120482,1.0,0.991494532199271,0.0043969849246231155,0.0,1.0,1.0,0.32863480107010584,0.3879945658018453,0.1873822871695352,0.0,0.0,0.0,508,0.0,,,,0.0,0.0,0.0,,,,
default,4,power_matching_puea,Sequential-Anchored+Rollback,2000,408,0.9965,0.983132530120482,1.0,0.991494532199271,0.0043969849246231155,0.0,1.0,1.0,0.3153785300390703,0.37963310686749674,0.1755705315645254,0.0,0.0,0.0,508,0.0,,,,0.0,0.0,2.0,,,,
default,4,power_matching_puea,Sequential-Anchored-Full,2000,408,0.993,0.966824644549763,1.0,0.983132530120482,0.008793969849246231,0.0,1.0,1.0,0.3190159316343559,0.42018318478402306,0.2064222871947161,0.0,0.0,0.0,1567,0.0,,,,0.0,0.0,2.0,,,,
default,4,power_matching_puea,Physical-Only+Sequential,2000,408,0.9945,0.9737470167064439,1.0,0.9866989117291415,0.006909547738693468,0.0,1.0,1.0,,,,,,,0,0.0,,,,0.0,0.0,0.0,,,,
default,4,shadowing_drift,Baseline-XGBoost,2000,0,0.896,,,,0.104,,,,,,,,,,0,,0.124375,,0.0,,,,,,,
default,4,shadowing_drift,Naive-Adaptive,2000,0,0.995,,,,0.005,,,,0.3705553437615876,0.42859427448461074,1.8414011928448897,0.0,0.0,,1990,,0.00625,0.0,1.0,,,,,,,
default,4,shadowing_drift,XGB+Physical,2000,0,0.956,,,,0.044,,,,0.9715915708010459,1.9240195988429918,0.0,0.0,0.0,,0,,0.051875,,0.0,,,,,,,
default,4,shadowing_drift,Physically-Anchored-Adaptive,2000,0,0.987,,,,0.013,,,,0.3700403771232715,0.4206094063752346,1.866523889438947,0.0,0.0,,1974,,0.013125,0.0,1.0,,,,,,,
default,4,shadowing_drift,XGB+StaticProfile,2000,0,0.964,,,,0.036,,,,0.9715915708010459,1.9240195988429918,0.0,0.0,0.0,,0,,0.045,,0.0,,,,,,,
default,4,shadowing_drift,Anchored-Update-Only,2000,0,0.995,,,,0.005,,,,0.3700403771232715,0.4206094063752346,1.866523889438947,0.0,0.0,,1974,,0.00625,0.0,1.0,,,,,,,
default,4,shadowing_drift,Physical-Only,2000,0,0.992,,,,0.008,,,,,,,,,,0,,0.006875,0.0,1.0,,,,,,,
default,4,shadowing_drift,Spatial-XGBoost,2000,0,0.989,,,,0.011,,,,,,,,,,0,,0.01375,0.0,1.0,,,,,,,
default,4,shadowing_drift,Sequential-Anchored,2000,0,0.987,,,,0.013,,,,0.3700403771232715,0.4206094063752346,1.866523889438947,0.0,0.0,,1974,,0.013125,0.0,1.0,0.0,,0.0,,,,
default,4,shadowing_drift,Sequential-Anchored+Rollback,2000,0,0.987,,,,0.013,,,,0.3700403771232715,0.4206094063752346,1.866523889438947,0.0,0.0,,1974,,0.013125,0.0,1.0,0.0,,0.0,,,,
default,4,shadowing_drift,Sequential-Anchored-Full,2000,0,0.987,,,,0.013,,,,0.3700403771232715,0.4206094063752346,1.866523889438947,0.0,0.0,,1974,,0.013125,0.0,1.0,0.0,,0.0,,,,
default,4,shadowing_drift,Physical-Only+Sequential,2000,0,0.992,,,,0.008,,,,,,,,,,0,,0.006875,0.0,1.0,0.0,,0.0,,,,
default,4,slow_near_pu_poisoning,Baseline-XGBoost,2000,195,0.954,0.7440758293838863,0.8051282051282052,0.7733990147783252,0.029916897506925208,0.19487179487179487,0.9311456779600824,0.8051282051282052,,,,,,,0,115.0,,,,,,,0.2830188679245283,1.0,0.2199999999999999,
default,4,slow_near_pu_poisoning,Naive-Adaptive,2000,195,0.9785,0.9871794871794872,0.7897435897435897,0.8774928774928775,0.00110803324099723,0.21025641025641026,0.9853029334469777,0.7897435897435897,0.3308927648098219,0.2953029860625682,0.1187400879548198,0.0853114974472564,0.0009639444531272,0.21025641025641026,1844,295.0,,,,,,,0.22641509433962265,1.0,0.4000000000000001,0.0345082338050224
default,4,slow_near_pu_poisoning,XGB+Physical,2000,195,0.9745,0.9337349397590361,0.7948717948717948,0.8587257617728531,0.006094182825484765,0.20512820512820512,0.97159457347823,0.7948717948717948,0.2810687245144364,0.3071654483207948,0.0,0.0,0.0,,0,2.0,,,,,,,0.24528301886792453,1.0,0.3400000000000001,0.0
default,4,slow_near_pu_poisoning,Physically-Anchored-Adaptive,2000,195,0.974,0.9281437125748503,0.7948717948717948,0.8563535911602209,0.006648199445983379,0.20512820512820512,0.9726486256126146,0.7948717948717948,0.32716659372892265,0.29476937694724464,0.1224664645779254,0.0795747631275678,0.0009787757011378,0.20512820512820512,1833,2.0,,,,,,,0.24528301886792453,1.0,0.3400000000000003,0.0346887856677686
default,4,slow_near_pu_poisoning,XGB+StaticProfile,2000,195,0.9795,0.9935897435897436,0.7948717948717948,0.8831908831908832,0.000554016620498615,0.20512820512820512,0.9685517437317992,0.7948717948717948,0.2810687245144364,0.3071654483207948,0.0,0.0,0.0,,0,172.0,,,,,,,0.24528301886792453,1.0,0.3400000000000002,0.0
default,4,slow_near_pu_poisoning,Anchored-Update-Only,2000,195,0.979,0.9872611464968153,0.7948717948717948,0.8806818181818181,0.00110803324099723,0.20512820512820512,0.9850557568009092,0.7948717948717948,0.3281255453456961,0.2944325441530682,0.1220455348585495,0.0739148945986299,0.0008311816078843,0.16923076923076924,1826,295.0,,,,,,,0.24528301886792453,1.0,0.4000000000000001,0.0294579040053535
default,4,slow_near_pu_poisoning,Physical-Only,2000,195,0.953,0.9173553719008265,0.5692307692307692,0.7025316455696202,0.00554016620498615,0.4307692307692308,0.9453256623339723,0.5692307692307692,,,,,,,0,2.0,,,,,,,0.20754716981132076,0.704225352112676,0.5200000000000002,
default,4,slow_near_pu_poisoning,Spatial-XGBoost,2000,195,0.9755,0.9802631578947368,0.764102564102564,0.8587896253602305,0.0016620498614958448,0.2358974358974359,0.9645173662902194,0.764102564102564,,,,,,,0,606.0,,,,,,,0.1320754716981132,1.0,0.6800000000000003,
default,4,slow_near_pu_poisoning,Sequential-Anchored,2000,195,0.974,0.9281437125748503,0.7948717948717948,0.8563535911602209,0.006648199445983379,0.20512820512820512,0.9727793167128348,0.7948717948717948,0.33609362467694087,0.4118469456824048,0.1636673640986007,0.0795747631275678,0.0323322150818997,0.20512820512820512,1485,2.0,,,,0.0,498.0,0.0,0.24528301886792453,1.0,0.3400000000000003,0.0346887856677686
default,4,slow_near_pu_poisoning,Sequential-Anchored+Rollback,2000,195,0.974,0.9281437125748503,0.7948717948717948,0.8563535911602209,0.006648199445983379,0.20512820512820512,0.9727849989345835,0.7948717948717948,0.3359448164731962,0.4145323559733653,0.1743521250355469,0.0795747631275678,0.0333219091042037,0.20512820512820512,1485,2.0,,,,0.0,498.0,3.0,0.24528301886792453,1.0,0.3400000000000003,0.0346887856677686
default,4,slow_near_pu_poisoning,Sequential-Anchored-Full,2000,195,0.9725,0.9117647058823529,0.7948717948717948,0.8493150684931507,0.008310249307479225,0.20512820512820512,0.9724327011861639,0.7948717948717948,0.3245447568419113,0.29374409106132865,0.1280874191189825,0.0795747631275678,0.001185373409903,0.20512820512820512,1820,2.0,,,,0.0,498.0,3.0,0.24528301886792453,1.0,0.3400000000000003,0.0346887856677686
default,4,slow_near_pu_poisoning,Physical-Only+Sequential,2000,195,0.9685,0.9177215189873418,0.7435897435897436,0.8215297450424929,0.007202216066481994,0.2564102564102564,0.9492407131188294,0.7435897435897436,,,,,,,0,2.0,,,,0.0,498.0,0.0,0.20754716981132076,0.9436619718309859,0.5200000000000002,
default,4,stable,Baseline-XGBoost,2000,0,0.969,,,,0.031,,,,,,,,,,0,,,,,,,,,,,
default,4,stable,Naive-Adaptive,2000,0,0.9975,,,,0.0025,,,,0.3154193526669845,0.31002170848105637,0.075533984615093,0.0,0.0,,1995,,,,,,,,,,,
default,4,stable,XGB+Physical,2000,0,0.9915,,,,0.0085,,,,0.2746935298410372,0.26979564073630874,0.0,0.0,0.0,,0,,,,,,,,,,,
default,4,stable,Physically-Anchored-Adaptive,2000,0,0.992,,,,0.008,,,,0.31354576995953065,0.31109718946933823,0.0884842625397545,0.0,0.0,,1984,,,,,,,,,,,
default,4,stable,XGB+StaticProfile,2000,0,0.997,,,,0.003,,,,0.2746935298410372,0.26979564073630874,0.0,0.0,0.0,,0,,,,,,,,,,,
default,4,stable,Anchored-Update-Only,2000,0,0.9975,,,,0.0025,,,,0.31354576995953065,0.31109718946933823,0.0884842625397545,0.0,0.0,,1984,,,,,,,,,,,
default,4,stable,Physical-Only,2000,0,0.9945,,,,0.0055,,,,,,,,,,0,,,,,,,,,,,
default,4,stable,Spatial-XGBoost,2000,0,0.9985,,,,0.0015,,,,,,,,,,0,,,,,,,,,,,
default,4,stable,Sequential-Anchored,2000,0,0.992,,,,0.008,,,,0.31354576995953065,0.31109718946933823,0.0884842625397545,0.0,0.0,,1984,,,,,0.0,,0.0,,,,
default,4,stable,Sequential-Anchored+Rollback,2000,0,0.992,,,,0.008,,,,0.31354576995953065,0.31109718946933823,0.0884842625397545,0.0,0.0,,1984,,,,,0.0,,0.0,,,,
default,4,stable,Sequential-Anchored-Full,2000,0,0.992,,,,0.008,,,,0.31354576995953065,0.31109718946933823,0.0884842625397545,0.0,0.0,,1984,,,,,0.0,,0.0,,,,
default,4,stable,Physical-Only+Sequential,2000,0,0.9945,,,,0.0055,,,,,,,,,,0,,,,,0.0,,0.0,,,,
default,4,stealthy_puea,Baseline-XGBoost,2000,250,0.4205,0.16800584368151936,0.92,0.28412600370599134,0.6508571428571429,0.08,0.6411554285714286,0.92,,,,,,,0,0.0,0.8377777777777777,,0.0,,,,,,,
default,4,stealthy_puea,Naive-Adaptive,2000,250,0.876,0.75,0.012,0.02362204724409449,0.0005714285714285715,0.988,0.6494582857142857,0.012,0.46010869863533516,0.2660870815692806,9.987718692077204,0.2116058639810033,0.1655446189292709,0.988,1996,133.0,0.0007407407407407407,0.0,1.0,,,,,,,
default,4,stealthy_puea,XGB+Physical,2000,250,0.4925,0.1976284584980237,1.0,0.33003300330033003,0.58,0.0,0.7241051428571428,1.0,5.319811941275251,9.90150147430936,0.0,0.0,0.0,,0,0.0,0.7451851851851852,,0.0,,,,,,,
default,4,stealthy_puea,Physically-Anchored-Adaptive,2000,250,0.987,0.9057971014492754,1.0,0.9505703422053232,0.014857142857142857,0.0,0.9999862857142857,1.0,0.5246991606913771,0.18851994249324558,10.02721989699396,0.0,0.0,0.0,1724,0.0,0.012592592592592593,0.0,1.0,,,,,,,
default,4,stealthy_puea,XGB+StaticProfile,2000,250,0.473,0.1672185430463576,0.808,0.27709190672153633,0.5748571428571428,0.192,0.6348502857142858,0.808,5.319811941275251,9.90150147430936,0.0,0.0,0.0,,0,129.0,0.7451851851851852,,0.0,,,,,,,
default,4,stealthy_puea,Anchored-Update-Only,2000,250,0.875,0.5,0.024,0.04580152671755725,0.0034285714285714284,0.976,0.6670674285714286,0.024,0.5246991606913771,0.18851994249324558,10.02721989699396,0.0,0.0,0.0,1724,129.0,0.0044444444444444444,0.0,1.0,,,,,,,
default,4,stealthy_puea,Physical-Only,2000,250,0.99,0.9259259259259259,1.0,0.9615384615384615,0.011428571428571429,0.0,0.9999862857142857,1.0,,,,,,,0,0.0,0.008148148148148147,0.0,1.0,,,,,,,
default,4,stealthy_puea,Spatial-XGBoost,2000,250,0.7315,0.3157894736842105,0.984,0.47813411078717194,0.30457142857142855,0.016,0.9570148571428572,0.984,,,,,,,0,0.0,0.3940740740740741,,0.0,,,,,,,
default,4,stealthy_puea,Sequential-Anchored,2000,250,0.5335,0.21132713440405748,1.0,0.34891835310537334,0.5331428571428571,0.0,0.8023748571428572,1.0,4.92549312427655,9.34505251621117,0.597280642676656,0.0,0.0,0.0,518,0.0,0.6844444444444444,,0.0,0.0,0.0,0.0,,,,
default,4,stealthy_puea,Sequential-Anchored+Rollback,2000,250,0.523,0.20764119601328904,1.0,0.34387895460797796,0.5451428571428572,0.0,0.7859565714285714,1.0,5.094750959531997,9.580963527454138,0.3560618835465972,0.0,0.0,0.0,518,0.0,0.7,,0.0,0.0,0.0,6.0,,,,
default,4,stealthy_puea,Sequential-Anchored-Full,2000,250,0.9815,0.8710801393728222,1.0,0.931098696461825,0.021142857142857144,0.0,1.0,1.0,0.5402893247000911,0.19744441136679278,10.03426575916441,0.0,0.0,0.0,1710,0.0,0.02074074074074074,0.0,1.0,0.0,0.0,6.0,,,,
default,4,stealthy_puea,Physical-Only+Sequential,2000,250,0.9845,0.8896797153024911,1.0,0.9416195856873824,0.017714285714285714,0.0,1.0,1.0,,,,,,,0,0.0,0.016296296296296295,0.0,1.0,0.0,0.0,0.0,,,,
weak_anchor,0,basic_puea,Baseline-XGBoost,2000,424,0.9125,0.7085427135678392,0.9976415094339622,0.8285994123408423,0.11040609137055837,0.0023584905660377358,0.9981398453213294,0.9976415094339622,,,,,,,0,0.0,,,,,,,,,,
weak_anchor,0,basic_puea,Naive-Adaptive,2000,424,0.801,0.9333333333333333,0.0660377358490566,0.12334801762114538,0.0012690355329949238,0.9339622641509434,0.7572071640647449,0.0660377358490566,1.1017456114298012,1.4084719674110462,1.5008061635808143,0.3677368468704524,0.2804447388716775,0.9339622641509434,1970,0.0,,,,,,,,,,
weak_anchor,0,basic_puea,XGB+Physical,2000,424,0.9835,0.9277899343544858,1.0,0.9625425652667423,0.020939086294416244,0.0,0.9999610908916771,1.0,0.2531332405362842,0.26236929514274737,0.0,0.0,0.0,,0,0.0,,,,,,,,,,
weak_anchor,0,basic_puea,Physically-Anchored-Adaptive,2000,424,0.9845,0.9318681318681319,1.0,0.9647326507394767,0.01967005076142132,0.0,0.9999491188583469,1.0,0.27481073484229446,0.21445867301222696,0.1251197953907099,0.0,0.0,0.0,1545,0.0,,,,,,,,,,
weak_anchor,0,basic_puea,XGB+StaticProfile,2000,424,0.974,0.9869109947643979,0.8891509433962265,0.935483870967742,0.0031725888324873096,0.11084905660377359,0.9956780959678191,0.8891509433962265,0.2531332405362842,0.26236929514274737,0.0,0.0,0.0,,0,0.0,,,,,,,,,,
weak_anchor,0,basic_puea,Anchored-Update-Only,2000,424,0.957,0.9912790697674418,0.8042452830188679,0.8880208333333333,0.0019035532994923859,0.1957547169811321,0.9942713820515277,0.8042452830188679,0.27481073484229446,0.21445867301222696,0.1251197953907099,0.0,0.0,0.0,1545,0.0,,,,,,,,,,
weak_anchor,0,basic_puea,Physical-Only,2000,424,0.9855,0.9379157427937915,0.9976415094339622,0.9668571428571429,0.017766497461928935,0.0023584905660377358,0.9997635523417296,0.9976415094339622,,,,,,,0,0.0,,,,,,,,,,
weak_anchor,0,basic_puea,Spatial-XGBoost,2000,424,0.984,0.9298245614035088,1.0,0.9636363636363636,0.02030456852791878,0.0,1.0,1.0,,,,,,,0,0.0,,,,,,,,,,
weak_anchor,0,basic_puea,Sequential-Anchored,2000,424,0.984,0.9298245614035088,1.0,0.9636363636363636,0.02030456852791878,0.0,0.9999536083708457,1.0,0.27992340137006055,0.3132903279694332,0.1389881397041633,0.0,0.0,0.0,852,0.0,,,,0.0,135.0,0.0,,,,
weak_anchor,0,basic_puea,Sequential-Anchored+Rollback,2000,424,0.9845,0.9318681318681319,1.0,0.9647326507394767,0.01967005076142132,0.0,0.9999610908916771,1.0,0.2881921332454026,0.30795045943297145,0.2367115150238408,0.0,0.0,0.0,851,0.0,,,,0.0,135.0,16.0,,,,
weak_anchor,0,basic_puea,Sequential-Anchored-Full,2000,424,0.9805,0.9157667386609071,1.0,0.956031567080045,0.024746192893401017,0.0,0.9999790489416722,1.0,0.28495393437092664,0.24039093453299049,0.187505124956968,0.0,0.0,0.0,1537,0.0,,,,0.0,135.0,16.0,,,,
weak_anchor,0,basic_puea,Physical-Only+Sequential,2000,424,0.9825,0.9237472766884531,1.0,0.9603624009060022,0.022208121827411168,0.0,0.999938643329183,1.0,,,,,,,0,0.0,,,,0.0,135.0,0.0,,,,
weak_anchor,0,combined_drift,Baseline-XGBoost,2000,0,0.6555,,,,0.3445,,,,,,,,,,0,,0.40875,,0.0,,,,,,,
weak_anchor,0,combined_drift,Naive-Adaptive,2000,0,0.9955,,,,0.0045,,,,1.3346953049139383,0.38361514486067916,48.36182798275015,0.0,0.0,,1991,,0.005625,0.0,1.0,,,,,,,
weak_anchor,0,combined_drift,XGB+Physical,2000,0,0.663,,,,0.337,,,,25.489356745650245,48.611070673317975,0.0,0.0,0.0,,0,,0.4175,,0.0,,,,,,,
weak_anchor,0,combined_drift,Physically-Anchored-Adaptive,2000,0,0.9775,,,,0.0225,,,,1.37892342127964,0.40360451611638526,48.34999999727848,0.0,0.0,,1955,,0.025625,0.0,1.0,,,,,,,
weak_anchor,0,combined_drift,XGB+StaticProfile,2000,0,0.6765,,,,0.3235,,,,25.489356745650245,48.611070673317975,0.0,0.0,0.0,,0,,0.403125,,0.0,,,,,,,
weak_anchor,0,combined_drift,Anchored-Update-Only,2000,0,0.9955,,,,0.0045,,,,1.37892342127964,0.40360451611638526,48.34999999727848,0.0,0.0,,1955,,0.005625,0.0,1.0,,,,,,,
weak_anchor,0,combined_drift,Physical-Only,2000,0,0.982,,,,0.018,,,,,,,,,,0,,0.02,0.0,1.0,,,,,,,
weak_anchor,0,combined_drift,Spatial-XGBoost,2000,0,0.9085,,,,0.0915,,,,,,,,,,0,,0.10875,,0.0,,,,,,,
weak_anchor,0,combined_drift,Sequential-Anchored,2000,0,0.9775,,,,0.0225,,,,1.37892342127964,0.40360451611638526,48.34999999727848,0.0,0.0,,1955,,0.025625,0.0,1.0,0.0,,0.0,,,,
weak_anchor,0,combined_drift,Sequential-Anchored+Rollback,2000,0,0.9775,,,,0.0225,,,,1.37892342127964,0.40360451611638526,48.34999999727848,0.0,0.0,,1955,,0.025625,0.0,1.0,0.0,,0.0,,,,
weak_anchor,0,combined_drift,Sequential-Anchored-Full,2000,0,0.9775,,,,0.0225,,,,1.37892342127964,0.40360451611638526,48.34999999727848,0.0,0.0,,1955,,0.025625,0.0,1.0,0.0,,0.0,,,,
weak_anchor,0,combined_drift,Physical-Only+Sequential,2000,0,0.982,,,,0.018,,,,,,,,,,0,,0.02,0.0,1.0,0.0,,0.0,,,,
weak_anchor,0,gradual_puea,Baseline-XGBoost,2000,440,0.7855,0.5164179104477612,0.3931818181818182,0.4464516129032258,0.10384615384615385,0.6068181818181818,0.7013956876456877,0.3931818181818182,,,,,,,0,17.0,,,,,,,,,,
weak_anchor,0,gradual_puea,Naive-Adaptive,2000,440,0.7815,0.6,0.020454545454545454,0.03956043956043956,0.0038461538461538464,0.9795454545454545,0.6289932983682983,0.020454545454545454,0.5620197973187178,0.4249872368042783,0.4792648486274335,0.3782208523489024,0.26572070347491,0.9795454545454545,1985,30.0,,,,,,,,,,
weak_anchor,0,gradual_puea,XGB+Physical,2000,440,0.9465,0.9302325581395349,0.8181818181818182,0.8706166868198307,0.01730769230769231,0.18181818181818182,0.9739583333333334,0.8181818181818182,0.28416534541952915,0.3834329593133593,0.0,0.0,0.0,,0,0.0,,,,,,,,,,
weak_anchor,0,gradual_puea,Physically-Anchored-Adaptive,2000,440,0.945,0.927461139896373,0.8136363636363636,0.8668280871670702,0.017948717948717947,0.18636363636363637,0.973833041958042,0.8136363636363636,0.3401658272431228,0.33526631031272136,0.2689312211471776,0.1611321757086096,0.150007932985173,0.18636363636363637,1614,0.0,,,,,,,,,,
weak_anchor,0,gradual_puea,XGB+StaticProfile,2000,440,0.796,0.8333333333333334,0.09090909090909091,0.16393442622950818,0.005128205128205128,0.9090909090909091,0.7232488344988345,0.09090909090909091,0.28416534541952915,0.3834329593133593,0.0,0.0,0.0,,0,29.0,,,,,,,,,,
weak_anchor,0,gradual_puea,Anchored-Update-Only,2000,440,0.7885,0.7575757575757576,0.056818181818181816,0.10570824524312897,0.005128205128205128,0.9431818181818182,0.6993356643356644,0.056818181818181816,0.3401658272431228,0.33526631031272136,0.2689312211471776,0.1611321757086096,0.150007932985173,0.18636363636363637,1614,29.0,,,,,,,,,,
weak_anchor,0,gradual_puea,Physical-Only,2000,440,0.9475,0.9466666666666667,0.8068181818181818,0.871165644171779,0.01282051282051282,0.19318181818181818,0.9753846153846154,0.8068181818181818,,,,,,,0,0.0,,,,,,,,,,
weak_anchor,0,gradual_puea,Spatial-XGBoost,2000,440,0.9435,0.9246753246753247,0.8090909090909091,0.8630303030303031,0.01858974358974359,0.19090909090909092,0.9639685314685316,0.8090909090909091,,,,,,,0,0.0,,,,,,,,,,
weak_anchor,0,gradual_puea,Sequential-Anchored,2000,440,0.9455,0.9276485788113695,0.8159090909090909,0.8681983071342201,0.017948717948717947,0.18409090909090908,0.9737689393939394,0.8159090909090909,0.38126120961141025,0.43191151055608046,0.3495128750831704,0.0,0.0,0.0,688,0.0,,,,0.0,292.0,0.0,,,,
weak_anchor,0,gradual_puea,Sequential-Anchored+Rollback,2000,440,0.9465,0.9324675324675324,0.8159090909090909,0.8703030303030302,0.016666666666666666,0.18409090909090908,0.9740340909090909,0.8159090909090909,0.290566349901131,0.40924898343755745,0.2054943715109086,0.0,0.0,0.0,688,0.0,,,,0.0,292.0,4.0,,,,
weak_anchor,0,gradual_puea,Sequential-Anchored-Full,2000,440,0.957,0.9135514018691588,0.8886363636363637,0.9009216589861752,0.023717948717948717,0.11136363636363636,0.9759702797202797,0.8886363636363637,0.31876417887786795,0.3018261944501523,0.1872009029045591,0.1163205520546427,0.0991905300878301,0.11136363636363636,1572,0.0,,,,0.0,292.0,4.0,,,,
weak_anchor,0,gradual_puea,Physical-Only+Sequential,2000,440,0.96,0.9326923076923077,0.8818181818181818,0.9065420560747663,0.017948717948717947,0.11818181818181818,0.9771182983682984,0.8818181818181818,,,,,,,0,0.0,,,,0.0,292.0,0.0,,,,
weak_anchor,0,near_pu_poisoning,Baseline-XGBoost,2000,492,0.8075,0.6375321336760925,0.5040650406504065,0.5629965947786606,0.09350132625994695,0.4959349593495935,0.7998452696728559,0.5040650406504065,,,,,,,0,30.0,,,,,,,0.3125,0.9857142857142858,0.5200000000000021,
weak_anchor,0,near_pu_poisoning,Naive-Adaptive,2000,492,0.7575,0.7333333333333333,0.022357723577235773,0.04339250493096647,0.002652519893899204,0.9776422764227642,0.8007456168726144,0.022357723577235773,1.074827546434244,1.340079755498142,1.204838044630952,0.3882373105357519,0.2586354060687733,0.9776422764227642,1985,100.0,,,,,,,0.022727272727272728,0.02142857142857143,1.0,0.3145220515852371
weak_anchor,0,near_pu_poisoning,XGB+Physical,2000,492,0.8495,0.8866396761133604,0.4451219512195122,0.5926928281461435,0.01856763925729443,0.5548780487804879,0.9071483254620344,0.4451219512195122,0.25172502382593076,0.1780643554856744,0.0,0.0,0.0,,0,57.0,,,,,,,0.29545454545454547,0.8214285714285714,0.8800000000000006,0.0
weak_anchor,0,near_pu_poisoning,Physically-Anchored-Adaptive,2000,492,0.773,0.7209302325581395,0.12601626016260162,0.21453287197231835,0.015915119363395226,0.8739837398373984,0.7911288844320803,0.12601626016260162,0.9887964556105161,1.2459505606590302,1.116335458671187,0.3421546332255897,0.2407062218677359,0.8739837398373984,1914,83.0,,,,,,,0.11363636363636363,0.15714285714285714,1.0,0.2918716150265376
weak_anchor,0,near_pu_poisoning,XGB+StaticProfile,2000,492,0.8575,0.9641255605381166,0.4369918699186992,0.6013986013986015,0.005305039787798408,0.5630081300813008,0.9400460417071015,0.4369918699186992,0.25172502382593076,0.1780643554856744,0.0,0.0,0.0,,0,57.0,,,,,,,0.29545454545454547,0.7928571428571428,0.8800000000000006,0.0
weak_anchor,0,near_pu_poisoning,Anchored-Update-Only,2000,492,0.757,0.7142857142857143,0.02032520325203252,0.039525691699604744,0.002652519893899204,0.9796747967479674,0.8146848245670785,0.02032520325203252,0.9984596835999124,1.2460980663334154,1.116424043223241,0.3421439129991978,0.2407062173818876,0.8719512195121951,1913,100.0,,,,,,,0.019886363636363636,0.02142857142857143,1.0,0.2918710892970507
weak_anchor,0,near_pu_poisoning,Physical-Only,2000,492,0.7715,0.7333333333333333,0.11178861788617886,0.19400352733686066,0.013262599469496022,0.8882113821138211,0.6997652088589852,0.11178861788617886,,,,,,,0,83.0,,,,,,,0.09943181818181818,0.14285714285714285,1.0,
weak_anchor,0,near_pu_poisoning,Spatial-XGBoost,2000,492,0.8465,0.8838174273858921,0.4329268292682927,0.5811732605729878,0.01856763925729443,0.5670731707317073,0.9003889823380993,0.4329268292682927,,,,,,,0,48.0,,,,,,,0.29829545454545453,0.7714285714285715,0.8400000000000005,
weak_anchor,0,near_pu_poisoning,Sequential-Anchored,2000,492,0.7835,0.7657657657657657,0.17276422764227642,0.2819237147595357,0.017241379310344827,0.8272357723577236,0.861916661275366,0.17276422764227642,0.5798790970703692,0.6349945364196198,0.5941075400909119,0.216462613739976,0.2037952539236436,0.11178861788617886,520,83.0,,,,0.0,237.0,0.0,0.15056818181818182,0.22857142857142856,1.0,0.2037952539236436
weak_anchor,0,near_pu_poisoning,Sequential-Anchored+Rollback,2000,492,0.816,0.848314606741573,0.30691056910569103,0.45074626865671635,0.01790450928381963,0.693089430894309,0.9049082400638331,0.30691056910569103,0.3604438456553296,0.2918896582668197,0.3041526824890245,0.216462613739976,0.1762446227841848,0.11178861788617886,520,83.0,,,,0.0,237.0,1.0,0.26420454545454547,0.4142857142857143,1.0,0.1762446227841848
weak_anchor,0,near_pu_poisoning,Sequential-Anchored-Full,2000,492,0.7915,0.7483443708609272,0.22967479674796748,0.3514774494556765,0.025198938992042442,0.7703252032520326,0.8557759698949774,0.22967479674796748,0.6471305502902004,0.7301513489858984,0.6143913896708117,0.2366310518894585,0.1448193273747022,0.7703252032520326,1849,83.0,,,,0.0,237.0,1.0,0.20738636363636365,0.2857142857142857,1.0,0.2038505110233786
weak_anchor,0,near_pu_poisoning,Physical-Only+Sequential,2000,492,0.7905,0.762589928057554,0.21544715447154472,0.3359746434231379,0.021883289124668436,0.7845528455284553,0.7975337495417395,0.21544715447154472,,,,,,,0,83.0,,,,0.0,235.0,0.0,0.19318181818181818,0.2714285714285714,1.0,
weak_anchor,0,noise_drift,Baseline-XGBoost,2000,0,0.7175,,,,0.2825,,,,,,,,,,0,,0.331875,,0.0,,,,,,,
weak_anchor,0,noise_drift,Naive-Adaptive,2000,0,0.9945,,,,0.0055,,,,1.715262626474345,0.22843224379251204,64.49546719553152,0.0,0.0,,1989,,0.005,0.0,1.0,,,,,,,
weak_anchor,0,noise_drift,XGB+Physical,2000,0,0.727,,,,0.273,,,,33.893687972112765,64.39731335156485,0.0,0.0,0.0,,0,,0.335625,,0.0,,,,,,,
weak_anchor,0,noise_drift,Physically-Anchored-Adaptive,2000,0,0.9825,,,,0.0175,,,,1.7505546979758664,0.2262228588696641,64.50384466450414,0.0,0.0,,1965,,0.01625,0.0,1.0,,,,,,,
weak_anchor,0,noise_drift,XGB+StaticProfile,2000,0,0.7345,,,,0.2655,,,,33.893687972112765,64.39731335156485,0.0,0.0,0.0,,0,,0.33,,0.0,,,,,,,
weak_anchor,0,noise_drift,Anchored-Update-Only,2000,0,0.994,,,,0.006,,,,1.7505546979758664,0.2262228588696641,64.50384466450414,0.0,0.0,,1965,,0.005625,0.0,1.0,,,,,,,
weak_anchor,0,noise_drift,Physical-Only,2000,0,0.9885,,,,0.0115,,,,,,,,,,0,,0.010625,0.0,1.0,,,,,,,
weak_anchor,0,noise_drift,Spatial-XGBoost,2000,0,0.978,,,,0.022,,,,,,,,,,0,,0.0225,0.0,1.0,,,,,,,
weak_anchor,0,noise_drift,Sequential-Anchored,2000,0,0.9825,,,,0.0175,,,,1.7505546979758664,0.2262228588696641,64.50384466450414,0.0,0.0,,1965,,0.01625,0.0,1.0,0.0,,0.0,,,,
weak_anchor,0,noise_drift,Sequential-Anchored+Rollback,2000,0,0.9825,,,,0.0175,,,,1.7505546979758664,0.2262228588696641,64.50384466450414,0.0,0.0,,1965,,0.01625,0.0,1.0,0.0,,0.0,,,,
weak_anchor,0,noise_drift,Sequential-Anchored-Full,2000,0,0.9825,,,,0.0175,,,,1.7505546979758664,0.2262228588696641,64.50384466450414,0.0,0.0,,1965,,0.01625,0.0,1.0,0.0,,0.0,,,,
weak_anchor,0,noise_drift,Physical-Only+Sequential,2000,0,0.9885,,,,0.0115,,,,,,,,,,0,,0.010625,0.0,1.0,0.0,,0.0,,,,
weak_anchor,0,poisoning,Baseline-XGBoost,2000,529,0.7915,0.6272727272727273,0.5217391304347826,0.5696594427244582,0.1114887831407206,0.4782608695652174,0.7597592522864864,0.5217391304347826,,,,,,,0,8.0,,,,,,,0.31989247311827956,1.0,0.5600000000000003,
weak_anchor,0,poisoning,Naive-Adaptive,2000,529,0.7365,0.625,0.00945179584120983,0.0186219739292365,0.0020394289598912306,0.9905482041587902,0.7095298004649436,0.00945179584120983,1.3302102721546134,1.7305176435829648,1.802554438700013,0.3817105669000934,0.3323410511787981,0.9905482041587902,1992,8.0,,,,,,,0.010752688172043012,0.006369426751592357,1.0,0.3010105654847579
weak_anchor,0,poisoning,XGB+Physical,2000,529,0.886,0.9263456090651558,0.6181474480151229,0.7414965986394558,0.017675050985723997,0.3818525519848771,0.9284118027292623,0.6181474480151229,0.2786669814787168,0.3201652699503621,0.0,0.0,0.0,,0,8.0,,,,,,,0.45698924731182794,1.0,0.12,0.0
weak_anchor,0,poisoning,Physically-Anchored-Adaptive,2000,529,0.887,0.9340974212034384,0.6162570888468809,0.7425968109339408,0.01563562202583277,0.3837429111531191,0.9307018231492535,0.6162570888468809,0.3581556824614652,0.45819951507945783,0.2148907026624253,0.2647824442515783,0.0061000245005995,0.3837429111531191,1651,8.0,,,,,,,0.4543010752688172,1.0,0.12,0.1768240726726951
weak_anchor,0,poisoning,XGB+StaticProfile,2000,529,0.853,0.9718875502008032,0.45746691871455575,0.6221079691516709,0.004758667573079538,0.5425330812854442,0.9218385959681761,0.45746691871455575,0.2786669814787168,0.3201652699503621,0.0,0.0,0.0,,0,31.0,,,,,,,0.29301075268817206,0.8471337579617835,0.9800000000000006,0.0
weak_anchor,0,poisoning,Anchored-Update-Only,2000,529,0.8375,0.9766355140186916,0.3950850661625709,0.5625841184387618,0.003399048266485384,0.6049149338374291,0.9311310413424505,0.3950850661625709,0.3370046456175694,0.4627927910514923,0.2161633186773326,0.0657343612633547,2.997508177463751e-06,0.01890359168241966,1457,8.0,,,,,,,0.2903225806451613,0.643312101910828,1.0,8.689007786062977e-05
weak_anchor,0,poisoning,Physical-Only,2000,529,0.889,0.9449275362318841,0.6162570888468809,0.7459954233409611,0.01291638341264446,0.3837429111531191,0.9383750621659585,0.6162570888468809,,,,,,,0,8.0,,,,,,,0.4543010752688172,1.0,0.12,
weak_anchor,0,poisoning,Spatial-XGBoost,2000,529,0.8725,0.9254658385093167,0.5633270321361059,0.7003525264394831,0.016315431679129844,0.43667296786389415,0.9026169458940911,0.5633270321361059,,,,,,,0,0.0,,,,,,,0.3790322580645161,1.0,0.14,
weak_anchor,0,poisoning,Sequential-Anchored,2000,529,0.887,0.9340974212034384,0.6162570888468809,0.7425968109339408,0.01563562202583277,0.3837429111531191,0.9281110929771423,0.6162570888468809,0.3381033993645998,0.4307913827817311,0.1782338948938031,0.0537333358134527,0.0505888690294635,0.011342155009451797,328,8.0,,,,0.0,28.0,0.0,0.4543010752688172,1.0,0.12,0.0505888690294635
weak_anchor,0,poisoning,Sequential-Anchored+Rollback,2000,529,0.8865,0.9289772727272727,0.6181474480151229,0.7423382519863791,0.01699524133242692,0.3818525519848771,0.9263942202043542,0.6181474480151229,0.3040055030444812,0.3717135664322022,0.1227702360401993,0.0537333358134527,0.0,0.011342155009451797,328,8.0,,,,0.0,28.0,6.0,0.45698924731182794,1.0,0.12,0.0
weak_anchor,0,poisoning,Sequential-Anchored-Full,2000,529,0.9145,0.9162790697674419,0.7448015122873346,0.8216892596454641,0.024473147518694765,0.2551984877126654,0.9535686151544864,0.7448015122873346,0.3328659023477854,0.4567579366603378,0.2171528520361378,0.1301924637279607,0.0024385866117892,0.2551984877126654,1570,8.0,,,,0.0,28.0,5.0,0.6370967741935484,1.0,0.14,0.0667600996119443
weak_anchor,0,poisoning,Physical-Only+Sequential,2000,529,0.917,0.9270588235294117,0.7448015122873346,0.8259958071278826,0.02107409925220938,0.2551984877126654,0.9540877892564374,0.7448015122873346,,,,,,,0,8.0,,,,0.0,28.0,0.0,0.6370967741935484,1.0,0.14,
weak_anchor,0,power_drift,Baseline-XGBoost,2000,0,0.459,,,,0.541,,,,,,,,,,0,,0.654375,,0.0,,,,,,,
weak_anchor,0,power_drift,Naive-Adaptive,2000,0,0.9945,,,,0.0055,,,,0.31881601672154475,0.3181061317687567,3.529976937196915,0.0,0.0,,1989,,0.005,0.0,1.0,,,,,,,
weak_anchor,0,power_drift,XGB+Physical,2000,0,0.812,,,,0.188,,,,1.9168460209174583,3.545511427868305,0.0,0.0,0.0,,0,,0.229375,,0.0,,,,,,,
weak_anchor,0,power_drift,Physically-Anchored-Adaptive,2000,0,0.982,,,,0.018,,,,0.31815837319172874,0.30340183123357173,3.5365641811967747,0.0,0.0,,1964,,0.0175,0.0,1.0,,,,,,,
weak_anchor,0,power_drift,XGB+StaticProfile,2000,0,0.8235,,,,0.1765,,,,1.9168460209174583,3.545511427868305,0.0,0.0,0.0,,0,,0.218125,,0.0,,,,,,,
weak_anchor,0,power_drift,Anchored-Update-Only,2000,0,0.9945,,,,0.0055,,,,0.31815837319172874,0.30340183123357173,3.5365641811967747,0.0,0.0,,1964,,0.005,0.0,1.0,,,,,,,
weak_anchor,0,power_drift,Physical-Only,2000,0,0.9875,,,,0.0125,,,,,,,,,,0,,0.0125,0.0,1.0,,,,,,,
weak_anchor,0,power_drift,Spatial-XGBoost,2000,0,0.821,,,,0.179,,,,,,,,,,0,,0.219375,,0.0,,,,,,,
weak_anchor,0,power_drift,Sequential-Anchored,2000,0,0.982,,,,0.018,,,,0.31815837319172874,0.30340183123357173,3.5365641811967747,0.0,0.0,,1964,,0.0175,0.0,1.0,0.0,,0.0,,,,
weak_anchor,0,power_drift,Sequential-Anchored+Rollback,2000,0,0.982,,,,0.018,,,,0.31815837319172874,0.30340183123357173,3.5365641811967747,0.0,0.0,,1964,,0.0175,0.0,1.0,0.0,,0.0,,,,
weak_anchor,0,power_drift,Sequential-Anchored-Full,2000,0,0.982,,,,0.018,,,,0.31815837319172874,0.30340183123357173,3.5365641811967747,0.0,0.0,,1964,,0.0175,0.0,1.0,0.0,,0.0,,,,
weak_anchor,0,power_drift,Physical-Only+Sequential,2000,0,0.9875,,,,0.0125,,,,,,,,,,0,,0.0125,0.0,1.0,0.0,,0.0,,,,
weak_anchor,0,power_matching_puea,Baseline-XGBoost,2000,443,0.7445,0.35714285714285715,0.19187358916478556,0.249632892804699,0.09826589595375723,0.8081264108352144,0.6254909380341602,0.19187358916478556,,,,,,,0,2.0,,,,,,,,,,
weak_anchor,0,power_matching_puea,Naive-Adaptive,2000,443,0.777,0.0,0.0,,0.0019267822736030828,1.0,0.5743956877191915,0.0,0.37815066332864694,0.4271494132555366,0.3357178607874327,0.3640119208076784,0.2714099515194688,1.0,1997,,,,,,,,,,,
weak_anchor,0,power_matching_puea,XGB+Physical,2000,443,0.9835,0.9324894514767933,0.9977426636568849,0.9640130861504908,0.020552344251766216,0.002257336343115124,0.9994534259464648,0.9977426636568849,0.2655950459647618,0.2938609349044794,0.0,0.0,0.0,,0,0.0,,,,,,,,,,
weak_anchor,0,power_matching_puea,Physically-Anchored-Adaptive,2000,443,0.984,0.9344608879492601,0.9977426636568849,0.9650655021834061,0.01991008349389852,0.002257336343115124,0.9994708235290707,0.9977426636568849,0.31767551025713187,0.28692328488509244,0.1389991401350672,0.01,5.765737000977046e-05,0.002257336343115124,1527,0.0,,,,,,,,,,
weak_anchor,0,power_matching_puea,XGB+StaticProfile,2000,443,0.7765,0.0,0.0,,0.002569043031470777,1.0,0.5964877180315795,0.0,0.2655950459647618,0.2938609349044794,0.0,0.0,0.0,,0,,,,,,,,,,,
weak_anchor,0,power_matching_puea,Anchored-Update-Only,2000,443,0.777,0.0,0.0,,0.0019267822736030828,1.0,0.5912756922425629,0.0,0.31767551025713187,0.28692328488509244,0.1389991401350672,0.01,5.765737000977046e-05,0.002257336343115124,1527,,,,,,,,,,,
weak_anchor,0,power_matching_puea,Physical-Only,2000,443,0.9855,0.9404255319148936,0.9977426636568849,0.968236582694414,0.01798330122029544,0.002257336343115124,0.9994911207087775,0.9977426636568849,,,,,,,0,0.0,,,,,,,,,,
weak_anchor,0,power_matching_puea,Spatial-XGBoost,2000,443,0.979,0.9134020618556701,1.0,0.9547413793103449,0.02697495183044316,0.0,0.9998927149072636,1.0,,,,,,,0,0.0,,,,,,,,,,
weak_anchor,0,power_matching_puea,Sequential-Anchored,2000,443,0.984,0.9344608879492601,0.9977426636568849,0.9650655021834061,0.01991008349389852,0.002257336343115124,0.9994693737305201,0.9977426636568849,0.32460147241742704,0.3018064358223057,0.2137738924731408,0.0,0.0,0.0,600,0.0,,,,0.0,111.0,0.0,,,,
weak_anchor,0,power_matching_puea,Sequential-Anchored+Rollback,2000,443,0.984,0.9344608879492601,0.9977426636568849,0.9650655021834061,0.01991008349389852,0.002257336343115124,0.9994751729247221,0.9977426636568849,0.3341401534902699,0.3713180781447603,0.2389632389634253,0.0,0.0,0.0,600,0.0,,,,0.0,111.0,2.0,,,,
weak_anchor,0,power_matching_puea,Sequential-Anchored-Full,2000,443,0.9795,0.9152892561983471,1.0,0.9557713052858684,0.026332691072575465,0.0,0.9999724538275406,1.0,0.3163602276331238,0.2856938989034623,0.1419302044576128,0.0,0.0,0.0,1516,0.0,,,,0.0,111.0,2.0,,,,
weak_anchor,0,power_matching_puea,Physical-Only+Sequential,2000,443,0.981,0.920997920997921,1.0,0.9588744588744589,0.024405908798972382,0.0,0.9999724538275406,1.0,,,,,,,0,0.0,,,,0.0,111.0,0.0,,,,
weak_anchor,0,shadowing_drift,Baseline-XGBoost,2000,0,0.8735,,,,0.1265,,,,,,,,,,0,,0.13125,,0.0,,,,,,,
weak_anchor,0,shadowing_drift,Naive-Adaptive,2000,0,0.9955,,,,0.0045,,,,0.33228202823688424,0.3865524631860879,0.8072016591305168,0.0,0.0,,1991,,0.004375,0.0,1.0,,,,,,,
weak_anchor,0,shadowing_drift,XGB+Physical,2000,0,0.958,,,,0.042,,,,0.6025821710384714,0.9481158435153714,0.0,0.0,0.0,,0,,0.0475,1206.0,1.0,,,,,,,
weak_anchor,0,shadowing_drift,Physically-Anchored-Adaptive,2000,0,0.9745,,,,0.0255,,,,0.3292231383628326,0.37429559897346487,0.8228353757949421,0.0,0.0,,1949,,0.026875,0.0,1.0,,,,,,,
weak_anchor,0,shadowing_drift,XGB+StaticProfile,2000,0,0.979,,,,0.021,,,,0.6025821710384714,0.9481158435153714,0.0,0.0,0.0,,0,,0.025,0.0,1.0,,,,,,,
weak_anchor,0,shadowing_drift,Anchored-Update-Only,2000,0,0.9955,,,,0.0045,,,,0.3292231383628326,0.37429559897346487,0.8228353757949421,0.0,0.0,,1949,,0.004375,0.0,1.0,,,,,,,
weak_anchor,0,shadowing_drift,Physical-Only,2000,0,0.979,,,,0.021,,,,,,,,,,0,,0.0225,0.0,1.0,,,,,,,
weak_anchor,0,shadowing_drift,Spatial-XGBoost,2000,0,0.958,,,,0.042,,,,,,,,,,0,,0.046875,0.0,1.0,,,,,,,
weak_anchor,0,shadowing_drift,Sequential-Anchored,2000,0,0.9745,,,,0.0255,,,,0.3292231383628326,0.37429559897346487,0.8228353757949421,0.0,0.0,,1949,,0.026875,0.0,1.0,0.0,,0.0,,,,
weak_anchor,0,shadowing_drift,Sequential-Anchored+Rollback,2000,0,0.9745,,,,0.0255,,,,0.3292231383628326,0.37429559897346487,0.8228353757949421,0.0,0.0,,1949,,0.026875,0.0,1.0,0.0,,0.0,,,,
weak_anchor,0,shadowing_drift,Sequential-Anchored-Full,2000,0,0.9745,,,,0.0255,,,,0.3292231383628326,0.37429559897346487,0.8228353757949421,0.0,0.0,,1949,,0.026875,0.0,1.0,0.0,,0.0,,,,
weak_anchor,0,shadowing_drift,Physical-Only+Sequential,2000,0,0.979,,,,0.021,,,,,,,,,,0,,0.0225,0.0,1.0,0.0,,0.0,,,,
weak_anchor,0,slow_near_pu_poisoning,Baseline-XGBoost,2000,209,0.901,0.5166163141993958,0.8181818181818182,0.6333333333333333,0.0893355667225014,0.18181818181818182,0.9133920533021299,0.8181818181818182,,,,,,,0,0.0,,,,,,,0.25,0.9875776397515528,0.2999999999999998,
weak_anchor,0,slow_near_pu_poisoning,Naive-Adaptive,2000,209,0.9005,0.7777777777777778,0.06698564593301436,0.12334801762114538,0.002233389168062535,0.9330143540669856,0.7990724489005367,0.06698564593301436,0.5739252135198244,1.3725197185395317,1.375091273862269,0.3341078156347701,0.3069241846954272,0.9330143540669856,1982,479.0,,,,,,,0.041666666666666664,0.07453416149068323,0.8200000000000005,0.0322918241581805
weak_anchor,0,slow_near_pu_poisoning,XGB+Physical,2000,209,0.9475,0.8209876543209876,0.6363636363636364,0.7169811320754718,0.01619207146845338,0.36363636363636365,0.9301344575081683,0.6363636363636364,0.2902048542641362,0.26819424247864115,0.0,0.0,0.0,,0,372.0,,,,,,,0.14583333333333334,0.782608695652174,0.5600000000000003,0.0
weak_anchor,0,slow_near_pu_poisoning,Physically-Anchored-Adaptive,2000,209,0.905,0.6338028169014085,0.215311004784689,0.32142857142857145,0.014517029592406477,0.784688995215311,0.8177784189421322,0.215311004784689,0.5291893473036192,1.3117497739856407,1.258418375476968,0.2876112901669027,0.2777851023357927,0.784688995215311,1929,372.0,,,,,,,0.125,0.2422360248447205,0.6200000000000003,0.024056518627271
weak_anchor,0,slow_near_pu_poisoning,XGB+StaticProfile,2000,209,0.953,0.9457364341085271,0.583732057416268,0.7218934911242604,0.003908431044109436,0.41626794258373206,0.9501307708131299,0.583732057416268,0.2902048542641362,0.26819424247864115,0.0,0.0,0.0,,0,479.0,,,,,,,0.08333333333333333,0.7329192546583851,0.7000000000000004,0.0
weak_anchor,0,slow_near_pu_poisoning,Anchored-Update-Only,2000,209,0.9015,0.8,0.07655502392344497,0.13973799126637554,0.002233389168062535,0.9234449760765551,0.8142252998111237,0.07655502392344497,0.5451873238944296,1.3201017977784824,1.2636309096556853,0.2931763663953798,0.2786841600005872,0.8086124401913876,1934,479.0,,,,,,,0.041666666666666664,0.08695652173913043,0.8200000000000005,0.024047774483845
weak_anchor,0,slow_near_pu_poisoning,Physical-Only,2000,209,0.8965,0.5217391304347826,0.11483253588516747,0.18823529411764706,0.012283640424343942,0.8851674641148325,0.7090316013881208,0.11483253588516747,,,,,,,0,372.0,,,,,,,0.10416666666666667,0.11801242236024845,0.6800000000000004,
weak_anchor,0,slow_near_pu_poisoning,Spatial-XGBoost,2000,209,0.944,0.7803468208092486,0.645933014354067,0.7068062827225132,0.02121719709659408,0.35406698564593303,0.9266107250767394,0.645933014354067,,,,,,,0,462.0,,,,,,,0.125,0.8012422360248447,0.6000000000000004,
weak_anchor,0,slow_near_pu_poisoning,Sequential-Anchored,2000,209,0.9165,0.723404255319149,0.3253588516746411,0.4488448844884488,0.014517029592406477,0.6746411483253588,0.8988776952278671,0.3253588516746411,0.36485116448059546,0.43625486088902365,0.2723480622810401,0.0721012014537963,0.0721012014537963,0.23444976076555024,1530,372.0,,,,0.0,1255.0,0.0,0.125,0.38509316770186336,0.6200000000000003,0.024056518627271
weak_anchor,0,slow_near_pu_poisoning,Sequential-Anchored+Rollback,2000,209,0.9385,0.8115942028985508,0.5358851674641149,0.6455331412103746,0.014517029592406477,0.46411483253588515,0.9255554754100112,0.5358851674641149,0.35332346621036154,0.3934780783420433,0.2036924877020558,0.0693606032786035,0.0268686370908928,0.23444976076555024,1530,372.0,,,,0.0,1255.0,2.0,0.125,0.6583850931677019,0.6200000000000003,0.024056518627271
weak_anchor,0,slow_near_pu_poisoning,Sequential-Anchored-Full,2000,209,0.92,0.7333333333333333,0.3684210526315789,0.4904458598726114,0.015633724176437745,0.631578947368421,0.9005153358499033,0.3684210526315789,0.41046322102313626,0.8078903594319873,0.753155217103016,0.1613404906168206,0.1588749197276606,0.631578947368421,1895,372.0,,,,0.0,1255.0,2.0,0.125,0.4409937888198758,0.6200000000000003,0.024056518627271
weak_anchor,0,slow_near_pu_poisoning,Physical-Only+Sequential,2000,209,0.906,0.6521739130434783,0.215311004784689,0.32374100719424465,0.01340033500837521,0.784688995215311,0.8109767337484873,0.215311004784689,,,,,,,0,372.0,,,,0.0,1255.0,0.0,0.10416666666666667,0.2484472049689441,0.6800000000000004,
weak_anchor,0,stable,Baseline-XGBoost,2000,0,0.901,,,,0.099,,,,,,,,,,0,,,,,,,,,,,
weak_anchor,0,stable,Naive-Adaptive,2000,0,0.997,,,,0.003,,,,0.3178817106283159,0.2514466007410974,0.189390735298391,0.0,0.0,,1994,,,,,,,,,,,
weak_anchor,0,stable,XGB+Physical,2000,0,0.98,,,,0.02,,,,0.28014589213571206,0.18119217146918526,0.0,0.0,0.0,,0,,,,,,,,,,,
weak_anchor,0,stable,Physically-Anchored-Adaptive,2000,0,0.981,,,,0.019,,,,0.321460551157252,0.26488134133155417,0.1824753190842706,0.0,0.0,,1962,,,,,,,,,,,
weak_anchor,0,stable,XGB+StaticProfile,2000,0,0.9965,,,,0.0035,,,,0.28014589213571206,0.18119217146918526,0.0,0.0,0.0,,0,,,,,,,,,,,
weak_anchor,0,stable,Anchored-Update-Only,2000,0,0.9975,,,,0.0025,,,,0.321460551157252,0.26488134133155417,0.1824753190842706,0.0,0.0,,1962,,,,,,,,,,,
weak_anchor,0,stable,Physical-Only,2000,0,0.9835,,,,0.0165,,,,,,,,,,0,,,,,,,,,,,
weak_anchor,0,stable,Spatial-XGBoost,2000,0,0.976,,,,0.024,,,,,,,,,,0,,,,,,,,,,,
weak_anchor,0,stable,Sequential-Anchored,2000,0,0.981,,,,0.019,,,,0.321460551157252,0.26488134133155417,0.1824753190842706,0.0,0.0,,1962,,,,,0.0,,0.0,,,,
weak_anchor,0,stable,Sequential-Anchored+Rollback,2000,0,0.981,,,,0.019,,,,0.321460551157252,0.26488134133155417,0.1824753190842706,0.0,0.0,,1962,,,,,0.0,,0.0,,,,
weak_anchor,0,stable,Sequential-Anchored-Full,2000,0,0.981,,,,0.019,,,,0.321460551157252,0.26488134133155417,0.1824753190842706,0.0,0.0,,1962,,,,,0.0,,0.0,,,,
weak_anchor,0,stable,Physical-Only+Sequential,2000,0,0.9835,,,,0.0165,,,,,,,,,,0,,,,,0.0,,0.0,,,,
weak_anchor,0,stealthy_puea,Baseline-XGBoost,2000,246,0.5285,0.16841103710751665,0.7195121951219512,0.27293754818812643,0.4982896237172178,0.2804878048780488,0.6272816605018958,0.7195121951219512,,,,,,,0,3.0,0.6225997045790251,,0.0,,,,,,,
weak_anchor,0,stealthy_puea,Naive-Adaptive,2000,246,0.8835,0.8095238095238095,0.06910569105691057,0.12734082397003746,0.002280501710376283,0.9308943089430894,0.7058987123508635,0.06910569105691057,0.43637838405453333,0.41048967114485263,3.471716222329678,0.2008744182552808,0.136633019019543,0.9308943089430894,1979,3.0,0.0022156573116691287,0.0,1.0,,,,,,,
weak_anchor,0,stealthy_puea,XGB+Physical,2000,246,0.818,0.38992537313432835,0.8495934959349594,0.5345268542199488,0.1864310148232611,0.15040650406504066,0.9095122878252728,0.8495934959349594,1.9328094531629796,3.522975025005926,0.0,0.0,0.0,,0,3.0,0.23707533234859676,,0.0,,,,,,,
weak_anchor,0,stealthy_puea,Physically-Anchored-Adaptive,2000,246,0.955,0.8305084745762712,0.7967479674796748,0.8132780082987551,0.02280501710376283,0.2032520325203252,0.968174949708448,0.7967479674796748,0.36261508538679565,0.3418896077803966,3.4163117206261315,0.0666282935959845,0.0321768022371111,0.2032520325203252,1764,3.0,0.025110782865583457,0.0,1.0,,,,,,,
weak_anchor,0,stealthy_puea,XGB+StaticProfile,2000,246,0.781,0.2669902912621359,0.44715447154471544,0.3343465045592705,0.17217787913340935,0.5528455284552846,0.7304256936526037,0.44715447154471544,1.9328094531629796,3.522975025005926,0.0,0.0,0.0,,0,3.0,0.2223042836041359,,0.0,,,,,,,
weak_anchor,0,stealthy_puea,Anchored-Update-Only,2000,246,0.8925,0.8444444444444444,0.15447154471544716,0.2611683848797251,0.003990877993158495,0.8455284552845529,0.7623805285943395,0.15447154471544716,0.36261508538679565,0.3418896077803966,3.4163117206261315,0.0666282935959845,0.0321768022371111,0.2032520325203252,1764,3.0,0.004431314623338257,0.0,1.0,,,,,,,
weak_anchor,0,stealthy_puea,Physical-Only,2000,246,0.9565,0.8533333333333334,0.7804878048780488,0.8152866242038218,0.018814139110604332,0.21951219512195122,0.9745969723095179,0.7804878048780488,,,,,,,0,14.0,0.0206794682422452,0.0,1.0,,,,,,,
weak_anchor,0,stealthy_puea,Spatial-XGBoost,2000,246,0.7975,0.3297644539614561,0.6260162601626016,0.43197755960729306,0.17844925883694412,0.37398373983739835,0.8388294815103225,0.6260162601626016,,,,,,,0,25.0,0.22821270310192024,,0.0,,,,,,,
weak_anchor,0,stealthy_puea,Sequential-Anchored,2000,246,0.8735,0.491566265060241,0.8292682926829268,0.6172465960665658,0.12029646522234892,0.17073170731707318,0.9317587674166365,0.8292682926829268,1.8294631478600072,3.359422314381919,0.2854260872835103,0.0330492959445526,0.0278586790625916,0.016260162601626018,544,3.0,0.15140324963072377,,0.0,0.0,27.0,0.0,,,,
weak_anchor,0,stealthy_puea,Sequential-Anchored+Rollback,2000,246,0.802,0.3684210526315789,0.8536585365853658,0.5147058823529411,0.20524515393386544,0.14634146341463414,0.9017785132241288,0.8536585365853658,1.9745994320224372,3.557921942065582,0.159736872714286,0.0344819776170717,0.0,0.016260162601626018,544,3.0,0.2614475627769572,,0.0,0.0,27.0,2.0,,,,
weak_anchor,0,stealthy_puea,Sequential-Anchored-Full,2000,246,0.9675,0.8175438596491228,0.9471544715447154,0.8775894538606402,0.029646522234891677,0.052845528455284556,0.9854131323525323,0.9471544715447154,0.3739216575497293,0.33709452532343037,3.407902158639838,0.0344819776170717,0.0054223111099222,0.052845528455284556,1715,3.0,0.033973412112259974,0.0,1.0,0.0,27.0,2.0,,,,
weak_anchor,0,stealthy_puea,Physical-Only+Sequential,2000,246,0.97,0.8369565217391305,0.9390243902439024,0.885057471264368,0.02565564424173318,0.06097560975609756,0.9881988671654106,0.9390243902439024,,,,,,,0,14.0,0.029542097488921712,0.0,1.0,0.0,27.0,0.0,,,,
weak_anchor,1,basic_puea,Baseline-XGBoost,2000,457,0.948,0.8146167557932263,1.0,0.8978388998035364,0.06740116655865197,0.0,0.9999957455920789,1.0,,,,,,,0,0.0,,,,,,,,,,
weak_anchor,1,basic_puea,Naive-Adaptive,2000,457,0.997,1.0,0.986870897155361,0.9933920704845814,0.0,0.01312910284463895,0.9999957455920789,0.986870897155361,0.32426898111164715,0.3845256211613486,0.2836653675269625,0.025917164529976,0.000498907922633,0.01312910284463895,1549,0.0,,,,,,,,,,
weak_anchor,1,basic_puea,XGB+Physical,2000,457,0.9915,0.9641350210970464,1.0,0.9817400644468313,0.01101749837977965,0.0,1.0,1.0,0.2779277910854813,0.29688533257042765,0.0,0.0,0.0,,0,0.0,,,,,,,,,,
weak_anchor,1,basic_puea,Physically-Anchored-Adaptive,2000,457,0.9915,0.9641350210970464,1.0,0.9817400644468313,0.01101749837977965,0.0,1.0,1.0,0.32217045242586223,0.37905849380319817,0.2790832237332902,0.0,0.0,0.0,1526,0.0,,,,,,,,,,
weak_anchor,1,basic_puea,XGB+StaticProfile,2000,457,0.9995,1.0,0.9978118161925602,0.9989047097480832,0.0,0.002188183807439825,0.9999985818640262,0.9978118161925602,0.2779277910854813,0.29688533257042765,0.0,0.0,0.0,,0,0.0,,,,,,,,,,
weak_anchor,1,basic_puea,Anchored-Update-Only,2000,457,0.9985,1.0,0.9934354485776805,0.9967069154774972,0.0,0.006564551422319475,0.9999985818640262,0.9934354485776805,0.32217045242586223,0.37905849380319817,0.2790832237332902,0.0,0.0,0.0,1526,0.0,,,,,,,,,,
weak_anchor,1,basic_puea,Physical-Only,2000,457,0.9915,0.9641350210970464,1.0,0.9817400644468313,0.01101749837977965,0.0,0.9999844005042892,1.0,,,,,,,0,0.0,,,,,,,,,,
weak_anchor,1,basic_puea,Spatial-XGBoost,2000,457,0.995,0.9785867237687366,1.0,0.9891774891774892,0.0064808813998703824,0.0,1.0,1.0,,,,,,,0,0.0,,,,,,,,,,
weak_anchor,1,basic_puea,Sequential-Anchored,2000,457,0.991,0.9621052631578947,1.0,0.9806866952789699,0.011665586519766688,0.0,1.0,1.0,0.30816221193089605,0.4023694587448905,0.2664692419833263,0.0,0.0,0.0,508,0.0,,,,0.0,0.0,0.0,,,,
weak_anchor,1,basic_puea,Sequential-Anchored+Rollback,2000,457,0.991,0.9621052631578947,1.0,0.9806866952789699,0.011665586519766688,0.0,1.0,1.0,0.3085310942949698,0.4023859407171295,0.2668192356375223,0.0,0.0,0.0,508,0.0,,,,0.0,0.0,2.0,,,,
weak_anchor,1,basic_puea,Sequential-Anchored-Full,2000,457,0.985,0.9383983572895277,1.0,0.9682203389830509,0.019442644199611146,0.0,1.0,1.0,0.32438302852617484,0.38400351614605044,0.2991103287072736,0.0,0.0,0.0,1505,0.0,,,,0.0,0.0,2.0,,,,
weak_anchor,1,basic_puea,Physical-Only+Sequential,2000,457,0.985,0.9383983572895277,1.0,0.9682203389830509,0.019442644199611146,0.0,1.0,1.0,,,,,,,0,0.0,,,,0.0,0.0,0.0,,,,
weak_anchor,1,combined_drift,Baseline-XGBoost,2000,0,0.736,,,,0.264,,,,,,,,,,0,,0.308125,,0.0,,,,,,,
weak_anchor,1,combined_drift,Naive-Adaptive,2000,0,0.9985,,,,0.0015,,,,1.2041299951219657,0.3981979114472113,42.85144670416872,0.0,0.0,,1997,,0.001875,0.0,1.0,,,,,,,
weak_anchor,1,combined_drift,XGB+Physical,2000,0,0.754,,,,0.246,,,,22.51909815584214,42.81744331044577,0.0,0.0,0.0,,0,,0.304375,,0.0,,,,,,,
weak_anchor,1,combined_drift,Physically-Anchored-Adaptive,2000,0,0.99,,,,0.01,,,,1.21741138025887,0.3996651815194734,42.85079922523645,0.0,0.0,,1980,,0.009375,0.0,1.0,,,,,,,
weak_anchor,1,combined_drift,XGB+StaticProfile,2000,0,0.7595,,,,0.2405,,,,22.51909815584214,42.81744331044577,0.0,0.0,0.0,,0,,0.300625,,0.0,,,,,,,
weak_anchor,1,combined_drift,Anchored-Update-Only,2000,0,0.9985,,,,0.0015,,,,1.21741138025887,0.3996651815194734,42.85079922523645,0.0,0.0,,1980,,0.001875,0.0,1.0,,,,,,,
weak_anchor,1,combined_drift,Physical-Only,2000,0,0.9915,,,,0.0085,,,,,,,,,,0,,0.0075,0.0,1.0,,,,,,,
weak_anchor,1,combined_drift,Spatial-XGBoost,2000,0,0.9715,,,,0.0285,,,,,,,,,,0,,0.034375,0.0,1.0,,,,,,,
weak_anchor,1,combined_drift,Sequential-Anchored,2000,0,0.99,,,,0.01,,,,1.21741138025887,0.3996651815194734,42.85079922523645,0.0,0.0,,1980,,0.009375,0.0,1.0,0.0,,0.0,,,,
weak_anchor,1,combined_drift,Sequential-Anchored+Rollback,2000,0,0.99,,,,0.01,,,,1.21741138025887,0.3996651815194734,42.85079922523645,0.0,0.0,,1980,,0.009375,0.0,1.0,0.0,,0.0,,,,
weak_anchor,1,combined_drift,Sequential-Anchored-Full,2000,0,0.99,,,,0.01,,,,1.21741138025887,0.3996651815194734,42.85079922523645,0.0,0.0,,1980,,0.009375,0.0,1.0,0.0,,0.0,,,,
weak_anchor,1,combined_drift,Physical-Only+Sequential,2000,0,0.9915,,,,0.0085,,,,,,,,,,0,,0.0075,0.0,1.0,0.0,,0.0,,,,
weak_anchor,1,gradual_puea,Baseline-XGBoost,2000,473,0.8695,0.7334801762114538,0.7040169133192389,0.7184466019417476,0.07924034053700066,0.2959830866807611,0.8988482162512409,0.7040169133192389,,,,,,,0,0.0,,,,,,,,,,
weak_anchor,1,gradual_puea,Naive-Adaptive,2000,473,0.7635,,0.0,,0.0,1.0,0.8171821933872466,0.0,0.7143330475291375,0.4304565093393285,0.4307175743995556,0.4007327811456548,0.3140166046159357,1.0,2000,,,,,,,,,,,
weak_anchor,1,gradual_puea,XGB+Physical,2000,473,0.953,0.9437939110070258,0.8520084566596194,0.8955555555555555,0.015717092337917484,0.14799154334038056,0.9780220997381869,0.8520084566596194,0.28007316328369514,0.2506261996284556,0.0,0.0,0.0,,0,0.0,,,,,,,,,,
weak_anchor,1,gradual_puea,Physically-Anchored-Adaptive,2000,473,0.953,0.9437939110070258,0.8520084566596194,0.8955555555555555,0.015717092337917484,0.14799154334038056,0.9783059267227951,0.8520084566596194,0.32299537611981055,0.29288443851146767,0.3184005901894137,0.2483618533187767,0.2126467833629333,0.14799154334038056,1573,0.0,,,,,,,,,,
weak_anchor,1,gradual_puea,XGB+StaticProfile,2000,473,0.7925,1.0,0.1226215644820296,0.2184557438794727,0.0,0.8773784355179705,0.8858863224468378,0.1226215644820296,0.28007316328369514,0.2506261996284556,0.0,0.0,0.0,,0,18.0,,,,,,,,,,
weak_anchor,1,gradual_puea,Anchored-Update-Only,2000,473,0.787,1.0,0.09936575052854123,0.18076923076923077,0.0,0.9006342494714588,0.8844907243956908,0.09936575052854123,0.32299537611981055,0.29288443851146767,0.3184005901894137,0.2483618533187767,0.2126467833629333,0.14799154334038056,1573,18.0,,,,,,,,,,
weak_anchor,1,gradual_puea,Physical-Only,2000,473,0.953,0.9437939110070258,0.8520084566596194,0.8955555555555555,0.015717092337917484,0.14799154334038056,0.9791947897672757,0.8520084566596194,,,,,,,0,0.0,,,,,,,,,,
weak_anchor,1,gradual_puea,Spatial-XGBoost,2000,473,0.965,0.9610983981693364,0.8879492600422833,0.9230769230769231,0.011132940406024885,0.11205073995771671,0.9871364072488028,0.8879492600422833,,,,,,,0,0.0,,,,,,,,,,
weak_anchor,1,gradual_puea,Sequential-Anchored,2000,473,0.953,0.9437939110070258,0.8520084566596194,0.8955555555555555,0.015717092337917484,0.14799154334038056,0.978242238716493,0.8520084566596194,0.30043277611222174,0.29135415037746976,0.1839951794665315,0.0,0.0,0.0,494,0.0,,,,0.0,0.0,0.0,,,,
weak_anchor,1,gradual_puea,Sequential-Anchored+Rollback,2000,473,0.953,0.9437939110070258,0.8520084566596194,0.8955555555555555,0.015717092337917484,0.14799154334038056,0.9782505458477497,0.8520084566596194,0.2978430601594427,0.28902650324166634,0.1795339983603922,0.0,0.0,0.0,494,0.0,,,,0.0,0.0,2.0,,,,
weak_anchor,1,gradual_puea,Sequential-Anchored-Full,2000,473,0.9645,0.9313304721030042,0.9175475687103594,0.9243876464323748,0.020956123117223315,0.0824524312896406,0.9816024733098795,0.9175475687103594,0.3197953472436981,0.25765584301305494,0.2285911118148119,0.1663647119884179,0.1171306898081004,0.0824524312896406,1522,0.0,,,,0.0,0.0,2.0,,,,
weak_anchor,1,gradual_puea,Physical-Only+Sequential,2000,473,0.9645,0.9313304721030042,0.9175475687103594,0.9243876464323748,0.020956123117223315,0.0824524312896406,0.9823279627729758,0.9175475687103594,,,,,,,0,0.0,,,,0.0,0.0,0.0,,,,
weak_anchor,1,near_pu_poisoning,Baseline-XGBoost,2000,520,0.81,0.6776649746192893,0.5134615384615384,0.5842450765864332,0.08581081081081081,0.48653846153846153,0.7649077442827442,0.5134615384615384,,,,,,,0,24.0,,,,,,,0.31301939058171746,0.9685534591194969,0.7000000000000012,
weak_anchor,1,near_pu_poisoning,Naive-Adaptive,2000,520,0.742,1.0,0.007692307692307693,0.015267175572519085,0.0,0.9923076923076923,0.8842242723492724,0.007692307692307693,1.1222027774683225,1.537860742894116,1.633036590682447,0.3900763371896647,0.3300681791095788,0.9923076923076923,1996,140.0,,,,,,,0.0110803324099723,0.0,1.0,0.2621655154379202
weak_anchor,1,near_pu_poisoning,XGB+Physical,2000,520,0.8495,0.9010989010989011,0.47307692307692306,0.6204287515762926,0.018243243243243244,0.5269230769230769,0.901318866943867,0.47307692307692306,0.3025673489265109,0.2636779086459166,0.0,0.0,0.0,,0,10.0,,,,,,,0.3047091412742382,0.8553459119496856,0.8000000000000005,0.0
weak_anchor,1,near_pu_poisoning,Physically-Anchored-Adaptive,2000,520,0.8,0.8703703703703703,0.27115384615384613,0.41348973607038114,0.01418918918918919,0.7288461538461538,0.8739877858627858,0.27115384615384613,0.8407557129420093,1.1479407360116294,1.1868504267244222,0.3064062296823038,0.243637912162045,0.7288461538461538,1838,10.0,,,,,,,0.2631578947368421,0.2893081761006289,1.0,0.2133730990032293
weak_anchor,1,near_pu_poisoning,XGB+StaticProfile,2000,520,0.8565,0.9755102040816327,0.4596153846153846,0.6248366013071895,0.004054054054054054,0.5403846153846154,0.9086200623700624,0.4596153846153846,0.3025673489265109,0.2636779086459166,0.0,0.0,0.0,,0,77.0,,,,,,,0.30193905817174516,0.8176100628930818,0.9000000000000005,0.0
weak_anchor,1,near_pu_poisoning,Anchored-Update-Only,2000,520,0.7425,1.0,0.009615384615384616,0.01904761904761905,0.0,0.9903846153846154,0.9007328482328483,0.009615384615384616,0.8933940603022086,1.1484943914259416,1.1871960479646977,0.3048358629587246,0.243619380328389,0.7134615384615385,1830,140.0,,,,,,,0.0110803324099723,0.006289308176100629,1.0,0.2117173808585311
weak_anchor,1,near_pu_poisoning,Physical-Only,2000,520,0.799,0.86875,0.2673076923076923,0.40882352941176464,0.01418918918918919,0.7326923076923076,0.8442281704781706,0.2673076923076923,,,,,,,0,10.0,,,,,,,0.26038781163434904,0.2830188679245283,1.0,
weak_anchor,1,near_pu_poisoning,Spatial-XGBoost,2000,520,0.831,0.9252336448598131,0.38076923076923075,0.5395095367847411,0.010810810810810811,0.6192307692307693,0.9169126819126819,0.38076923076923075,,,,,,,0,79.0,,,,,,,0.29085872576177285,0.5849056603773585,1.0,
weak_anchor,1,near_pu_poisoning,Sequential-Anchored,2000,520,0.8435,0.9123505976095617,0.4403846153846154,0.5940337224383917,0.014864864864864866,0.5596153846153846,0.9162915800415801,0.4403846153846154,0.3194750290137374,0.4203745887256875,0.323737562912316,0.0736027637796337,0.0736027637796337,0.015384615384615385,313,10.0,,,,0.0,10.0,0.0,0.30193905817174516,0.7547169811320755,0.9000000000000006,0.0736027637796337
weak_anchor,1,near_pu_poisoning,Sequential-Anchored+Rollback,2000,520,0.8415,0.9076305220883534,0.4346153846153846,0.58777633289987,0.015540540540540541,0.5653846153846154,0.915556133056133,0.4346153846153846,0.2962296193367646,0.36258866386385047,0.2372502291504792,0.0675561389372892,0.0,0.015384615384615385,313,10.0,,,,0.0,10.0,5.0,0.29916897506925205,0.7421383647798742,0.9200000000000006,0.0
weak_anchor,1,near_pu_poisoning,Sequential-Anchored-Full,2000,520,0.8345,0.8705882352941177,0.4269230769230769,0.5729032258064516,0.0222972972972973,0.573076923076923,0.8828898128898129,0.4269230769230769,0.33915264915553667,0.381115513513377,0.3507591694434432,0.2149545651243405,0.0564843920381354,0.5692307692307692,1739,10.0,,,,0.0,10.0,5.0,0.3074792243767313,0.6981132075471698,0.6200000000000032,0.1468171310854696
weak_anchor,1,near_pu_poisoning,Physical-Only+Sequential,2000,520,0.83,0.8688524590163934,0.4076923076923077,0.5549738219895287,0.021621621621621623,0.5923076923076923,0.8603274428274428,0.4076923076923077,,,,,,,0,10.0,,,,0.0,10.0,0.0,0.3074792243767313,0.6352201257861635,0.6200000000000032,
weak_anchor,1,noise_drift,Baseline-XGBoost,2000,0,0.7535,,,,0.2465,,,,,,,,,,0,,0.284375,,0.0,,,,,,,
weak_anchor,1,noise_drift,Naive-Adaptive,2000,0,0.9995,,,,0.0005,,,,1.5453748091118005,0.3364206100519533,56.70871230698143,0.0,0.0,,1999,,0.000625,0.0,1.0,,,,,,,
weak_anchor,1,noise_drift,XGB+Physical,2000,0,0.771,,,,0.229,,,,29.85405435026834,56.72516884319958,0.0,0.0,0.0,,0,,0.285,,0.0,,,,,,,
weak_anchor,1,noise_drift,Physically-Anchored-Adaptive,2000,0,0.9915,,,,0.0085,,,,1.5764794348906688,0.3290080409174743,56.69886408073501,0.0,0.0,,1983,,0.009375,0.0,1.0,,,,,,,
weak_anchor,1,noise_drift,XGB+StaticProfile,2000,0,0.776,,,,0.224,,,,29.85405435026834,56.72516884319958,0.0,0.0,0.0,,0,,0.28,,0.0,,,,,,,
weak_anchor,1,noise_drift,Anchored-Update-Only,2000,0,0.9995,,,,0.0005,,,,1.5764794348906688,0.3290080409174743,56.69886408073501,0.0,0.0,,1983,,0.000625,0.0,1.0,,,,,,,
weak_anchor,1,noise_drift,Physical-Only,2000,0,0.992,,,,0.008,,,,,,,,,,0,,0.00875,0.0,1.0,,,,,,,
weak_anchor,1,noise_drift,Spatial-XGBoost,2000,0,0.9915,,,,0.0085,,,,,,,,,,0,,0.00875,0.0,1.0,,,,,,,
weak_anchor,1,noise_drift,Sequential-Anchored,2000,0,0.9915,,,,0.0085,,,,1.5764794348906688,0.3290080409174743,56.69886408073501,0.0,0.0,,1983,,0.009375,0.0,1.0,0.0,,0.0,,,,
weak_anchor,1,noise_drift,Sequential-Anchored+Rollback,2000,0,0.9915,,,,0.0085,,,,1.5764794348906688,0.3290080409174743,56.69886408073501,0.0,0.0,,1983,,0.009375,0.0,1.0,0.0,,0.0,,,,
weak_anchor,1,noise_drift,Sequential-Anchored-Full,2000,0,0.9915,,,,0.0085,,,,1.5764794348906688,0.3290080409174743,56.69886408073501,0.0,0.0,,1983,,0.009375,0.0,1.0,0.0,,0.0,,,,
weak_anchor,1,noise_drift,Physical-Only+Sequential,2000,0,0.992,,,,0.008,,,,,,,,,,0,,0.00875,0.0,1.0,0.0,,0.0,,,,
weak_anchor,1,poisoning,Baseline-XGBoost,2000,532,0.824,0.7064220183486238,0.5789473684210527,0.6363636363636364,0.08719346049046321,0.42105263157894735,0.8226552416463502,0.5789473684210527,,,,,,,0,0.0,,,,,,,0.3945945945945946,1.0,0.16,
weak_anchor,1,poisoning,Naive-Adaptive,2000,532,0.735,1.0,0.0037593984962406013,0.00749063670411985,0.0,0.9962406015037594,0.8556088791460942,0.0037593984962406013,1.6655217434339162,2.1974415862238277,1.942123292353624,0.3942207190515694,0.3107884745518978,0.9962406015037594,1998,96.0,,,,,,,0.005405405405405406,0.0,1.0,0.355496052810725
weak_anchor,1,poisoning,XGB+Physical,2000,532,0.8825,0.9380530973451328,0.5977443609022557,0.730195177956372,0.01430517711171662,0.40225563909774437,0.9398905984306816,0.5977443609022557,0.3023625581560714,0.2628164205959671,0.0,0.0,0.0,,0,18.0,,,,,,,0.42162162162162165,1.0,0.14,0.0
weak_anchor,1,poisoning,Physically-Anchored-Adaptive,2000,532,0.883,0.9408284023668639,0.5977443609022557,0.7310344827586206,0.013623978201634877,0.40225563909774437,0.9410660506852965,0.5977443609022557,0.35173193200416825,0.3257319677073896,0.2144946234361458,0.2674821236076365,0.0090438914674263,0.40225563909774437,1662,18.0,,,,,,,0.42162162162162165,1.0,0.14,0.2518291096962143
weak_anchor,1,poisoning,XGB+StaticProfile,2000,532,0.868,0.9926470588235294,0.5075187969924813,0.6716417910447763,0.0013623978201634877,0.4924812030075188,0.9751772141525477,0.5075187969924813,0.3023625581560714,0.2628164205959671,0.0,0.0,0.0,,0,96.0,,,,,,,0.3027027027027027,0.9753086419753086,0.8600000000000004,0.0
weak_anchor,1,poisoning,Anchored-Update-Only,2000,532,0.8665,0.9962546816479401,0.5,0.6658322903629537,0.0006811989100817438,0.5,0.9793617217430497,0.5,0.32537207638450105,0.3283268675010642,0.2170671116519691,0.0645879636737207,6.827684325920577e-07,0.013157894736842105,1455,96.0,,,,,,,0.3,0.9567901234567902,0.8800000000000004,1.901183435555624e-05
weak_anchor,1,poisoning,Physical-Only,2000,532,0.8835,0.9436201780415431,0.5977443609022557,0.7318757192174914,0.012942779291553134,0.40225563909774437,0.9453427506094938,0.5977443609022557,,,,,,,0,18.0,,,,,,,0.42162162162162165,1.0,0.14,
weak_anchor,1,poisoning,Spatial-XGBoost,2000,532,0.8905,0.9616519174041298,0.6127819548872181,0.748564867967853,0.008855585831062671,0.38721804511278196,0.9378380385568825,0.6127819548872181,,,,,,,0,8.0,,,,,,,0.44324324324324327,1.0,0.1,
weak_anchor,1,poisoning,Sequential-Anchored,2000,532,0.8835,0.9436201780415431,0.5977443609022557,0.7318757192174914,0.012942779291553134,0.40225563909774437,0.9413259818483539,0.5977443609022557,0.3275891036329847,0.2640414671731396,0.3242402554327904,0.0559933304506894,0.0548790631747207,0.011278195488721804,315,18.0,,,,0.0,11.0,0.0,0.42162162162162165,1.0,0.14,0.0548790631747207
weak_anchor,1,poisoning,Sequential-Anchored+Rollback,2000,532,0.8835,0.9436201780415431,0.5977443609022557,0.7318757192174914,0.012942779291553134,0.40225563909774437,0.9413221405011166,0.5977443609022557,0.3179265427023863,0.2716782900304888,0.3213045725087881,0.0478799932249244,0.01,0.011278195488721804,315,18.0,,,,0.0,11.0,3.0,0.42162162162162165,1.0,0.14,0.01
weak_anchor,1,poisoning,Sequential-Anchored-Full,2000,532,0.9175,0.9317647058823529,0.7443609022556391,0.8275862068965517,0.019754768392370572,0.2556390977443609,0.9574013798119276,0.7443609022556391,0.31780282427999146,0.3302280859261149,0.2269497104562233,0.1228519078871922,0.0044178737924402,0.25375939849624063,1568,18.0,,,,0.0,11.0,3.0,0.6324324324324324,1.0,0.14,0.1164949160623487
weak_anchor,1,poisoning,Physical-Only+Sequential,2000,532,0.918,0.9339622641509434,0.7443609022556391,0.8284518828451882,0.01907356948228883,0.2556390977443609,0.9591683995410871,0.7443609022556391,,,,,,,0,18.0,,,,0.0,11.0,0.0,0.6324324324324324,1.0,0.14,
weak_anchor,1,power_drift,Baseline-XGBoost,2000,0,0.555,,,,0.445,,,,,,,,,,0,,0.535,,0.0,,,,,,,
weak_anchor,1,power_drift,Naive-Adaptive,2000,0,0.997,,,,0.003,,,,0.35480324987598394,0.447699543924604,3.694886517717142,0.0,0.0,,1994,,0.00375,0.0,1.0,,,,,,,
weak_anchor,1,power_drift,XGB+Physical,2000,0,0.84,,,,0.16,,,,2.054810580711223,3.9590528896641666,0.0,0.0,0.0,,0,,0.195,,0.0,,,,,,,
weak_anchor,1,power_drift,Physically-Anchored-Adaptive,2000,0,0.985,,,,0.015,,,,0.35644163182699595,0.4491530050592382,3.6913679494777902,0.0,0.0,,1970,,0.01375,0.0,1.0,,,,,,,
weak_anchor,1,power_drift,XGB+StaticProfile,2000,0,0.851,,,,0.149,,,,2.054810580711223,3.9590528896641666,0.0,0.0,0.0,,0,,0.18625,,0.0,,,,,,,
weak_anchor,1,power_drift,Anchored-Update-Only,2000,0,0.9975,,,,0.0025,,,,0.35644163182699595,0.4491530050592382,3.6913679494777902,0.0,0.0,,1970,,0.003125,0.0,1.0,,,,,,,
weak_anchor,1,power_drift,Physical-Only,2000,0,0.9875,,,,0.0125,,,,,,,,,,0,,0.010625,0.0,1.0,,,,,,,
weak_anchor,1,power_drift,Spatial-XGBoost,2000,0,0.9315,,,,0.0685,,,,,,,,,,0,,0.083125,,0.0,,,,,,,
weak_anchor,1,power_drift,Sequential-Anchored,2000,0,0.985,,,,0.015,,,,0.35644163182699595,0.4491530050592382,3.6913679494777902,0.0,0.0,,1970,,0.01375,0.0,1.0,0.0,,0.0,,,,
weak_anchor,1,power_drift,Sequential-Anchored+Rollback,2000,0,0.985,,,,0.015,,,,0.35644163182699595,0.4491530050592382,3.6913679494777902,0.0,0.0,,1970,,0.01375,0.0,1.0,0.0,,0.0,,,,
weak_anchor,1,power_drift,Sequential-Anchored-Full,2000,0,0.985,,,,0.015,,,,0.35644163182699595,0.4491530050592382,3.6913679494777902,0.0,0.0,,1970,,0.01375,0.0,1.0,0.0,,0.0,,,,
weak_anchor,1,power_drift,Physical-Only+Sequential,2000,0,0.9875,,,,0.0125,,,,,,,,,,0,,0.010625,0.0,1.0,0.0,,0.0,,,,
weak_anchor,1,power_matching_puea,Baseline-XGBoost,2000,476,0.8915,0.7324955116696589,0.8571428571428571,0.7899322362052275,0.09776902887139108,0.14285714285714285,0.9485735238977481,0.8571428571428571,,,,,,,0,0.0,,,,,,,,,,
weak_anchor,1,power_matching_puea,Naive-Adaptive,2000,476,0.762,,0.0,,0.0,1.0,0.845251880279671,0.0,0.6409917753421155,0.8922440918079456,0.8892828527161374,0.3942810293587869,0.3581934003157089,1.0,2000,,,,,,,,,,,
weak_anchor,1,power_matching_puea,XGB+Physical,2000,476,0.9885,0.9539078156312625,1.0,0.9764102564102564,0.015091863517060367,0.0,0.9999986214958425,1.0,0.30086961657745553,0.3179934155973621,0.0,0.0,0.0,,0,0.0,,,,,,,,,,
weak_anchor,1,power_matching_puea,Physically-Anchored-Adaptive,2000,476,0.9885,0.9539078156312625,1.0,0.9764102564102564,0.015091863517060367,0.0,0.9999986214958425,1.0,0.2613895481651907,0.2049722073998071,0.2122313969325312,0.0,0.0,0.0,1501,0.0,,,,,,,,,,
weak_anchor,1,power_matching_puea,XGB+StaticProfile,2000,476,0.7635,1.0,0.0063025210084033615,0.012526096033402923,0.0,0.9936974789915967,0.9195408478351972,0.0063025210084033615,0.30086961657745553,0.3179934155973621,0.0,0.0,0.0,,0,139.0,,,,,,,,,,
weak_anchor,1,power_matching_puea,Anchored-Update-Only,2000,476,0.763,1.0,0.004201680672268907,0.008368200836820083,0.0,0.9957983193277311,0.9146540505966166,0.004201680672268907,0.2613895481651907,0.2049722073998071,0.2122313969325312,0.0,0.0,0.0,1501,139.0,,,,,,,,,,
weak_anchor,1,power_matching_puea,Physical-Only,2000,476,0.9885,0.9539078156312625,1.0,0.9764102564102564,0.015091863517060367,0.0,0.9999986214958425,1.0,,,,,,,0,0.0,,,,,,,,,,
weak_anchor,1,power_matching_puea,Spatial-XGBoost,2000,476,0.99,0.9596774193548387,1.0,0.9794238683127572,0.013123359580052493,0.0,1.0,1.0,,,,,,,0,0.0,,,,,,,,,,
weak_anchor,1,power_matching_puea,Sequential-Anchored,2000,476,0.9885,0.9539078156312625,1.0,0.9764102564102564,0.015091863517060367,0.0,0.9999986214958425,1.0,0.24574418720232988,0.32143907972575464,0.1660652305825749,0.0,0.0,0.0,501,0.0,,,,0.0,0.0,0.0,,,,
weak_anchor,1,power_matching_puea,Sequential-Anchored+Rollback,2000,476,0.9885,0.9539078156312625,1.0,0.9764102564102564,0.015091863517060367,0.0,0.9999986214958425,1.0,0.24807017480556465,0.3127938452594252,0.1597611301190734,0.0,0.0,0.0,501,0.0,,,,0.0,0.0,3.0,,,,
weak_anchor,1,power_matching_puea,Sequential-Anchored-Full,2000,476,0.984,0.937007874015748,1.0,0.9674796747967479,0.02099737532808399,0.0,1.0,1.0,0.2632428326296085,0.1962439542356098,0.2138439968306871,0.0,0.0,0.0,1467,0.0,,,,0.0,0.0,3.0,,,,
weak_anchor,1,power_matching_puea,Physical-Only+Sequential,2000,476,0.984,0.937007874015748,1.0,0.9674796747967479,0.02099737532808399,0.0,1.0,1.0,,,,,,,0,0.0,,,,0.0,0.0,0.0,,,,
weak_anchor,1,shadowing_drift,Baseline-XGBoost,2000,0,0.901,,,,0.099,,,,,,,,,,0,,0.098125,1585.0,1.0,,,,,,,
weak_anchor,1,shadowing_drift,Naive-Adaptive,2000,0,1.0,,,,0.0,,,,0.3017910411088548,0.4014527072490434,1.0191132348300245,0.0,0.0,,2000,,0.0,0.0,1.0,,,,,,,
weak_anchor,1,shadowing_drift,XGB+Physical,2000,0,0.985,,,,0.015,,,,0.5649254600282148,0.6955322108386319,0.0,0.0,0.0,,0,,0.015625,0.0,1.0,,,,,,,
weak_anchor,1,shadowing_drift,Physically-Anchored-Adaptive,2000,0,0.9885,,,,0.0115,,,,0.30406505074768425,0.4040365492730444,1.0199981386011412,0.0,0.0,,1977,,0.01125,0.0,1.0,,,,,,,
weak_anchor,1,shadowing_drift,XGB+StaticProfile,2000,0,0.9965,,,,0.0035,,,,0.5649254600282148,0.6955322108386319,0.0,0.0,0.0,,0,,0.004375,0.0,1.0,,,,,,,
weak_anchor,1,shadowing_drift,Anchored-Update-Only,2000,0,1.0,,,,0.0,,,,0.30406505074768425,0.4040365492730444,1.0199981386011412,0.0,0.0,,1977,,0.0,0.0,1.0,,,,,,,
weak_anchor,1,shadowing_drift,Physical-Only,2000,0,0.9885,,,,0.0115,,,,,,,,,,0,,0.01125,0.0,1.0,,,,,,,
weak_anchor,1,shadowing_drift,Spatial-XGBoost,2000,0,0.981,,,,0.019,,,,,,,,,,0,,0.02125,0.0,1.0,,,,,,,
weak_anchor,1,shadowing_drift,Sequential-Anchored,2000,0,0.9885,,,,0.0115,,,,0.30406505074768425,0.4040365492730444,1.0199981386011412,0.0,0.0,,1977,,0.01125,0.0,1.0,0.0,,0.0,,,,
weak_anchor,1,shadowing_drift,Sequential-Anchored+Rollback,2000,0,0.9885,,,,0.0115,,,,0.30406505074768425,0.4040365492730444,1.0199981386011412,0.0,0.0,,1977,,0.01125,0.0,1.0,0.0,,0.0,,,,
weak_anchor,1,shadowing_drift,Sequential-Anchored-Full,2000,0,0.9885,,,,0.0115,,,,0.30406505074768425,0.4040365492730444,1.0199981386011412,0.0,0.0,,1977,,0.01125,0.0,1.0,0.0,,0.0,,,,
weak_anchor,1,shadowing_drift,Physical-Only+Sequential,2000,0,0.9885,,,,0.0115,,,,,,,,,,0,,0.01125,0.0,1.0,0.0,,0.0,,,,
weak_anchor,1,slow_near_pu_poisoning,Baseline-XGBoost,2000,221,0.89,0.5015576323987538,0.7285067873303167,0.5940959409594095,0.08993816750983699,0.27149321266968324,0.8692030450784543,0.7285067873303167,,,,,,,0,477.0,,,,,,,0.18181818181818182,0.9612903225806452,0.6200000000000002,
weak_anchor,1,slow_near_pu_poisoning,Naive-Adaptive,2000,221,0.891,0.8,0.01809954751131222,0.035398230088495575,0.0005621135469364812,0.9819004524886877,0.8382384734929125,0.01809954751131222,0.5763800850399428,1.610874803457507,1.6116646441802065,0.3568486816326736,0.3183489798203816,0.9819004524886877,1995,523.0,,,,,,,0.06060606060606061,0.0,1.0,0.0622985447992574
weak_anchor,1,slow_near_pu_poisoning,XGB+Physical,2000,221,0.9435,0.8292682926829268,0.6153846153846154,0.7064935064935065,0.015739179314221474,0.38461538461538464,0.9133047952609503,0.6153846153846154,0.30807620185994516,0.36283527710884494,0.0,0.0,0.0,,0,243.0,,,,,,,0.15151515151515152,0.8129032258064516,0.7800000000000005,0.0
weak_anchor,1,slow_near_pu_poisoning,Physically-Anchored-Adaptive,2000,221,0.909,0.7096774193548387,0.2986425339366516,0.4203821656050955,0.01517706576728499,0.7013574660633484,0.8659956913106404,0.2986425339366516,0.46622570732976953,1.2437462792251974,1.3243065722373213,0.2805714504258043,0.2563068591154734,0.7013574660633484,1907,243.0,,,,,,,0.12121212121212122,0.3741935483870968,0.9000000000000006,0.0422753591382084
weak_anchor,1,slow_near_pu_poisoning,XGB+StaticProfile,2000,221,0.9495,0.9838709677419355,0.5520361990950227,0.7072463768115943,0.0011242270938729624,0.4479638009049774,0.9090851284086083,0.5520361990950227,0.30807620185994516,0.36283527710884494,0.0,0.0,0.0,,0,523.0,,,,,,,0.13636363636363635,0.7290322580645161,0.9000000000000005,0.0
weak_anchor,1,slow_near_pu_poisoning,Anchored-Update-Only,2000,221,0.899,0.9523809523809523,0.09049773755656108,0.16528925619834714,0.0005621135469364812,0.9095022624434389,0.8657311672885525,0.09049773755656108,0.46674609572987097,1.243266111309198,1.3240012375816672,0.28040897162025,0.2561584319242491,0.6787330316742082,1902,523.0,,,,,,,0.07575757575757576,0.0967741935483871,1.0,0.0306384132788092
weak_anchor,1,slow_near_pu_poisoning,Physical-Only,2000,221,0.9045,0.6829268292682927,0.25339366515837103,0.3696369636963696,0.01461495222034851,0.746606334841629,0.8273522925839164,0.25339366515837103,,,,,,,0,243.0,,,,,,,0.10606060606060606,0.3161290322580645,0.9600000000000006,
weak_anchor,1,slow_near_pu_poisoning,Spatial-XGBoost,2000,221,0.9245,0.8181818181818182,0.4072398190045249,0.5438066465256798,0.011242270938729624,0.5927601809954751,0.9022329388364506,0.4072398190045249,,,,,,,0,0.0,,,,,,,0.13636363636363635,0.5225806451612903,0.8200000000000005,
weak_anchor,1,slow_near_pu_poisoning,Sequential-Anchored,2000,221,0.9255,0.7857142857142857,0.4479638009049774,0.5706051873198847,0.01517706576728499,0.5520361990950227,0.8997403086283159,0.4479638009049774,0.3497208427295152,0.32308875009804827,0.342952406932125,0.0756854464973034,0.0553450565648222,0.2579185520361991,1492,243.0,,,,0.0,108.0,0.0,0.12121212121212122,0.5870967741935483,0.9000000000000006,0.0422619209844037
weak_anchor,1,slow_near_pu_poisoning,Sequential-Anchored+Rollback,2000,221,0.928,0.7894736842105263,0.4751131221719457,0.5932203389830509,0.015739179314221474,0.5248868778280543,0.903947257979596,0.4751131221719457,0.3452500161434452,0.40120972689281054,0.3329349051451423,0.0756330338270413,0.037494785078402,0.2579185520361991,1491,243.0,,,,0.0,108.0,13.0,0.12121212121212122,0.6258064516129033,0.9000000000000006,0.0424283487034678
weak_anchor,1,slow_near_pu_poisoning,Sequential-Anchored-Full,2000,221,0.937,0.8064516129032258,0.5656108597285068,0.6648936170212766,0.016863406408094434,0.4343891402714932,0.9088307783873699,0.5656108597285068,0.3490204809016001,0.45270639115906064,0.3856361264505282,0.0781454662655303,0.0659094065838724,0.42081447963800905,1835,243.0,,,,0.0,108.0,13.0,0.12121212121212122,0.7548387096774194,0.9000000000000006,0.0424283936395003
weak_anchor,1,slow_near_pu_poisoning,Physical-Only+Sequential,2000,221,0.9315,0.8,0.5067873303167421,0.6204986149584487,0.015739179314221474,0.49321266968325794,0.8710826917354048,0.5067873303167421,,,,,,,0,243.0,,,,0.0,108.0,0.0,0.10606060606060606,0.6774193548387096,0.9600000000000006,
weak_anchor,1,stable,Baseline-XGBoost,2000,0,0.916,,,,0.084,,,,,,,,,,0,,,,,,,,,,,
weak_anchor,1,stable,Naive-Adaptive,2000,0,0.9995,,,,0.0005,,,,0.31374569348343867,0.22280619512888084,0.1316781398972999,0.0,0.0,,1999,,,,,,,,,,,
weak_anchor,1,stable,XGB+Physical,2000,0,0.9905,,,,0.0095,,,,0.2861641687045107,0.21734515559426232,0.0,0.0,0.0,,0,,,,,,,,,,,
weak_anchor,1,stable,Physically-Anchored-Adaptive,2000,0,0.9905,,,,0.0095,,,,0.3152645756938527,0.22405958662693026,0.1326534586714137,0.0,0.0,,1981,,,,,,,,,,,
weak_anchor,1,stable,XGB+StaticProfile,2000,0,0.9995,,,,0.0005,,,,0.2861641687045107,0.21734515559426232,0.0,0.0,0.0,,0,,,,,,,,,,,
weak_anchor,1,stable,Anchored-Update-Only,2000,0,0.9995,,,,0.0005,,,,0.3152645756938527,0.22405958662693026,0.1326534586714137,0.0,0.0,,1981,,,,,,,,,,,
weak_anchor,1,stable,Physical-Only,2000,0,0.991,,,,0.009,,,,,,,,,,0,,,,,,,,,,,
weak_anchor,1,stable,Spatial-XGBoost,2000,0,0.9905,,,,0.0095,,,,,,,,,,0,,,,,,,,,,,
weak_anchor,1,stable,Sequential-Anchored,2000,0,0.9905,,,,0.0095,,,,0.3156269755852394,0.224059592218669,0.1326534544663882,0.0,0.0,,1977,,,,,0.0025,,0.0,,,,
weak_anchor,1,stable,Sequential-Anchored+Rollback,2000,0,0.9905,,,,0.0095,,,,0.31585127161393045,0.2240596277897627,0.1326534024289153,0.0,0.0,,1977,,,,,0.0025,,2.0,,,,
weak_anchor,1,stable,Sequential-Anchored-Full,2000,0,0.99,,,,0.01,,,,0.31556333337062925,0.22405962752227673,0.1326534023900677,0.0,0.0,,1979,,,,,0.0025,,2.0,,,,
weak_anchor,1,stable,Physical-Only+Sequential,2000,0,0.9905,,,,0.0095,,,,,,,,,,0,,,,,0.0025,,0.0,,,,
weak_anchor,1,stealthy_puea,Baseline-XGBoost,2000,239,0.5985,0.20927835051546392,0.8493723849372385,0.3358147229114971,0.4355479840999432,0.1506276150627615,0.7809691146386492,0.8493723849372385,,,,,,,0,3.0,0.5334313005143277,,0.0,,,,,,,
weak_anchor,1,stealthy_puea,Naive-Adaptive,2000,239,0.8795,0.25,0.0041841004184100415,0.008230452674897118,0.0017035775127768314,0.99581589958159,0.761038208131078,0.0041841004184100415,0.4332416544262303,0.44256324328823005,3.66579289975612,0.206978168179994,0.1561608117018138,0.99581589958159,1996,951.0,0.002204261572373255,0.0,1.0,,,,,,,
weak_anchor,1,stealthy_puea,XGB+Physical,2000,239,0.8505,0.4336283185840708,0.8200836820083682,0.5672937771345875,0.14537194775695628,0.1799163179916318,0.927513608424274,0.8200836820083682,2.06603229691428,3.677595182311302,0.0,0.0,0.0,,0,0.0,0.18368846436443792,,0.0,,,,,,,
weak_anchor,1,stealthy_puea,Physically-Anchored-Adaptive,2000,239,0.9595,0.8872549019607843,0.7573221757322176,0.817155756207675,0.01306076093128904,0.24267782426778242,0.9817144595002364,0.7573221757322176,0.37413145081032373,0.31799354977300337,3.60860668290323,0.0815373772867113,0.0334128775688988,0.24267782426778242,1796,0.0,0.012490815576781777,0.0,1.0,,,,,,,
weak_anchor,1,stealthy_puea,XGB+StaticProfile,2000,239,0.7965,0.22903225806451613,0.29707112970711297,0.2586520947176685,0.1357183418512209,0.702928870292887,0.7224736800838245,0.29707112970711297,2.06603229691428,3.677595182311302,0.0,0.0,0.0,,0,128.0,0.17560617193240263,,0.0,,,,,,,
weak_anchor,1,stealthy_puea,Anchored-Update-Only,2000,239,0.88,0.4,0.008368200836820083,0.016393442622950817,0.0017035775127768314,0.9916317991631799,0.8015961832260579,0.008368200836820083,0.37413145081032373,0.31799354977300337,3.60860668290323,0.0815373772867113,0.0334128775688988,0.24267782426778242,1796,951.0,0.002204261572373255,0.0,1.0,,,,,,,
weak_anchor,1,stealthy_puea,Physical-Only,2000,239,0.9605,0.9,0.7531380753138075,0.8200455580865604,0.011357183418512209,0.24686192468619247,0.9822229191762952,0.7531380753138075,,,,,,,0,0.0,0.010286554004408524,0.0,1.0,,,,,,,
weak_anchor,1,stealthy_puea,Spatial-XGBoost,2000,239,0.9415,0.7006578947368421,0.891213389121339,0.7845303867403315,0.05167518455423055,0.1087866108786611,0.97296134993668,0.891213389121339,,,,,,,0,0.0,0.06465833945628215,,0.0,,,,,,,
weak_anchor,1,stealthy_puea,Sequential-Anchored,2000,239,0.9255,0.6541095890410958,0.799163179916318,0.71939736346516,0.05735377626348666,0.200836820083682,0.9598245576519618,0.799163179916318,1.826926839437642,3.3429798089637597,0.3951003010406353,0.042365095794669,0.0402887845637906,0.02092050209205021,575,0.0,0.06980161645848641,,0.0,0.0,89.0,0.0,,,,
weak_anchor,1,stealthy_puea,Sequential-Anchored+Rollback,2000,239,0.9005,0.5584795321637427,0.799163179916318,0.657487091222031,0.08574673480976717,0.200836820083682,0.9466426217511448,0.799163179916318,2.0276113757853436,3.6323805986790023,0.205272854086631,0.042365095794669,0.0,0.02092050209205021,575,0.0,0.106539309331374,,0.0,0.0,89.0,1.0,,,,
weak_anchor,1,stealthy_puea,Sequential-Anchored-Full,2000,239,0.98,0.896414342629482,0.9414225941422594,0.9183673469387755,0.014764338444065871,0.058577405857740586,0.9912635222950065,0.9414225941422594,0.38320979531688104,0.3279422484747478,3.5837643758204463,0.042365095794669,0.0063081900312966,0.058577405857740586,1749,0.0,0.014695077149155033,0.0,1.0,0.0,89.0,1.0,,,,
weak_anchor,1,stealthy_puea,Physical-Only+Sequential,2000,239,0.981,0.9036144578313253,0.9414225941422594,0.9221311475409836,0.013628620102214651,0.058577405857740586,0.9903725298720059,0.9414225941422594,,,,,,,0,0.0,0.01322556943423953,0.0,1.0,0.0,89.0,0.0,,,,
weak_anchor,2,basic_puea,Baseline-XGBoost,2000,443,0.908,0.7065390749601276,1.0,0.82803738317757,0.11817597944765575,0.0,0.9999927510072475,1.0,,,,,,,0,0.0,,,,,,,,,,
weak_anchor,2,basic_puea,Naive-Adaptive,2000,443,0.8805,0.9951456310679612,0.46275395033860045,0.6317411402157165,0.0006422607578676942,0.5372460496613995,0.8924104495680325,0.46275395033860045,0.8654753498714874,1.9779549829973977,2.142516914076723,0.3600493960099247,0.3145502066926354,0.5372460496613995,1794,0.0,,,,,,,,,,
weak_anchor,2,basic_puea,XGB+Physical,2000,443,0.993,0.9693654266958425,1.0,0.9844444444444445,0.00899165061014772,0.0,0.9999985502014496,1.0,0.35731276540123236,0.28550829661602023,0.0,0.0,0.0,,0,0.0,,,,,,,,,,
weak_anchor,2,basic_puea,Physically-Anchored-Adaptive,2000,443,0.9945,0.9757709251101322,1.0,0.987736900780379,0.007064868336544637,0.0,1.0,1.0,0.3246888364008945,0.2956048342595948,0.2649408167630393,0.0,0.0,0.0,1546,0.0,,,,,,,,,,
weak_anchor,2,basic_puea,XGB+StaticProfile,2000,443,0.996,0.9909706546275395,0.9909706546275395,0.9909706546275395,0.002569043031470777,0.009029345372460496,0.9998245743753905,0.9909706546275395,0.35731276540123236,0.28550829661602023,0.0,0.0,0.0,,0,0.0,,,,,,,,,,
weak_anchor,2,basic_puea,Anchored-Update-Only,2000,443,0.997,0.9977220956719818,0.9887133182844243,0.9931972789115645,0.0006422607578676942,0.011286681715575621,0.9999434578565308,0.9887133182844243,0.3246888364008945,0.2956048342595948,0.2649408167630393,0.0,0.0,0.0,1546,0.0,,,,,,,,,,
weak_anchor,2,basic_puea,Physical-Only,2000,443,0.995,0.977924944812362,1.0,0.9888392857142858,0.006422607578676943,0.0,0.9999884016115961,1.0,,,,,,,0,0.0,,,,,,,,,,
weak_anchor,2,basic_puea,Spatial-XGBoost,2000,443,0.986,0.940552016985138,1.0,0.9693654266958425,0.01798330122029544,0.0,1.0,1.0,,,,,,,0,0.0,,,,,,,,,,
weak_anchor,2,basic_puea,Sequential-Anchored,2000,443,0.994,0.9736263736263736,1.0,0.9866369710467705,0.007707129094412331,0.0,1.0,1.0,0.35428389258447784,0.3513106224853893,0.3282135077511792,0.0,0.0,0.0,575,0.0,,,,0.0,106.0,0.0,,,,
weak_anchor,2,basic_puea,Sequential-Anchored+Rollback,2000,443,0.994,0.9736263736263736,1.0,0.9866369710467705,0.007707129094412331,0.0,1.0,1.0,0.33125927603193533,0.21041321174491479,0.3021664692118657,0.0,0.0,0.0,575,0.0,,,,0.0,106.0,1.0,,,,
weak_anchor,2,basic_puea,Sequential-Anchored-Full,2000,443,0.9935,0.9714912280701754,1.0,0.9855394883203559,0.008349389852280027,0.0,1.0,1.0,0.32058130390390227,0.2946365886102262,0.2672178551516851,0.0,0.0,0.0,1544,0.0,,,,0.0,106.0,1.0,,,,
weak_anchor,2,basic_puea,Physical-Only+Sequential,2000,443,0.994,0.9736263736263736,1.0,0.9866369710467705,0.007707129094412331,0.0,0.9999985502014496,1.0,,,,,,,0,0.0,,,,0.0,106.0,0.0,,,,
weak_anchor,2,combined_drift,Baseline-XGBoost,2000,0,0.825,,,,0.175,,,,,,,,,,0,,0.18375,,0.0,,,,,,,
weak_anchor,2,combined_drift,Naive-Adaptive,2000,0,0.9955,,,,0.0045,,,,1.2896628446028362,0.3447167556714767,45.38627864210094,0.0,0.0,,1991,,0.005,0.0,1.0,,,,,,,
weak_anchor,2,combined_drift,XGB+Physical,2000,0,0.852,,,,0.148,,,,23.909593348128496,45.35147988472512,0.0,0.0,0.0,,0,,0.1825,,0.0,,,,,,,
weak_anchor,2,combined_drift,Physically-Anchored-Adaptive,2000,0,0.989,,,,0.011,,,,1.3082385479844691,0.34438488180638094,45.38562913198015,0.0,0.0,,1978,,0.011875,0.0,1.0,,,,,,,
weak_anchor,2,combined_drift,XGB+StaticProfile,2000,0,0.856,,,,0.144,,,,23.909593348128496,45.35147988472512,0.0,0.0,0.0,,0,,0.17875,,0.0,,,,,,,
weak_anchor,2,combined_drift,Anchored-Update-Only,2000,0,0.9955,,,,0.0045,,,,1.3082385479844691,0.34438488180638094,45.38562913198015,0.0,0.0,,1978,,0.005,0.0,1.0,,,,,,,
weak_anchor,2,combined_drift,Physical-Only,2000,0,0.9935,,,,0.0065,,,,,,,,,,0,,0.006875,0.0,1.0,,,,,,,
weak_anchor,2,combined_drift,Spatial-XGBoost,2000,0,0.937,,,,0.063,,,,,,,,,,0,,0.076875,1525.0,1.0,,,,,,,
weak_anchor,2,combined_drift,Sequential-Anchored,2000,0,0.989,,,,0.011,,,,1.3082385479844691,0.34438488180638094,45.38562913198015,0.0,0.0,,1978,,0.011875,0.0,1.0,0.0,,0.0,,,,
weak_anchor,2,combined_drift,Sequential-Anchored+Rollback,2000,0,0.989,,,,0.011,,,,1.3082385479844691,0.34438488180638094,45.38562913198015,0.0,0.0,,1978,,0.011875,0.0,1.0,0.0,,0.0,,,,
weak_anchor,2,combined_drift,Sequential-Anchored-Full,2000,0,0.989,,,,0.011,,,,1.3082385479844691,0.34438488180638094,45.38562913198015,0.0,0.0,,1978,,0.011875,0.0,1.0,0.0,,0.0,,,,
weak_anchor,2,combined_drift,Physical-Only+Sequential,2000,0,0.9935,,,,0.0065,,,,,,,,,,0,,0.006875,0.0,1.0,0.0,,0.0,,,,
weak_anchor,2,gradual_puea,Baseline-XGBoost,2000,421,0.823,0.5770114942528736,0.5961995249406176,0.5864485981308412,0.11652944901836605,0.40380047505938244,0.8024652543252517,0.5961995249406176,,,,,,,0,0.0,,,,,,,,,,
weak_anchor,2,gradual_puea,Naive-Adaptive,2000,421,0.791,0.6,0.021377672209026127,0.04128440366972477,0.0037998733375554147,0.9786223277909739,0.6966675140915731,0.021377672209026127,0.6003697171704002,0.36725213626797,0.1600289660884948,0.3560333976233384,0.295394519188376,0.9786223277909739,1985,7.0,,,,,,,,,,
weak_anchor,2,gradual_puea,XGB+Physical,2000,421,0.913,0.9333333333333333,0.6318289786223278,0.7535410764872521,0.012032932235592146,0.3681710213776722,0.9242823338984505,0.6318289786223278,0.32073354100146595,0.2361611729561537,0.0,0.0,0.0,,0,0.0,,,,,,,,,,
weak_anchor,2,gradual_puea,Physically-Anchored-Adaptive,2000,421,0.9135,0.9335664335664335,0.6342042755344418,0.7553041018387554,0.012032932235592146,0.3657957244655582,0.9263958818158159,0.6342042755344418,0.32143841545200086,0.3519855291398701,0.1554883190737596,0.3241313756054982,0.2737180438519926,0.3657957244655582,1714,0.0,,,,,,,,,,
weak_anchor,2,gradual_puea,XGB+StaticProfile,2000,421,0.825,0.9176470588235294,0.18527315914489312,0.308300395256917,0.004433185560481318,0.8147268408551069,0.78029030069544,0.18527315914489312,0.32073354100146595,0.2361611729561537,0.0,0.0,0.0,,0,2.0,,,,,,,,,,
weak_anchor,2,gradual_puea,Anchored-Update-Only,2000,421,0.8155,0.8939393939393939,0.14014251781472684,0.24229979466119098,0.004433185560481318,0.8598574821852731,0.768228786673065,0.14014251781472684,0.32143841545200086,0.3519855291398701,0.1554883190737596,0.3241313756054982,0.2737180438519926,0.3657957244655582,1714,7.0,,,,,,,,,,
weak_anchor,2,gradual_puea,Physical-Only,2000,421,0.9155,0.9532374100719424,0.6294536817102138,0.7582260371959942,0.008233058898036731,0.37054631828978624,0.9298708253667871,0.6294536817102138,,,,,,,0,0.0,,,,,,,,,,
weak_anchor,2,gradual_puea,Spatial-XGBoost,2000,421,0.9355,0.9319526627218935,0.7482185273159145,0.8300395256916997,0.014566181127295756,0.2517814726840855,0.9433704545557111,0.7482185273159145,,,,,,,0,0.0,,,,,,,,,,
weak_anchor,2,gradual_puea,Sequential-Anchored,2000,421,0.914,0.9399293286219081,0.6318289786223278,0.7556818181818182,0.010766307789740342,0.3681710213776722,0.9262559814910366,0.6318289786223278,0.2993619996406385,0.30804058830908615,0.2273384077435898,0.0402751178680715,0.0390789065922719,0.019002375296912115,1017,0.0,,,,0.0,41.0,0.0,,,,
weak_anchor,2,gradual_puea,Sequential-Anchored+Rollback,2000,421,0.9145,0.9401408450704225,0.6342042755344418,0.7574468085106383,0.010766307789740342,0.3657957244655582,0.9268396516632342,0.6342042755344418,0.28619876441123787,0.24585336981050238,0.3465013457134497,0.0291216534790699,0.0,0.019002375296912115,1017,0.0,,,,0.0,41.0,14.0,,,,
weak_anchor,2,gradual_puea,Sequential-Anchored-Full,2000,421,0.931,0.9300911854103343,0.7268408551068883,0.816,0.014566181127295756,0.27315914489311166,0.9359166254236496,0.7268408551068883,0.29711388167830166,0.271791647582586,0.1960437051021113,0.2357881409040499,0.2063228391209329,0.27315914489311166,1671,0.0,,,,0.0,41.0,14.0,,,,
weak_anchor,2,gradual_puea,Physical-Only+Sequential,2000,421,0.9325,0.9440993788819876,0.7220902612826603,0.8183041722745625,0.011399620012666244,0.27790973871733965,0.9374088955546295,0.7220902612826603,,,,,,,0,0.0,,,,0.0,41.0,0.0,,,,
weak_anchor,2,near_pu_poisoning,Baseline-XGBoost,2000,517,0.793,0.6173120728929385,0.5241779497098646,0.5669456066945606,0.11328388401888065,0.4758220502901354,0.7438565509037955,0.5241779497098646,,,,,,,0,3.0,,,,,,,0.3185595567867036,1.0,0.4600000000000044,
weak_anchor,2,near_pu_poisoning,Naive-Adaptive,2000,517,0.747,1.0,0.02127659574468085,0.04166666666666667,0.0,0.9787234042553191,0.8000733001091677,0.02127659574468085,1.164637632147632,1.4331347275037125,1.1848984039829376,0.3998578877757799,0.266278360360823,0.9787234042553191,1989,90.0,,,,,,,0.024930747922437674,0.01282051282051282,1.0,0.3298288383656414
weak_anchor,2,near_pu_poisoning,XGB+Physical,2000,517,0.848,0.9570815450643777,0.43133462282398455,0.5946666666666667,0.006743088334457181,0.5686653771760155,0.9043759643464095,0.43133462282398455,0.33525463321780624,0.2867773009904751,0.0,0.0,0.0,,0,22.0,,,,,,,0.29916897506925205,0.7371794871794872,0.8200000000000004,0.0
weak_anchor,2,near_pu_poisoning,Physically-Anchored-Adaptive,2000,517,0.7495,0.7666666666666667,0.04448742746615087,0.08409506398537478,0.004720161834120027,0.9555125725338491,0.7463829265525079,0.04448742746615087,1.139196900612706,1.4352475697485856,1.185034027524777,0.3981184673240845,0.2664200452995889,0.9555125725338491,1970,22.0,,,,,,,0.05263157894736842,0.02564102564102564,1.0,0.3296611511660327
weak_anchor,2,near_pu_poisoning,XGB+StaticProfile,2000,517,0.851,0.9823788546255506,0.43133462282398455,0.5994623655913978,0.0026972353337828725,0.5686653771760155,0.923171833976557,0.43133462282398455,0.33525463321780624,0.2867773009904751,0.0,0.0,0.0,,0,37.0,,,,,,,0.29916897506925205,0.7371794871794872,0.8200000000000005,0.0
weak_anchor,2,near_pu_poisoning,Anchored-Update-Only,2000,517,0.7465,1.0,0.019342359767891684,0.037950664136622396,0.0,0.9806576402321083,0.8036783090369123,0.019342359767891684,1.1581946832814813,1.435251587275745,1.1850364552894646,0.3981186279647127,0.2664200553265447,0.9613152804642167,1973,116.0,,,,,,,0.0221606648199446,0.01282051282051282,1.0,0.3296625038431367
weak_anchor,2,near_pu_poisoning,Physical-Only,2000,517,0.743,0.5882352941176471,0.019342359767891684,0.03745318352059926,0.004720161834120027,0.9806576402321083,0.614659239270077,0.019342359767891684,,,,,,,0,22.0,,,,,,,0.0221606648199446,0.01282051282051282,1.0,
weak_anchor,2,near_pu_poisoning,Spatial-XGBoost,2000,517,0.84,0.9227467811158798,0.4158607350096712,0.5733333333333334,0.012137559002022926,0.5841392649903289,0.9132084970738649,0.4158607350096712,,,,,,,0,97.0,,,,,,,0.296398891966759,0.6923076923076923,0.8600000000000004,
weak_anchor,2,near_pu_poisoning,Sequential-Anchored,2000,517,0.749,0.7586206896551724,0.0425531914893617,0.08058608058608059,0.004720161834120027,0.9574468085106383,0.7820299956567727,0.0425531914893617,0.9027642961874506,1.1270577760316234,1.0513065141361613,0.2911608102388875,0.2495917466600042,0.16827852998065765,622,22.0,,,,0.0,296.0,0.0,0.04709141274238227,0.03205128205128205,1.0,0.2495917466600042
weak_anchor,2,near_pu_poisoning,Sequential-Anchored+Rollback,2000,517,0.848,0.9650655021834061,0.4274661508704062,0.5924932975871314,0.005394470667565745,0.5725338491295938,0.9080657509804868,0.4274661508704062,0.338892829406487,0.37213030653732027,0.3014659092240326,0.2557874678425501,0.0,0.18762088974854932,679,22.0,,,,0.0,296.0,9.0,0.2880886426592798,0.75,1.0,0.0
weak_anchor,2,near_pu_poisoning,Sequential-Anchored-Full,2000,517,0.77,0.8518518518518519,0.13346228239845262,0.23076923076923078,0.008091706001348618,0.8665377176015474,0.790782967767516,0.13346228239845262,0.8143457232022625,1.1397058883870814,0.9057577137809044,0.2990281150191626,0.2048864997853648,0.8665377176015474,1919,22.0,,,,0.0,296.0,11.0,0.14127423822714683,0.11538461538461539,1.0,0.2603647390810796
weak_anchor,2,near_pu_poisoning,Physical-Only+Sequential,2000,517,0.755,0.7454545454545455,0.07930367504835589,0.14335664335664336,0.009440323668240054,0.9206963249516441,0.7210552607175325,0.07930367504835589,,,,,,,0,22.0,,,,0.0,295.0,0.0,0.07202216066481995,0.09615384615384616,1.0,
weak_anchor,2,noise_drift,Baseline-XGBoost,2000,0,0.889,,,,0.111,,,,,,,,,,0,,0.1075,1580.0,1.0,,,,,,,
weak_anchor,2,noise_drift,Naive-Adaptive,2000,0,0.9975,,,,0.0025,,,,1.6147852273294916,0.25229881030043244,59.992149970079865,0.0,0.0,,1995,,0.003125,0.0,1.0,,,,,,,
weak_anchor,2,noise_drift,XGB+Physical,2000,0,0.9085,,,,0.0915,,,,31.636453748783293,60.04103616859532,0.0,0.0,0.0,,0,,0.1125,,0.0,,,,,,,
weak_anchor,2,noise_drift,Physically-Anchored-Adaptive,2000,0,0.989,,,,0.011,,,,1.6382150849273418,0.25592519395681945,59.99516143259566,0.0,0.0,,1978,,0.011875,0.0,1.0,,,,,,,
weak_anchor,2,noise_drift,XGB+StaticProfile,2000,0,0.915,,,,0.085,,,,31.636453748783293,60.04103616859532,0.0,0.0,0.0,,0,,0.10625,1580.0,1.0,,,,,,,
weak_anchor,2,noise_drift,Anchored-Update-Only,2000,0,0.9975,,,,0.0025,,,,1.6382150849273418,0.25592519395681945,59.99516143259566,0.0,0.0,,1978,,0.003125,0.0,1.0,,,,,,,
weak_anchor,2,noise_drift,Physical-Only,2000,0,0.9915,,,,0.0085,,,,,,,,,,0,,0.00875,0.0,1.0,,,,,,,
weak_anchor,2,noise_drift,Spatial-XGBoost,2000,0,0.9885,,,,0.0115,,,,,,,,,,0,,0.013125,0.0,1.0,,,,,,,
weak_anchor,2,noise_drift,Sequential-Anchored,2000,0,0.989,,,,0.011,,,,1.6382150849273418,0.25592519395681945,59.99516143259566,0.0,0.0,,1978,,0.011875,0.0,1.0,0.0,,0.0,,,,
weak_anchor,2,noise_drift,Sequential-Anchored+Rollback,2000,0,0.989,,,,0.011,,,,1.6382150849273418,0.25592519395681945,59.99516143259566,0.0,0.0,,1978,,0.011875,0.0,1.0,0.0,,0.0,,,,
weak_anchor,2,noise_drift,Sequential-Anchored-Full,2000,0,0.989,,,,0.011,,,,1.6382150849273418,0.25592519395681945,59.99516143259566,0.0,0.0,,1978,,0.011875,0.0,1.0,0.0,,0.0,,,,
weak_anchor,2,noise_drift,Physical-Only+Sequential,2000,0,0.9915,,,,0.0085,,,,,,,,,,0,,0.00875,0.0,1.0,0.0,,0.0,,,,
weak_anchor,2,poisoning,Baseline-XGBoost,2000,505,0.7905,0.5955555555555555,0.5306930693069307,0.5612565445026179,0.12173913043478261,0.4693069306930693,0.7894248153912382,0.5306930693069307,,,,,,,0,3.0,,,,,,,0.32285714285714284,1.0,0.4000000000000001,
weak_anchor,2,poisoning,Naive-Adaptive,2000,505,0.7495,0.8333333333333334,0.009900990099009901,0.019569471624266147,0.0006688963210702341,0.9900990099009901,0.8108189012881222,0.009900990099009901,1.5307347547409482,1.746590309338192,1.7115886351537108,0.3585648494796637,0.2792377686550502,0.9900990099009901,1994,151.0,,,,,,,0.008571428571428572,0.012903225806451613,1.0,0.2673964440418788
weak_anchor,2,poisoning,XGB+Physical,2000,505,0.8735,0.9405594405594405,0.5326732673267327,0.6801517067003793,0.01137123745819398,0.46732673267326735,0.9391251365939269,0.5326732673267327,0.3460322685445773,0.2692870903451858,0.0,0.0,0.0,,0,39.0,,,,,,,0.32571428571428573,1.0,0.2999999999999989,0.0
weak_anchor,2,poisoning,Physically-Anchored-Adaptive,2000,505,0.875,0.950530035335689,0.5326732673267327,0.682741116751269,0.009364548494983277,0.46732673267326735,0.941300043047783,0.5326732673267327,0.3910036483266484,0.31913384022518837,0.1545552362490492,0.2719072598971271,0.0059554146125604,0.46732673267326735,1717,39.0,,,,,,,0.32571428571428573,1.0,0.2999999999999989,0.185214698859877
weak_anchor,2,poisoning,XGB+StaticProfile,2000,505,0.875,0.9811320754716981,0.5148514851485149,0.6753246753246753,0.0033444816053511705,0.48514851485148514,0.9537812510348025,0.5148514851485149,0.3460322685445773,0.2692870903451858,0.0,0.0,0.0,,0,99.0,,,,,,,0.3028571428571429,0.9935483870967742,0.8200000000000004,0.0
weak_anchor,2,poisoning,Anchored-Update-Only,2000,505,0.8765,0.9923664122137404,0.5148514851485149,0.6779661016949151,0.0013377926421404682,0.48514851485148514,0.9570965926024041,0.5148514851485149,0.32959779454690324,0.32550540150539925,0.1596175406992627,0.0870984481622313,5.90641324101043e-05,0.023762376237623763,1493,151.0,,,,,,,0.3028571428571429,0.9935483870967742,0.8800000000000004,0.0018369074547194
weak_anchor,2,poisoning,Physical-Only,2000,505,0.876,0.9572953736654805,0.5326732673267327,0.6844783715012723,0.008026755852842809,0.46732673267326735,0.9509864565051823,0.5326732673267327,,,,,,,0,39.0,,,,,,,0.32571428571428573,1.0,0.2999999999999989,
weak_anchor,2,poisoning,Spatial-XGBoost,2000,505,0.873,0.9283276450511946,0.5386138613861386,0.6817042606516291,0.014046822742474917,0.4613861386138614,0.9074115036921753,0.5386138613861386,,,,,,,0,13.0,,,,,,,0.3342857142857143,1.0,0.1999999999999999,
weak_anchor,2,poisoning,Sequential-Anchored,2000,505,0.8745,0.9471830985915493,0.5326732673267327,0.6818757921419519,0.010033444816053512,0.46732673267326735,0.9427000894069341,0.5326732673267327,0.2888694305905835,0.25589550355041973,0.199571194082314,0.1432059814011808,0.1305854708683467,0.04950495049504951,421,39.0,,,,0.0,91.0,0.0,0.32571428571428573,1.0,0.2999999999999989,0.1305854708683467
weak_anchor,2,poisoning,Sequential-Anchored+Rollback,2000,505,0.8745,0.9471830985915493,0.5326732673267327,0.6818757921419519,0.010033444816053512,0.46732673267326735,0.9422470942746447,0.5326732673267327,0.31394697340438565,0.2762025110465334,0.2745210091913927,0.1432059814011808,0.0,0.04950495049504951,421,39.0,,,,0.0,91.0,4.0,0.32571428571428573,1.0,0.2999999999999989,0.0
weak_anchor,2,poisoning,Sequential-Anchored-Full,2000,505,0.872,0.9191919191919192,0.5405940594059406,0.6807980049875313,0.016053511705685617,0.4594059405940594,0.9188145302824596,0.5405940594059406,0.3271799258986755,0.33511467830472397,0.1688090671953215,0.1852437745120063,0.0041387850452907,0.4594059405940594,1703,39.0,,,,0.0,91.0,3.0,0.33714285714285713,1.0,0.2399999999999999,0.1228551257636928
weak_anchor,2,poisoning,Physical-Only+Sequential,2000,505,0.873,0.9254237288135593,0.5405940594059406,0.6825000000000001,0.01471571906354515,0.4594059405940594,0.9246663796814465,0.5405940594059406,,,,,,,0,39.0,,,,0.0,91.0,0.0,0.33714285714285713,1.0,0.2399999999999999,
weak_anchor,2,power_drift,Baseline-XGBoost,2000,0,0.485,,,,0.515,,,,,,,,,,0,,0.614375,,0.0,,,,,,,
weak_anchor,2,power_drift,Naive-Adaptive,2000,0,0.995,,,,0.005,,,,0.3234525574224789,0.27563624753992205,3.4351105467291396,0.0,0.0,,1990,,0.00625,0.0,1.0,,,,,,,
weak_anchor,2,power_drift,XGB+Physical,2000,0,0.8395,,,,0.1605,,,,1.9198853454467135,3.5737344497842294,0.0,0.0,0.0,,0,,0.198125,,0.0,,,,,,,
weak_anchor,2,power_drift,Physically-Anchored-Adaptive,2000,0,0.989,,,,0.011,,,,0.32225132233469445,0.26342673620864043,3.4454896813429747,0.0,0.0,,1978,,0.011875,0.0,1.0,,,,,,,
weak_anchor,2,power_drift,XGB+StaticProfile,2000,0,0.845,,,,0.155,,,,1.9198853454467135,3.5737344497842294,0.0,0.0,0.0,,0,,0.193125,,0.0,,,,,,,
weak_anchor,2,power_drift,Anchored-Update-Only,2000,0,0.995,,,,0.005,,,,0.32225132233469445,0.26342673620864043,3.4454896813429747,0.0,0.0,,1978,,0.00625,0.0,1.0,,,,,,,
weak_anchor,2,power_drift,Physical-Only,2000,0,0.994,,,,0.006,,,,,,,,,,0,,0.005625,0.0,1.0,,,,,,,
weak_anchor,2,power_drift,Spatial-XGBoost,2000,0,0.871,,,,0.129,,,,,,,,,,0,,0.158125,,0.0,,,,,,,
weak_anchor,2,power_drift,Sequential-Anchored,2000,0,0.989,,,,0.011,,,,0.32225132233469445,0.26342673620864043,3.4454896813429747,0.0,0.0,,1978,,0.011875,0.0,1.0,0.0,,0.0,,,,
weak_anchor,2,power_drift,Sequential-Anchored+Rollback,2000,0,0.989,,,,0.011,,,,0.32225132233469445,0.26342673620864043,3.4454896813429747,0.0,0.0,,1978,,0.011875,0.0,1.0,0.0,,0.0,,,,
weak_anchor,2,power_drift,Sequential-Anchored-Full,2000,0,0.989,,,,0.011,,,,0.32225132233469445,0.26342673620864043,3.4454896813429747,0.0,0.0,,1978,,0.011875,0.0,1.0,0.0,,0.0,,,,
weak_anchor,2,power_drift,Physical-Only+Sequential,2000,0,0.994,,,,0.006,,,,,,,,,,0,,0.005625,0.0,1.0,0.0,,0.0,,,,
weak_anchor,2,power_matching_puea,Baseline-XGBoost,2000,458,0.742,0.4064516129032258,0.27510917030567683,0.328125,0.11932555123216602,0.7248908296943232,0.6492277369038112,0.27510917030567683,,,,,,,0,5.0,,,,,,,,,,
weak_anchor,2,power_matching_puea,Naive-Adaptive,2000,458,0.7695,0.0,0.0,,0.0019455252918287938,1.0,0.5898028421094366,0.0,0.3437000000602749,0.4095658188573422,0.2673701423426257,0.3558040757819772,0.304336919490191,1.0,1997,,,,,,,,,,,
weak_anchor,2,power_matching_puea,XGB+Physical,2000,458,0.9915,0.9642105263157895,1.0,0.9817792068595926,0.011024643320363165,0.0,0.9999730968118307,1.0,0.3293907914144323,0.30468721731021203,0.0,0.0,0.0,,0,0.0,,,,,,,,,,
weak_anchor,2,power_matching_puea,Physically-Anchored-Adaptive,2000,458,0.9925,0.9682875264270613,1.0,0.9838882921589689,0.009727626459143969,0.0,0.9999745127691027,1.0,0.3170748766289274,0.3012212262129339,0.2987817236437424,0.0,0.0,0.0,1527,0.0,,,,,,,,,,
weak_anchor,2,power_matching_puea,XGB+StaticProfile,2000,458,0.769,0.16666666666666666,0.002183406113537118,0.004310344827586207,0.00324254215304799,0.9978165938864629,0.6137877423410871,0.002183406113537118,0.3293907914144323,0.30468721731021203,0.0,0.0,0.0,,0,196.0,,,,,,,,,,
weak_anchor,2,power_matching_puea,Anchored-Update-Only,2000,458,0.7695,0.0,0.0,,0.0019455252918287938,1.0,0.6126153297198105,0.0,0.3170748766289274,0.3012212262129339,0.2987817236437424,0.0,0.0,0.0,1527,,,,,,,,,,,
weak_anchor,2,power_matching_puea,Physical-Only,2000,458,0.994,0.9744680851063829,1.0,0.9870689655172413,0.007782101167315175,0.0,0.9999872563845513,1.0,,,,,,,0,0.0,,,,,,,,,,
weak_anchor,2,power_matching_puea,Spatial-XGBoost,2000,458,0.9855,0.9404517453798767,1.0,0.9693121693121692,0.01880674448767834,0.0,0.9999971680854559,1.0,,,,,,,0,0.0,,,,,,,,,,
weak_anchor,2,power_matching_puea,Sequential-Anchored,2000,458,0.992,0.9662447257383966,1.0,0.9828326180257511,0.010376134889753566,0.0,0.9999759287263748,1.0,0.3203210222390046,0.37151512834122224,0.3389517468099614,0.0,0.0,0.0,552,0.0,,,,0.0,77.0,0.0,,,,
weak_anchor,2,power_matching_puea,Sequential-Anchored+Rollback,2000,458,0.992,0.9662447257383966,1.0,0.9828326180257511,0.010376134889753566,0.0,0.9999759287263748,1.0,0.2950474276918753,0.33558260545910357,0.2643985324032479,0.0,0.0,0.0,552,0.0,,,,0.0,77.0,2.0,,,,
weak_anchor,2,power_matching_puea,Sequential-Anchored-Full,2000,458,0.9915,0.9642105263157895,1.0,0.9817792068595926,0.011024643320363165,0.0,1.0,1.0,0.31588740756951517,0.3008350393513401,0.3000701847639337,0.0,0.0,0.0,1525,0.0,,,,0.0,77.0,2.0,,,,
weak_anchor,2,power_matching_puea,Physical-Only+Sequential,2000,458,0.993,0.9703389830508474,1.0,0.9849462365591398,0.009079118028534372,0.0,1.0,1.0,,,,,,,0,0.0,,,,0.0,77.0,0.0,,,,
weak_anchor,2,shadowing_drift,Baseline-XGBoost,2000,0,0.8695,,,,0.1305,,,,,,,,,,0,,0.131875,,0.0,,,,,,,
weak_anchor,2,shadowing_drift,Naive-Adaptive,2000,0,0.9975,,,,0.0025,,,,0.3275578395935207,0.2695130830330402,1.1211707586402906,0.0,0.0,,1995,,0.0025,0.0,1.0,,,,,,,
weak_anchor,2,shadowing_drift,XGB+Physical,2000,0,0.976,,,,0.024,,,,0.6502930866361315,0.9202955390212221,0.0,0.0,0.0,,0,,0.02875,0.0,1.0,,,,,,,
weak_anchor,2,shadowing_drift,Physically-Anchored-Adaptive,2000,0,0.989,,,,0.011,,,,0.32955192968092667,0.27402775719157235,1.1211990373804974,0.0,0.0,,1978,,0.0125,0.0,1.0,,,,,,,
weak_anchor,2,shadowing_drift,XGB+StaticProfile,2000,0,0.9845,,,,0.0155,,,,0.6502930866361315,0.9202955390212221,0.0,0.0,0.0,,0,,0.01875,0.0,1.0,,,,,,,
weak_anchor,2,shadowing_drift,Anchored-Update-Only,2000,0,0.9975,,,,0.0025,,,,0.32955192968092667,0.27402775719157235,1.1211990373804974,0.0,0.0,,1978,,0.0025,0.0,1.0,,,,,,,
weak_anchor,2,shadowing_drift,Physical-Only,2000,0,0.9915,,,,0.0085,,,,,,,,,,0,,0.01,0.0,1.0,,,,,,,
weak_anchor,2,shadowing_drift,Spatial-XGBoost,2000,0,0.966,,,,0.034,,,,,,,,,,0,,0.040625,0.0,1.0,,,,,,,
weak_anchor,2,shadowing_drift,Sequential-Anchored,2000,0,0.989,,,,0.011,,,,0.32955192968092667,0.27402775719157235,1.1211990373804974,0.0,0.0,,1978,,0.0125,0.0,1.0,0.0,,0.0,,,,
weak_anchor,2,shadowing_drift,Sequential-Anchored+Rollback,2000,0,0.989,,,,0.011,,,,0.32955192968092667,0.27402775719157235,1.1211990373804974,0.0,0.0,,1978,,0.0125,0.0,1.0,0.0,,0.0,,,,
weak_anchor,2,shadowing_drift,Sequential-Anchored-Full,2000,0,0.989,,,,0.011,,,,0.32955192968092667,0.27402775719157235,1.1211990373804974,0.0,0.0,,1978,,0.0125,0.0,1.0,0.0,,0.0,,,,
weak_anchor,2,shadowing_drift,Physical-Only+Sequential,2000,0,0.9915,,,,0.0085,,,,,,,,,,0,,0.01,0.0,1.0,0.0,,0.0,,,,
weak_anchor,2,slow_near_pu_poisoning,Baseline-XGBoost,2000,195,0.8515,0.36855670103092786,0.7333333333333333,0.490566037735849,0.13573407202216067,0.26666666666666666,0.8633397258328006,0.7333333333333333,,,,,,,0,110.0,,,,,,,0.23809523809523808,0.9696969696969697,0.4800000000000002,
weak_anchor,2,slow_near_pu_poisoning,Naive-Adaptive,2000,195,0.903,0.5294117647058824,0.046153846153846156,0.0849056603773585,0.00443213296398892,0.9538461538461539,0.8176404574188507,0.046153846153846156,0.4936529249003465,1.3957327970297164,1.3799596700442678,0.3014702990114948,0.2840724743448741,0.9538461538461539,1983,336.0,,,,,,,0.09523809523809523,0.022727272727272728,1.0,0.0334401980705792
weak_anchor,2,slow_near_pu_poisoning,XGB+Physical,2000,195,0.94,0.7952755905511811,0.517948717948718,0.6273291925465839,0.014404432132963989,0.48205128205128206,0.9075559343703389,0.517948717948718,0.2877744190054502,0.26712585319505655,0.0,0.0,0.0,,0,336.0,,,,,,,0.14285714285714285,0.696969696969697,0.8200000000000005,0.0
weak_anchor,2,slow_near_pu_poisoning,Physically-Anchored-Adaptive,2000,195,0.897,0.35135135135135137,0.06666666666666667,0.11206896551724138,0.013296398891966758,0.9333333333333333,0.7695688614248171,0.06666666666666667,0.4897751272634506,1.3544430405360828,1.3606275709131237,0.2966167361301892,0.2807927809145349,0.9333333333333333,1963,336.0,,,,,,,0.09523809523809523,0.05303030303030303,1.0,0.0338699116752874
weak_anchor,2,slow_near_pu_poisoning,XGB+StaticProfile,2000,195,0.9475,0.9090909090909091,0.5128205128205128,0.6557377049180326,0.00554016620498615,0.48717948717948717,0.9114624618225726,0.5128205128205128,0.2877744190054502,0.26712585319505655,0.0,0.0,0.0,,0,336.0,,,,,,,0.14285714285714285,0.6893939393939394,0.8200000000000005,0.0
weak_anchor,2,slow_near_pu_poisoning,Anchored-Update-Only,2000,195,0.903,0.5294117647058824,0.046153846153846156,0.0849056603773585,0.00443213296398892,0.9538461538461539,0.8204133816322183,0.046153846153846156,0.4897751272634506,1.3544430405360828,1.3606275709131237,0.2966167361301892,0.2807927809145349,0.9333333333333333,1963,336.0,,,,,,,0.09523809523809523,0.022727272727272728,1.0,0.0338699116752874
weak_anchor,2,slow_near_pu_poisoning,Physical-Only,2000,195,0.8965,0.2,0.020512820512820513,0.037209302325581395,0.00886426592797784,0.9794871794871794,0.6154968392641522,0.020512820512820513,,,,,,,0,1380.0,,,,,,,0.0,0.030303030303030304,1.0,
weak_anchor,2,slow_near_pu_poisoning,Spatial-XGBoost,2000,195,0.9435,0.8014705882352942,0.558974358974359,0.6586102719033232,0.014958448753462604,0.441025641025641,0.9046778890546204,0.558974358974359,,,,,,,0,295.0,,,,,,,0.1746031746031746,0.7424242424242424,0.7200000000000006,
weak_anchor,2,slow_near_pu_poisoning,Sequential-Anchored,2000,195,0.8975,0.3684210526315789,0.07179487179487179,0.12017167381974246,0.013296398891966758,0.9282051282051282,0.7827629803253072,0.07179487179487179,0.46374868831774835,1.150454866674054,1.069648567091159,0.2613449271395769,0.2277993258526386,0.6923076923076923,1800,336.0,,,,0.0,1220.0,0.0,0.09523809523809523,0.06060606060606061,1.0,0.0338699116752874
weak_anchor,2,slow_near_pu_poisoning,Sequential-Anchored+Rollback,2000,195,0.9035,0.52,0.13333333333333333,0.21224489795918366,0.013296398891966758,0.8666666666666667,0.832223879536899,0.13333333333333333,0.3853904001065524,0.33611359321057094,0.4101263734974347,0.2250149403528963,0.0385780210376238,0.6923076923076923,1800,336.0,,,,0.0,1220.0,8.0,0.09523809523809523,0.15151515151515152,1.0,0.0338699116752874
weak_anchor,2,slow_near_pu_poisoning,Sequential-Anchored-Full,2000,195,0.9015,0.4782608695652174,0.11282051282051282,0.1825726141078838,0.013296398891966758,0.8871794871794871,0.8125292989558918,0.11282051282051282,0.4031993684447637,0.6683751491451332,0.8173119201701682,0.2250149403528963,0.1613078190257916,0.8871794871794871,1953,336.0,,,,0.0,1220.0,8.0,0.09523809523809523,0.12121212121212122,1.0,0.0338699116752874
weak_anchor,2,slow_near_pu_poisoning,Physical-Only+Sequential,2000,195,0.9,0.4074074074074074,0.05641025641025641,0.09909909909909909,0.00886426592797784,0.9435897435897436,0.6539583777256908,0.05641025641025641,,,,,,,0,1223.0,,,,0.0,1220.0,0.0,0.0,0.08333333333333333,1.0,
weak_anchor,2,stable,Baseline-XGBoost,2000,0,0.8705,,,,0.1295,,,,,,,,,,0,,,,,,,,,,,
weak_anchor,2,stable,Naive-Adaptive,2000,0,0.9975,,,,0.0025,,,,0.31762192617438456,0.24097830863280695,0.2844836184456686,0.0,0.0,,1995,,,,,,,,,,,
weak_anchor,2,stable,XGB+Physical,2000,0,0.989,,,,0.011,,,,0.33722606364860414,0.31692577007971695,0.0,0.0,0.0,,0,,,,,,,,,,,
weak_anchor,2,stable,Physically-Anchored-Adaptive,2000,0,0.9905,,,,0.0095,,,,0.317573461868658,0.2402460706438052,0.2851388408693486,0.0,0.0,,1981,,,,,,,,,,,
weak_anchor,2,stable,XGB+StaticProfile,2000,0,0.996,,,,0.004,,,,0.33722606364860414,0.31692577007971695,0.0,0.0,0.0,,0,,,,,,,,,,,
weak_anchor,2,stable,Anchored-Update-Only,2000,0,0.9975,,,,0.0025,,,,0.317573461868658,0.2402460706438052,0.2851388408693486,0.0,0.0,,1981,,,,,,,,,,,
weak_anchor,2,stable,Physical-Only,2000,0,0.993,,,,0.007,,,,,,,,,,0,,,,,,,,,,,
weak_anchor,2,stable,Spatial-XGBoost,2000,0,0.988,,,,0.012,,,,,,,,,,0,,,,,,,,,,,
weak_anchor,2,stable,Sequential-Anchored,2000,0,0.9905,,,,0.0095,,,,0.317573461868658,0.2402460706438052,0.2851388408693486,0.0,0.0,,1981,,,,,0.0,,0.0,,,,
weak_anchor,2,stable,Sequential-Anchored+Rollback,2000,0,0.9905,,,,0.0095,,,,0.317573461868658,0.2402460706438052,0.2851388408693486,0.0,0.0,,1981,,,,,0.0,,0.0,,,,
weak_anchor,2,stable,Sequential-Anchored-Full,2000,0,0.9905,,,,0.0095,,,,0.317573461868658,0.2402460706438052,0.2851388408693486,0.0,0.0,,1981,,,,,0.0,,0.0,,,,
weak_anchor,2,stable,Physical-Only+Sequential,2000,0,0.993,,,,0.007,,,,,,,,,,0,,,,,0.0,,0.0,,,,
weak_anchor,2,stealthy_puea,Baseline-XGBoost,2000,223,0.5125,0.13636363636363635,0.6322869955156951,0.22434367541766106,0.5025323579065841,0.36771300448430494,0.5946751087008638,0.6322869955156951,,,,,,,0,0.0,0.6107480029048656,,0.0,,,,,,,
weak_anchor,2,stealthy_puea,Naive-Adaptive,2000,223,0.8835,0.08333333333333333,0.004484304932735426,0.00851063829787234,0.0061902082160945416,0.9955156950672646,0.5189176094137598,0.004484304932735426,0.3724738534957759,0.3436801468181288,3.555174980151723,0.1999018178977606,0.110840901885941,0.9955156950672646,1988,73.0,0.006535947712418301,0.0,1.0,,,,,,,
weak_anchor,2,stealthy_puea,XGB+Physical,2000,223,0.771,0.16138328530259366,0.25112107623318386,0.19649122807017544,0.1637591446257738,0.7488789237668162,0.6739983496142792,0.25112107623318386,1.9659917470315027,3.4265130889258115,0.0,0.0,0.0,,0,14.0,0.20697167755991286,,0.0,,,,,,,
weak_anchor,2,stealthy_puea,Physically-Anchored-Adaptive,2000,223,0.8925,0.58,0.13004484304932734,0.2124542124542124,0.011817670230725942,0.8699551569506726,0.8095924253856578,0.13004484304932734,0.3767183972209607,0.35567202582468854,3.5529774341963285,0.1807645595776112,0.0989146238733434,0.8699551569506726,1950,14.0,0.012345679012345678,0.0,1.0,,,,,,,
weak_anchor,2,stealthy_puea,XGB+StaticProfile,2000,223,0.765,0.11764705882352941,0.17040358744394618,0.1391941391941392,0.16038266741699495,0.8295964125560538,0.5638893585450361,0.17040358744394618,1.9659917470315027,3.4265130889258115,0.0,0.0,0.0,,0,73.0,0.20406681190994916,,0.0,,,,,,,
weak_anchor,2,stealthy_puea,Anchored-Update-Only,2000,223,0.883,0.07692307692307693,0.004484304932735426,0.00847457627118644,0.006752954417557681,0.9955156950672646,0.5216783463841663,0.004484304932735426,0.3767183972209607,0.35567202582468854,3.5529774341963285,0.1807645595776112,0.0989146238733434,0.8699551569506726,1950,73.0,0.007262164124909223,0.0,1.0,,,,,,,
weak_anchor,2,stealthy_puea,Physical-Only,2000,223,0.898,0.7567567567567568,0.12556053811659193,0.21538461538461537,0.005064715813168261,0.874439461883408,0.8600906955088815,0.12556053811659193,,,,,,,0,14.0,0.005083514887436456,0.0,1.0,,,,,,,
weak_anchor,2,stealthy_puea,Spatial-XGBoost,2000,223,0.8295,0.33519553072625696,0.5381165919282511,0.41308089500860584,0.13393359594822735,0.4618834080717489,0.8120377216601771,0.5381165919282511,,,,,,,0,0.0,0.17138707334785766,,0.0,,,,,,,
weak_anchor,2,stealthy_puea,Sequential-Anchored,2000,223,0.8935,0.6,0.13452914798206278,0.21978021978021975,0.011254924029262802,0.8654708520179372,0.8104226652972334,0.13452914798206278,0.38289864263519063,0.33370506206319983,3.4819905727409206,0.1807645595776112,0.1008257278768677,0.672645739910314,1580,14.0,0.011619462599854757,0.0,1.0,0.0,1039.0,0.0,,,,
weak_anchor,2,stealthy_puea,Sequential-Anchored+Rollback,2000,223,0.892,0.5686274509803921,0.13004484304932734,0.2116788321167883,0.012380416432189083,0.8699551569506726,0.8074802344859957,0.13004484304932734,0.4896883145345312,0.4049791311143114,3.216728100018348,0.1807645595776112,0.1216039892356378,0.6771300448430493,1581,14.0,0.013071895424836602,0.0,1.0,0.0,1039.0,3.0,,,,
weak_anchor,2,stealthy_puea,Sequential-Anchored-Full,2000,223,0.8995,0.6617647058823529,0.20179372197309417,0.3092783505154639,0.012943162633652222,0.7982062780269058,0.8251802428136301,0.20179372197309417,0.40409608134390995,0.3388476602789768,3.3885263516410515,0.1807645595776112,0.0714375369862169,0.7982062780269058,1932,14.0,0.013798111837327523,0.0,1.0,0.0,1039.0,3.0,,,,
weak_anchor,2,stealthy_puea,Physical-Only+Sequential,2000,223,0.905,0.8,0.19730941704035873,0.31654676258992803,0.0061902082160945416,0.8026905829596412,0.8693873636980753,0.19730941704035873,,,,,,,0,14.0,0.006535947712418301,0.0,1.0,0.0,1039.0,0.0,,,,
weak_anchor,3,basic_puea,Baseline-XGBoost,2000,460,0.903,0.7046153846153846,0.9956521739130435,0.8252252252252252,0.12467532467532468,0.004347826086956522,0.9975790513833992,0.9956521739130435,,,,,,,0,0.0,,,,,,,,,,
weak_anchor,3,basic_puea,Naive-Adaptive,2000,460,0.7765,0.8095238095238095,0.03695652173913044,0.07068607068607069,0.0025974025974025974,0.9630434782608696,0.7839116318464143,0.03695652173913044,1.1743457160345132,1.4857333392542111,1.5245671518242616,0.3461583016453039,0.2801240716670449,0.9630434782608696,1979,10.0,,,,,,,,,,
weak_anchor,3,basic_puea,XGB+Physical,2000,460,0.9925,0.968421052631579,1.0,0.983957219251337,0.00974025974025974,0.0,1.0,1.0,0.2784706147518924,0.41984740098273543,0.0,0.0,0.0,,0,0.0,,,,,,,,,,
weak_anchor,3,basic_puea,Physically-Anchored-Adaptive,2000,460,0.9915,0.9643605870020965,1.0,0.9818569903948774,0.01103896103896104,0.0,1.0,1.0,0.30410292766806946,0.2662466437840398,0.3057084182233183,0.0,0.0,0.0,1523,0.0,,,,,,,,,,
weak_anchor,3,basic_puea,XGB+StaticProfile,2000,460,0.9535,0.986737400530504,0.808695652173913,0.8888888888888888,0.003246753246753247,0.19130434782608696,0.995446075663467,0.808695652173913,0.2784706147518924,0.41984740098273543,0.0,0.0,0.0,,0,10.0,,,,,,,,,,
weak_anchor,3,basic_puea,Anchored-Update-Only,2000,460,0.948,0.9836956521739131,0.7869565217391304,0.8743961352657005,0.003896103896103896,0.21304347826086956,0.9953006775832862,0.7869565217391304,0.30410292766806946,0.2662466437840398,0.3057084182233183,0.0,0.0,0.0,1523,10.0,,,,,,,,,,
weak_anchor,3,basic_puea,Physical-Only,2000,460,0.9945,0.9766454352441614,1.0,0.9881847475832438,0.007142857142857143,0.0,0.9999943534726145,1.0,,,,,,,0,0.0,,,,,,,,,,
weak_anchor,3,basic_puea,Spatial-XGBoost,2000,460,0.9885,0.9523809523809523,1.0,0.975609756097561,0.014935064935064935,0.0,1.0,1.0,,,,,,,0,0.0,,,,,,,,,,
weak_anchor,3,basic_puea,Sequential-Anchored,2000,460,0.9925,0.968421052631579,1.0,0.983957219251337,0.00974025974025974,0.0,1.0,1.0,0.29966286083541516,0.33754535928850615,0.2486328055901702,0.0,0.0,0.0,512,0.0,,,,0.0,16.0,0.0,,,,
weak_anchor,3,basic_puea,Sequential-Anchored+Rollback,2000,460,0.9925,0.968421052631579,1.0,0.983957219251337,0.00974025974025974,0.0,1.0,1.0,0.3211982333440968,0.3422156011328587,0.3156042127240409,0.0,0.0,0.0,512,0.0,,,,0.0,16.0,5.0,,,,
weak_anchor,3,basic_puea,Sequential-Anchored-Full,2000,460,0.987,0.9465020576131687,1.0,0.9725158562367865,0.016883116883116882,0.0,1.0,1.0,0.3029851891875551,0.26312918414092457,0.3055767089761437,0.0,0.0,0.0,1508,0.0,,,,0.0,16.0,5.0,,,,
weak_anchor,3,basic_puea,Physical-Only+Sequential,2000,460,0.99,0.9583333333333334,1.0,0.9787234042553191,0.012987012987012988,0.0,1.0,1.0,,,,,,,0,0.0,,,,0.0,16.0,0.0,,,,
weak_anchor,3,combined_drift,Baseline-XGBoost,2000,0,0.696,,,,0.304,,,,,,,,,,0,,0.354375,,0.0,,,,,,,
weak_anchor,3,combined_drift,Naive-Adaptive,2000,0,0.996,,,,0.004,,,,1.2978214369387957,0.35610373748702107,44.319803810976865,0.0,0.0,,1992,,0.005,0.0,1.0,,,,,,,
weak_anchor,3,combined_drift,XGB+Physical,2000,0,0.72,,,,0.28,,,,23.312347376048194,44.1939712481255,0.0,0.0,0.0,,0,,0.34875,,0.0,,,,,,,
weak_anchor,3,combined_drift,Physically-Anchored-Adaptive,2000,0,0.988,,,,0.012,,,,1.3157829215124965,0.3546948727415078,44.31288007047322,0.0,0.0,,1976,,0.01375,0.0,1.0,,,,,,,
weak_anchor,3,combined_drift,XGB+StaticProfile,2000,0,0.724,,,,0.276,,,,23.312347376048194,44.1939712481255,0.0,0.0,0.0,,0,,0.345,,0.0,,,,,,,
weak_anchor,3,combined_drift,Anchored-Update-Only,2000,0,0.996,,,,0.004,,,,1.3157829215124965,0.3546948727415078,44.31288007047322,0.0,0.0,,1976,,0.005,0.0,1.0,,,,,,,
weak_anchor,3,combined_drift,Physical-Only,2000,0,0.9915,,,,0.0085,,,,,,,,,,0,,0.009375,0.0,1.0,,,,,,,
weak_anchor,3,combined_drift,Spatial-XGBoost,2000,0,0.9575,,,,0.0425,,,,,,,,,,0,,0.051875,1395.0,1.0,,,,,,,
weak_anchor,3,combined_drift,Sequential-Anchored,2000,0,0.988,,,,0.012,,,,1.3157829215124965,0.3546948727415078,44.31288007047322,0.0,0.0,,1976,,0.01375,0.0,1.0,0.0,,0.0,,,,
weak_anchor,3,combined_drift,Sequential-Anchored+Rollback,2000,0,0.988,,,,0.012,,,,1.3157829215124965,0.3546948727415078,44.31288007047322,0.0,0.0,,1976,,0.01375,0.0,1.0,0.0,,0.0,,,,
weak_anchor,3,combined_drift,Sequential-Anchored-Full,2000,0,0.988,,,,0.012,,,,1.3157829215124965,0.3546948727415078,44.31288007047322,0.0,0.0,,1976,,0.01375,0.0,1.0,0.0,,0.0,,,,
weak_anchor,3,combined_drift,Physical-Only+Sequential,2000,0,0.9915,,,,0.0085,,,,,,,,,,0,,0.009375,0.0,1.0,0.0,,0.0,,,,
weak_anchor,3,gradual_puea,Baseline-XGBoost,2000,486,0.8565,0.7103594080338267,0.691358024691358,0.7007299270072992,0.0904887714663144,0.30864197530864196,0.8806815401927688,0.691358024691358,,,,,,,0,0.0,,,,,,,,,,
weak_anchor,3,gradual_puea,Naive-Adaptive,2000,486,0.7575,0.6666666666666666,0.00411522633744856,0.0081799591002045,0.0006605019815059445,0.9958847736625515,0.7039211529157221,0.00411522633744856,0.6748579082670726,0.5683426697377475,0.3469309456743769,0.416026246427866,0.3234958132670361,0.9958847736625515,1997,0.0,,,,,,,,,,
weak_anchor,3,gradual_puea,XGB+Physical,2000,486,0.9505,0.9640287769784173,0.8271604938271605,0.8903654485049834,0.009907529722589167,0.1728395061728395,0.9795421063217923,0.8271604938271605,0.3298452712263888,0.2732757354745614,0.0,0.0,0.0,,0,0.0,,,,,,,,,,
weak_anchor,3,gradual_puea,Physically-Anchored-Adaptive,2000,486,0.95,0.9617224880382775,0.8271604938271605,0.8893805309734515,0.010568031704095112,0.1728395061728395,0.9792172915613396,0.8271604938271605,0.35640723766120386,0.4081160202757596,0.2433191872116044,0.2647688009559362,0.2388865191871425,0.1728395061728395,1582,0.0,,,,,,,,,,
weak_anchor,3,gradual_puea,XGB+StaticProfile,2000,486,0.7735,0.9714285714285714,0.06995884773662552,0.1305182341650672,0.0006605019815059445,0.9300411522633745,0.8390155530548896,0.06995884773662552,0.3298452712263888,0.2732757354745614,0.0,0.0,0.0,,0,0.0,,,,,,,,,,
weak_anchor,3,gradual_puea,Anchored-Update-Only,2000,486,0.7755,0.9512195121951219,0.08024691358024691,0.14800759013282733,0.001321003963011889,0.9197530864197531,0.8298623002864892,0.08024691358024691,0.35640723766120386,0.4081160202757596,0.2433191872116044,0.2647688009559362,0.2388865191871425,0.1728395061728395,1582,0.0,,,,,,,,,,
weak_anchor,3,gradual_puea,Physical-Only,2000,486,0.951,0.9663461538461539,0.8271604938271605,0.8913525498891353,0.009247027741083224,0.1728395061728395,0.9805274230637507,0.8271604938271605,,,,,,,0,0.0,,,,,,,,,,
weak_anchor,3,gradual_puea,Spatial-XGBoost,2000,486,0.9715,0.975609756097561,0.9053497942386831,0.9391675560298827,0.00726552179656539,0.09465020576131687,0.9889794021233915,0.9053497942386831,,,,,,,0,0.0,,,,,,,,,,
weak_anchor,3,gradual_puea,Sequential-Anchored,2000,486,0.95,0.9617224880382775,0.8271604938271605,0.8893805309734515,0.010568031704095112,0.1728395061728395,0.9791452615098585,0.8271604938271605,0.34479670873347323,0.3702657988712658,0.3244421794678778,0.0,0.0,0.0,523,0.0,,,,0.0,1.0,0.0,,,,
weak_anchor,3,gradual_puea,Sequential-Anchored+Rollback,2000,486,0.95,0.9617224880382775,0.8271604938271605,0.8893805309734515,0.010568031704095112,0.1728395061728395,0.9790759495735276,0.8271604938271605,0.34301861553248447,0.38287390442790636,0.3302552298654025,0.0,0.0,0.0,523,0.0,,,,0.0,1.0,2.0,,,,
weak_anchor,3,gradual_puea,Sequential-Anchored-Full,2000,486,0.9705,0.9532908704883227,0.9238683127572016,0.9383490073145245,0.01453104359313078,0.07613168724279835,0.9851060880343133,0.9238683127572016,0.3446938841452925,0.2699879476365972,0.1580777438807007,0.1375863089212464,0.1157938444097153,0.07613168724279835,1519,0.0,,,,0.0,1.0,2.0,,,,
weak_anchor,3,gradual_puea,Physical-Only+Sequential,2000,486,0.9715,0.9573560767590619,0.9238683127572016,0.9403141361256545,0.013210039630118891,0.07613168724279835,0.9854920603856462,0.9238683127572016,,,,,,,0,0.0,,,,0.0,1.0,0.0,,,,
weak_anchor,3,near_pu_poisoning,Baseline-XGBoost,2000,519,0.7935,0.6267942583732058,0.5048169556840078,0.5592315901814301,0.10533423362592843,0.4951830443159923,0.7667019237899715,0.5048169556840078,,,,,,,0,51.0,,,,,,,0.3201058201058201,1.0,0.4600000000000003,
weak_anchor,3,near_pu_poisoning,Naive-Adaptive,2000,519,0.7425,1.0,0.007707129094412331,0.015296367112810707,0.0,0.9922928709055877,0.8039860064347503,0.007707129094412331,1.1316850534876612,1.3756188831647316,1.5274417761704142,0.3816919524839942,0.2945702147172114,0.9922928709055877,1996,52.0,,,,,,,0.010582010582010581,0.0,1.0,0.3725359800714198
weak_anchor,3,near_pu_poisoning,XGB+Physical,2000,519,0.8465,0.9453781512605042,0.43352601156069365,0.5944517833553501,0.008777852802160702,0.5664739884393064,0.91232164904461,0.43352601156069365,0.29804810404624416,0.2550817830404357,0.0,0.0,0.0,,0,52.0,,,,,,,0.30158730158730157,0.7872340425531915,0.8800000000000007,0.0
weak_anchor,3,near_pu_poisoning,Physically-Anchored-Adaptive,2000,519,0.757,0.8,0.08477842003853564,0.15331010452961671,0.007427413909520594,0.9152215799614644,0.7863444347736712,0.08477842003853564,1.0717190356810817,1.2520294339209377,1.422745811272467,0.3606721776688361,0.268407647194011,0.9152215799614644,1945,52.0,,,,,,,0.08994708994708994,0.07092198581560284,1.0,0.3388482530237271
weak_anchor,3,near_pu_poisoning,XGB+StaticProfile,2000,519,0.8505,0.9910714285714286,0.4277456647398844,0.5975773889636609,0.0013504388926401081,0.5722543352601156,0.9459395112660169,0.4277456647398844,0.29804810404624416,0.2550817830404357,0.0,0.0,0.0,,0,52.0,,,,,,,0.29894179894179895,0.7730496453900709,0.9000000000000006,0.0
weak_anchor,3,near_pu_poisoning,Anchored-Update-Only,2000,519,0.743,1.0,0.009633911368015413,0.019083969465648852,0.0,0.9903660886319846,0.8131554604957594,0.009633911368015413,1.081642342445139,1.2524099521198897,1.422981059064051,0.3606721776688361,0.268407647194011,0.9152215799614644,1945,52.0,,,,,,,0.013227513227513227,0.0,1.0,0.3388482530237271
weak_anchor,3,near_pu_poisoning,Physical-Only,2000,519,0.7545,0.78,0.07514450867052024,0.13708260105448156,0.007427413909520594,0.9248554913294798,0.7043143790518046,0.07514450867052024,,,,,,,0,98.0,,,,,,,0.07671957671957672,0.07092198581560284,1.0,
weak_anchor,3,near_pu_poisoning,Spatial-XGBoost,2000,519,0.8395,0.9024390243902439,0.4277456647398844,0.580392156862745,0.016205266711681297,0.5722543352601156,0.9128979924255729,0.4277456647398844,,,,,,,0,101.0,,,,,,,0.29894179894179895,0.7730496453900709,0.9400000000000004,
weak_anchor,3,near_pu_poisoning,Sequential-Anchored,2000,519,0.7575,0.8035714285714286,0.08670520231213873,0.15652173913043477,0.007427413909520594,0.9132947976878613,0.8144798793712003,0.08670520231213873,0.9121481618887676,1.0878481245684872,1.0832076295440187,0.3178305540309589,0.3146522484906493,0.13680154142581888,516,52.0,,,,0.0,222.0,0.0,0.08994708994708994,0.07801418439716312,1.0,0.3146522484906493
weak_anchor,3,near_pu_poisoning,Sequential-Anchored+Rollback,2000,519,0.829,0.9447236180904522,0.3622350674373796,0.5236768802228413,0.007427413909520594,0.6377649325626205,0.9107630500143761,0.3622350674373796,0.3552514015433681,0.3207386559032802,0.2971879461842255,0.3178305540309589,0.1487916467602991,0.13680154142581888,516,52.0,,,,0.0,222.0,1.0,0.2830687830687831,0.574468085106383,1.0,0.1487916467602991
weak_anchor,3,near_pu_poisoning,Sequential-Anchored-Full,2000,519,0.7875,0.8175675675675675,0.23314065510597304,0.36281859070464767,0.01823092505064146,0.766859344894027,0.8434115364950256,0.23314065510597304,0.64110680485809,0.7075140851832908,0.8588670360562354,0.3178305540309589,0.1662395206834927,0.766859344894027,1852,52.0,,,,0.0,222.0,1.0,0.2275132275132275,0.24822695035460993,1.0,0.2234067053109765
weak_anchor,3,near_pu_poisoning,Physical-Only+Sequential,2000,519,0.7825,0.8043478260869565,0.2138728323699422,0.3378995433789954,0.01823092505064146,0.7861271676300579,0.7900919677507906,0.2138728323699422,,,,,,,0,98.0,,,,0.0,184.0,0.0,0.20105820105820105,0.24822695035460993,1.0,
weak_anchor,3,noise_drift,Baseline-XGBoost,2000,0,0.6455,,,,0.3545,,,,,,,,,,0,,0.42,,0.0,,,,,,,
weak_anchor,3,noise_drift,Naive-Adaptive,2000,0,0.999,,,,0.001,,,,1.5616380909804475,0.22493851957249064,58.992180755913104,0.0,0.0,,1998,,0.00125,0.0,1.0,,,,,,,
weak_anchor,3,noise_drift,XGB+Physical,2000,0,0.6655,,,,0.3345,,,,31.038378527040997,58.97060663555113,0.0,0.0,0.0,,0,,0.415625,,0.0,,,,,,,
weak_anchor,3,noise_drift,Physically-Anchored-Adaptive,2000,0,0.9935,,,,0.0065,,,,1.5713663036545045,0.22522597524816879,58.991209098976654,0.0,0.0,,1987,,0.005625,0.0,1.0,,,,,,,
weak_anchor,3,noise_drift,XGB+StaticProfile,2000,0,0.6685,,,,0.3315,,,,31.038378527040997,58.97060663555113,0.0,0.0,0.0,,0,,0.414375,,0.0,,,,,,,
weak_anchor,3,noise_drift,Anchored-Update-Only,2000,0,0.999,,,,0.001,,,,1.5713663036545045,0.22522597524816879,58.991209098976654,0.0,0.0,,1987,,0.00125,0.0,1.0,,,,,,,
weak_anchor,3,noise_drift,Physical-Only,2000,0,0.9945,,,,0.0055,,,,,,,,,,0,,0.004375,0.0,1.0,,,,,,,
weak_anchor,3,noise_drift,Spatial-XGBoost,2000,0,0.987,,,,0.013,,,,,,,,,,0,,0.01375,0.0,1.0,,,,,,,
weak_anchor,3,noise_drift,Sequential-Anchored,2000,0,0.9935,,,,0.0065,,,,1.5713663036545045,0.22522597524816879,58.991209098976654,0.0,0.0,,1987,,0.005625,0.0,1.0,0.0,,0.0,,,,
weak_anchor,3,noise_drift,Sequential-Anchored+Rollback,2000,0,0.9935,,,,0.0065,,,,1.5713663036545045,0.22522597524816879,58.991209098976654,0.0,0.0,,1987,,0.005625,0.0,1.0,0.0,,0.0,,,,
weak_anchor,3,noise_drift,Sequential-Anchored-Full,2000,0,0.9935,,,,0.0065,,,,1.5713663036545045,0.22522597524816879,58.991209098976654,0.0,0.0,,1987,,0.005625,0.0,1.0,0.0,,0.0,,,,
weak_anchor,3,noise_drift,Physical-Only+Sequential,2000,0,0.9945,,,,0.0055,,,,,,,,,,0,,0.004375,0.0,1.0,0.0,,0.0,,,,
weak_anchor,3,poisoning,Baseline-XGBoost,2000,497,0.8105,0.625531914893617,0.5915492957746479,0.6080661840744571,0.11709913506320692,0.4084507042253521,0.823937637802865,0.5915492957746479,,,,,,,0,6.0,,,,,,,0.39039039039039036,1.0,0.18,
weak_anchor,3,poisoning,Naive-Adaptive,2000,497,0.7515,0.5,0.002012072434607646,0.004008016032064129,0.0006653359946773121,0.9979879275653923,0.8139709849248519,0.002012072434607646,1.2524518882314346,1.8208713408388602,1.5391893915615442,0.3692328233753901,0.3119475362571964,0.9979879275653923,1998,318.0,,,,,,,0.003003003003003003,0.0,1.0,0.244943800269204
weak_anchor,3,poisoning,XGB+Physical,2000,497,0.89,0.9540983606557377,0.5855130784708249,0.7256857855361597,0.009314703925482368,0.41448692152917505,0.9412710461036344,0.5855130784708249,0.32295337762315685,0.24595785992735208,0.0,0.0,0.0,,0,0.0,,,,,,,0.3813813813813814,1.0,0.16,0.0
weak_anchor,3,poisoning,Physically-Anchored-Adaptive,2000,497,0.8905,0.9572368421052632,0.5855130784708249,0.7265917602996255,0.008649367930805056,0.41448692152917505,0.940767693318929,0.5855130784708249,0.38369441541279947,0.3081434583272551,0.1588580944492303,0.2509115359634538,0.0061840468727637,0.41448692152917505,1696,0.0,,,,,,,0.3813813813813814,1.0,0.16,0.1637567965301268
weak_anchor,3,poisoning,XGB+StaticProfile,2000,497,0.8685,0.9957627118644068,0.47283702213279677,0.641200545702592,0.0006653359946773121,0.5271629778672032,0.9701107509996774,0.47283702213279677,0.32295337762315685,0.24595785992735208,0.0,0.0,0.0,,0,111.0,,,,,,,0.2972972972972973,0.8292682926829268,0.9800000000000004,0.0
weak_anchor,3,poisoning,Anchored-Update-Only,2000,497,0.8665,0.9956896551724138,0.4647887323943662,0.6337448559670782,0.0006653359946773121,0.5352112676056338,0.9691375130356323,0.4647887323943662,0.33123739087147774,0.30640361052064746,0.1549542223166963,0.0570038888589319,5.730629074461966e-07,0.014084507042253521,1496,111.0,,,,,,,0.29429429429429427,0.8109756097560976,0.9800000000000004,1.5175005601419412e-05
weak_anchor,3,poisoning,Physical-Only,2000,497,0.8905,0.9572368421052632,0.5855130784708249,0.7265917602996255,0.008649367930805056,0.41448692152917505,0.9428594186543078,0.5855130784708249,,,,,,,0,0.0,,,,,,,0.3813813813813814,1.0,0.16,
weak_anchor,3,poisoning,Spatial-XGBoost,2000,497,0.9045,0.9371428571428572,0.6599597585513078,0.7744982290436837,0.014637391882900865,0.34004024144869216,0.9502510739754562,0.6599597585513078,,,,,,,0,0.0,,,,,,,0.4924924924924925,1.0,0.14,
weak_anchor,3,poisoning,Sequential-Anchored,2000,497,0.8905,0.9572368421052632,0.5855130784708249,0.7265917602996255,0.008649367930805056,0.41448692152917505,0.9413486909480837,0.5855130784708249,0.3218188920900838,0.21067893955963693,0.1692539430962223,0.0519831132939173,0.0494354235053398,0.012072434607645875,345,0.0,,,,0.0,30.0,0.0,0.3813813813813814,1.0,0.16,0.0494354235053398
weak_anchor,3,poisoning,Sequential-Anchored+Rollback,2000,497,0.8905,0.9572368421052632,0.5855130784708249,0.7265917602996255,0.008649367930805056,0.41448692152917505,0.9416298188331585,0.5855130784708249,0.3234066509691437,0.25996178027926353,0.195985067472739,0.0464218768306621,0.0,0.012072434607645875,345,0.0,,,,0.0,30.0,4.0,0.3813813813813814,1.0,0.16,0.0
weak_anchor,3,poisoning,Sequential-Anchored-Full,2000,497,0.919,0.935064935064935,0.7243460764587525,0.8163265306122448,0.0166333998669328,0.27565392354124746,0.9570302721184056,0.7243460764587525,0.3173973477742071,0.29870900034913395,0.163160155596641,0.1185378704609991,0.0027921694605022,0.27565392354124746,1615,0.0,,,,0.0,30.0,5.0,0.5885885885885885,1.0,0.08,0.0713855859003134
weak_anchor,3,poisoning,Physical-Only+Sequential,2000,497,0.9195,0.9375,0.7243460764587525,0.8172531214528944,0.015968063872255488,0.27565392354124746,0.9557250355091294,0.7243460764587525,,,,,,,0,0.0,,,,0.0,30.0,0.0,0.5885885885885885,1.0,0.08,
weak_anchor,3,power_drift,Baseline-XGBoost,2000,0,0.4925,,,,0.5075,,,,,,,,,,0,,0.605625,,0.0,,,,,,,
weak_anchor,3,power_drift,Naive-Adaptive,2000,0,0.997,,,,0.003,,,,0.3348450590106968,0.2690263879758989,3.2764046668076756,0.0,0.0,,1994,,0.00375,0.0,1.0,,,,,,,
weak_anchor,3,power_drift,XGB+Physical,2000,0,0.8665,,,,0.1335,,,,1.877305544809544,3.3016829786970776,0.0,0.0,0.0,,0,,0.16375,,0.0,,,,,,,
weak_anchor,3,power_drift,Physically-Anchored-Adaptive,2000,0,0.9895,,,,0.0105,,,,0.3342733916884448,0.265509701525329,3.2682683587332737,0.0,0.0,,1979,,0.01,0.0,1.0,,,,,,,
weak_anchor,3,power_drift,XGB+StaticProfile,2000,0,0.8725,,,,0.1275,,,,1.877305544809544,3.3016829786970776,0.0,0.0,0.0,,0,,0.159375,,0.0,,,,,,,
weak_anchor,3,power_drift,Anchored-Update-Only,2000,0,0.997,,,,0.003,,,,0.3342733916884448,0.265509701525329,3.2682683587332737,0.0,0.0,,1979,,0.00375,0.0,1.0,,,,,,,
weak_anchor,3,power_drift,Physical-Only,2000,0,0.9925,,,,0.0075,,,,,,,,,,0,,0.00625,0.0,1.0,,,,,,,
weak_anchor,3,power_drift,Spatial-XGBoost,2000,0,0.92,,,,0.08,,,,,,,,,,0,,0.096875,,0.0,,,,,,,
weak_anchor,3,power_drift,Sequential-Anchored,2000,0,0.9895,,,,0.0105,,,,0.3342733916884448,0.265509701525329,3.2682683587332737,0.0,0.0,,1979,,0.01,0.0,1.0,0.0,,0.0,,,,
weak_anchor,3,power_drift,Sequential-Anchored+Rollback,2000,0,0.9895,,,,0.0105,,,,0.3342733916884448,0.265509701525329,3.2682683587332737,0.0,0.0,,1979,,0.01,0.0,1.0,0.0,,0.0,,,,
weak_anchor,3,power_drift,Sequential-Anchored-Full,2000,0,0.9895,,,,0.0105,,,,0.3342733916884448,0.265509701525329,3.2682683587332737,0.0,0.0,,1979,,0.01,0.0,1.0,0.0,,0.0,,,,
weak_anchor,3,power_drift,Physical-Only+Sequential,2000,0,0.9925,,,,0.0075,,,,,,,,,,0,,0.00625,0.0,1.0,0.0,,0.0,,,,
weak_anchor,3,power_matching_puea,Baseline-XGBoost,2000,433,0.7245,0.264,0.15242494226327943,0.19326500732064422,0.11742182514358647,0.8475750577367206,0.5466248889111598,0.15242494226327943,,,,,,,0,6.0,,,,,,,,,,
weak_anchor,3,power_matching_puea,Naive-Adaptive,2000,433,0.7825,0.0,0.0,,0.0012763241863433313,1.0,0.5450744350496897,0.0,0.34051675378576934,0.3901701896663737,0.2325586031861433,0.3736183067652747,0.3665266705699306,1.0,1998,,,,,,,,,,,
weak_anchor,3,power_matching_puea,XGB+Physical,2000,433,0.989,0.9516483516483516,1.0,0.9752252252252251,0.014039566049776643,0.0,0.9999896832917964,1.0,0.2961450551016459,0.24379026531738698,0.0,0.0,0.0,,0,0.0,,,,,,,,,,
weak_anchor,3,power_matching_puea,Physically-Anchored-Adaptive,2000,433,0.9895,0.9537444933920705,1.0,0.9763246899661782,0.013401403956604978,0.0,0.9999896832917964,1.0,0.3114508578973676,0.326824151628836,0.2241382348634064,0.0,0.0,0.0,1546,0.0,,,,,,,,,,
weak_anchor,3,power_matching_puea,XGB+StaticProfile,2000,433,0.782,0.0,0.0,,0.0019144862795149968,1.0,0.5487177068610531,0.0,0.2961450551016459,0.24379026531738698,0.0,0.0,0.0,,0,,,,,,,,,,,
weak_anchor,3,power_matching_puea,Anchored-Update-Only,2000,433,0.7825,0.0,0.0,,0.0012763241863433313,1.0,0.5480603851669317,0.0,0.3114508578973676,0.326824151628836,0.2241382348634064,0.0,0.0,0.0,1546,,,,,,,,,,,
weak_anchor,3,power_matching_puea,Physical-Only,2000,433,0.9905,0.9579646017699115,1.0,0.9785310734463277,0.012125079770261647,0.0,0.9999896832917964,1.0,,,,,,,0,0.0,,,,,,,,,,
weak_anchor,3,power_matching_puea,Spatial-XGBoost,2000,433,0.984,0.9311827956989247,1.0,0.9643652561247216,0.0204211869814933,0.0,0.9999837880299656,1.0,,,,,,,0,0.0,,,,,,,,,,
weak_anchor,3,power_matching_puea,Sequential-Anchored,2000,433,0.99,0.9558498896247241,1.0,0.9774266365688488,0.012763241863433313,0.0,0.9999896832917964,1.0,0.296432312875241,0.28716920850426825,0.1703741286322234,0.0,0.0,0.0,502,0.0,,,,0.0,6.0,0.0,,,,
weak_anchor,3,power_matching_puea,Sequential-Anchored+Rollback,2000,433,0.99,0.9558498896247241,1.0,0.9774266365688488,0.012763241863433313,0.0,0.9999896832917964,1.0,0.31124757833985434,0.32582831352481567,0.2098428191328795,0.0,0.0,0.0,502,0.0,,,,0.0,6.0,1.0,,,,
weak_anchor,3,power_matching_puea,Sequential-Anchored-Full,2000,433,0.9865,0.941304347826087,1.0,0.9697648376259799,0.01723037651563497,0.0,1.0,1.0,0.3094807786667152,0.3317904627760165,0.2301449324081839,0.0,0.0,0.0,1529,0.0,,,,0.0,6.0,1.0,,,,
weak_anchor,3,power_matching_puea,Physical-Only+Sequential,2000,433,0.9875,0.9454148471615721,1.0,0.9719416386083054,0.01595405232929164,0.0,1.0,1.0,,,,,,,0,0.0,,,,0.0,6.0,0.0,,,,
weak_anchor,3,shadowing_drift,Baseline-XGBoost,2000,0,0.8815,,,,0.1185,,,,,,,,,,0,,0.115625,1545.0,1.0,,,,,,,
weak_anchor,3,shadowing_drift,Naive-Adaptive,2000,0,0.999,,,,0.001,,,,0.33347277844549106,0.41432706985331585,0.911171443679866,0.0,0.0,,1998,,0.00125,0.0,1.0,,,,,,,
weak_anchor,3,shadowing_drift,XGB+Physical,2000,0,0.9895,,,,0.0105,,,,0.6003744431395232,0.8599470943110028,0.0,0.0,0.0,,0,,0.01125,0.0,1.0,,,,,,,
weak_anchor,3,shadowing_drift,Physically-Anchored-Adaptive,2000,0,0.9945,,,,0.0055,,,,0.3333275716353162,0.4140700449108729,0.911220877353995,0.0,0.0,,1989,,0.005,0.0,1.0,,,,,,,
weak_anchor,3,shadowing_drift,XGB+StaticProfile,2000,0,0.994,,,,0.006,,,,0.6003744431395232,0.8599470943110028,0.0,0.0,0.0,,0,,0.0075,0.0,1.0,,,,,,,
weak_anchor,3,shadowing_drift,Anchored-Update-Only,2000,0,0.999,,,,0.001,,,,0.3333275716353162,0.4140700449108729,0.911220877353995,0.0,0.0,,1989,,0.00125,0.0,1.0,,,,,,,
weak_anchor,3,shadowing_drift,Physical-Only,2000,0,0.9955,,,,0.0045,,,,,,,,,,0,,0.00375,0.0,1.0,,,,,,,
weak_anchor,3,shadowing_drift,Spatial-XGBoost,2000,0,0.9695,,,,0.0305,,,,,,,,,,0,,0.031875,0.0,1.0,,,,,,,
weak_anchor,3,shadowing_drift,Sequential-Anchored,2000,0,0.9945,,,,0.0055,,,,0.3333275716353162,0.4140700449108729,0.911220877353995,0.0,0.0,,1989,,0.005,0.0,1.0,0.0,,0.0,,,,
weak_anchor,3,shadowing_drift,Sequential-Anchored+Rollback,2000,0,0.9945,,,,0.0055,,,,0.3333275716353162,0.4140700449108729,0.911220877353995,0.0,0.0,,1989,,0.005,0.0,1.0,0.0,,0.0,,,,
weak_anchor,3,shadowing_drift,Sequential-Anchored-Full,2000,0,0.9945,,,,0.0055,,,,0.3333275716353162,0.4140700449108729,0.911220877353995,0.0,0.0,,1989,,0.005,0.0,1.0,0.0,,0.0,,,,
weak_anchor,3,shadowing_drift,Physical-Only+Sequential,2000,0,0.9955,,,,0.0045,,,,,,,,,,0,,0.00375,0.0,1.0,0.0,,0.0,,,,
weak_anchor,3,slow_near_pu_poisoning,Baseline-XGBoost,2000,203,0.8765,0.44054054054054054,0.8029556650246306,0.568935427574171,0.11519198664440734,0.19704433497536947,0.9062805825801623,0.8029556650246306,,,,,,,0,249.0,,,,,,,0.23529411764705882,0.993421052631579,0.3399999999999998,
weak_anchor,3,slow_near_pu_poisoning,Naive-Adaptive,2000,203,0.901,0.8571428571428571,0.029556650246305417,0.05714285714285714,0.0005564830272676684,0.9704433497536946,0.8023196844220388,0.029556650246305417,0.5575800030808579,1.4762852477953126,1.3892147472093737,0.3319590906202433,0.2891418968899856,0.9704433497536946,1993,752.0,,,,,,,0.0392156862745098,0.02631578947368421,0.8800000000000004,0.0541163742132918
weak_anchor,3,slow_near_pu_poisoning,XGB+Physical,2000,203,0.948,0.8778625954198473,0.5665024630541872,0.688622754491018,0.008903728436282694,0.43349753694581283,0.9285440156144203,0.5665024630541872,0.27200310305154685,0.1479723795434883,0.0,0.0,0.0,,0,752.0,,,,,,,0.0784313725490196,0.7302631578947368,0.7600000000000003,0.0
weak_anchor,3,slow_near_pu_poisoning,Physically-Anchored-Adaptive,2000,203,0.8995,0.53125,0.08374384236453201,0.14468085106382977,0.008347245409015025,0.916256157635468,0.8157972647351497,0.08374384236453201,0.5379436060241226,1.4356462488865795,1.3802514984958432,0.3182827786108929,0.2846280019941582,0.916256157635468,1968,752.0,,,,,,,0.0392156862745098,0.09868421052631579,0.8800000000000004,0.0548980649860987
weak_anchor,3,slow_near_pu_poisoning,XGB+StaticProfile,2000,203,0.954,0.9826086956521739,0.5566502463054187,0.710691823899371,0.0011129660545353367,0.4433497536945813,0.9396119970065052,0.5566502463054187,0.27200310305154685,0.1479723795434883,0.0,0.0,0.0,,0,752.0,,,,,,,0.0784313725490196,0.7171052631578947,0.7600000000000003,0.0
weak_anchor,3,slow_near_pu_poisoning,Anchored-Update-Only,2000,203,0.901,0.8571428571428571,0.029556650246305417,0.05714285714285714,0.0005564830272676684,0.9704433497536946,0.8127832101120915,0.029556650246305417,0.5379436060241226,1.4356462488865795,1.3802514984958432,0.3182827786108929,0.2846280019941582,0.916256157635468,1968,752.0,,,,,,,0.0392156862745098,0.02631578947368421,0.8800000000000004,0.0548980649860987
weak_anchor,3,slow_near_pu_poisoning,Physical-Only,2000,203,0.8975,0.46153846153846156,0.059113300492610835,0.10480349344978165,0.0077907623817473565,0.9408866995073891,0.7371837572747135,0.059113300492610835,,,,,,,0,890.0,,,,,,,0.0196078431372549,0.07236842105263158,0.9400000000000004,
weak_anchor,3,slow_near_pu_poisoning,Spatial-XGBoost,2000,203,0.9475,0.8356164383561644,0.6009852216748769,0.6991404011461317,0.01335559265442404,0.39901477832512317,0.928446699617041,0.6009852216748769,,,,,,,0,594.0,,,,,,,0.11764705882352941,0.7631578947368421,0.6400000000000005,
weak_anchor,3,slow_near_pu_poisoning,Sequential-Anchored,2000,203,0.8995,0.53125,0.08374384236453201,0.14468085106382977,0.008347245409015025,0.916256157635468,0.8237319451411904,0.08374384236453201,0.4512193854167578,0.8220909909680347,0.7826140537814839,0.1961535363183212,0.1865400612914217,0.3694581280788177,1594,752.0,,,,0.0,1301.0,0.0,0.0392156862745098,0.09868421052631579,0.8800000000000004,0.0548980649860987
weak_anchor,3,slow_near_pu_poisoning,Sequential-Anchored+Rollback,2000,203,0.9035,0.625,0.12315270935960591,0.205761316872428,0.008347245409015025,0.8768472906403941,0.8717580751718107,0.12315270935960591,0.38664216331011725,0.42106535413282875,0.3741227348042327,0.1961535363183212,0.0860994793358942,0.3694581280788177,1594,752.0,,,,0.0,1301.0,3.0,0.0392156862745098,0.1513157894736842,0.8800000000000004,0.0548980649860987
weak_anchor,3,slow_near_pu_poisoning,Sequential-Anchored-Full,2000,203,0.9105,0.7,0.20689655172413793,0.3193916349809886,0.01001669449081803,0.7931034482758621,0.8810798512024693,0.20689655172413793,0.4220307401284925,0.8067284481532725,0.7569550892882212,0.1961535363183212,0.1575630135145269,0.7881773399014779,1939,752.0,,,,0.0,1301.0,3.0,0.0392156862745098,0.2631578947368421,0.8800000000000004,0.0548980649860987
weak_anchor,3,slow_near_pu_poisoning,Physical-Only+Sequential,2000,203,0.908,0.6792452830188679,0.17733990147783252,0.28125,0.009460211463550361,0.8226600985221675,0.8017056341850539,0.17733990147783252,,,,,,,0,890.0,,,,0.0,1301.0,0.0,0.0196078431372549,0.23026315789473684,0.9400000000000004,
weak_anchor,3,stable,Baseline-XGBoost,2000,0,0.89,,,,0.11,,,,,,,,,,0,,,,,,,,,,,
weak_anchor,3,stable,Naive-Adaptive,2000,0,0.9985,,,,0.0015,,,,0.31826388822056206,0.20975985662967567,0.1578133779427077,0.0,0.0,,1997,,,,,,,,,,,
weak_anchor,3,stable,XGB+Physical,2000,0,0.9915,,,,0.0085,,,,0.3211320181182607,0.24031459195593505,0.0,0.0,0.0,,0,,,,,,,,,,,
weak_anchor,3,stable,Physically-Anchored-Adaptive,2000,0,0.9915,,,,0.0085,,,,0.3192470024611277,0.20970286858332457,0.1615265046708844,0.0,0.0,,1983,,,,,,,,,,,
weak_anchor,3,stable,XGB+StaticProfile,2000,0,0.999,,,,0.001,,,,0.3211320181182607,0.24031459195593505,0.0,0.0,0.0,,0,,,,,,,,,,,
weak_anchor,3,stable,Anchored-Update-Only,2000,0,0.9985,,,,0.0015,,,,0.3192470024611277,0.20970286858332457,0.1615265046708844,0.0,0.0,,1983,,,,,,,,,,,
weak_anchor,3,stable,Physical-Only,2000,0,0.9925,,,,0.0075,,,,,,,,,,0,,,,,,,,,,,
weak_anchor,3,stable,Spatial-XGBoost,2000,0,0.987,,,,0.013,,,,,,,,,,0,,,,,,,,,,,
weak_anchor,3,stable,Sequential-Anchored,2000,0,0.9915,,,,0.0085,,,,0.3192470024611277,0.20970286858332457,0.1615265046708844,0.0,0.0,,1983,,,,,0.0,,0.0,,,,
weak_anchor,3,stable,Sequential-Anchored+Rollback,2000,0,0.9915,,,,0.0085,,,,0.3192470024611277,0.20970286858332457,0.1615265046708844,0.0,0.0,,1983,,,,,0.0,,0.0,,,,
weak_anchor,3,stable,Sequential-Anchored-Full,2000,0,0.9915,,,,0.0085,,,,0.3192470024611277,0.20970286858332457,0.1615265046708844,0.0,0.0,,1983,,,,,0.0,,0.0,,,,
weak_anchor,3,stable,Physical-Only+Sequential,2000,0,0.9925,,,,0.0075,,,,,,,,,,0,,,,,0.0,,0.0,,,,
weak_anchor,3,stealthy_puea,Baseline-XGBoost,2000,227,0.536,0.16523400191021967,0.762114537444934,0.271585557299843,0.49294980259447263,0.23788546255506607,0.6842132725090752,0.762114537444934,,,,,,,0,0.0,0.6023306627822287,,0.0,,,,,,,
weak_anchor,3,stealthy_puea,Naive-Adaptive,2000,227,0.885,0.0,0.0,,0.001692047377326565,1.0,0.6233865297126998,0.0,0.39561650869311316,0.2791220636977659,3.363643806769679,0.2057151532553185,0.1458789509764778,1.0,1997,,0.0021849963583394027,0.0,1.0,,,,,,,
weak_anchor,3,stealthy_puea,XGB+Physical,2000,227,0.8595,0.43041237113402064,0.73568281938326,0.543089430894309,0.12464749012972363,0.2643171806167401,0.8926630738612222,0.73568281938326,1.881652017637503,3.4588952237962416,0.0,0.0,0.0,,0,0.0,0.15877640203932994,,0.0,,,,,,,
weak_anchor,3,stealthy_puea,Physically-Anchored-Adaptive,2000,227,0.952,0.896969696969697,0.6519823788546255,0.7551020408163265,0.009588268471517203,0.34801762114537443,0.9625761856133733,0.6519823788546255,0.3811782972083712,0.271963097931933,3.3540169308329535,0.1004678626089292,0.0566052987330433,0.34801762114537443,1835,0.0,0.011653313911143482,0.0,1.0,,,,,,,
weak_anchor,3,stealthy_puea,XGB+StaticProfile,2000,227,0.806,0.1867704280155642,0.21145374449339208,0.19834710743801653,0.11787930062041738,0.788546255506608,0.6503375398475915,0.21145374449339208,1.881652017637503,3.4588952237962416,0.0,0.0,0.0,,0,518.0,0.15076474872541878,,0.0,,,,,,,
weak_anchor,3,stealthy_puea,Anchored-Update-Only,2000,227,0.885,0.0,0.0,,0.001692047377326565,1.0,0.6480640841203466,0.0,0.3811782972083712,0.271963097931933,3.3540169308329535,0.1004678626089292,0.0566052987330433,0.34801762114537443,1835,,0.0021849963583394027,0.0,1.0,,,,,,,
weak_anchor,3,stealthy_puea,Physical-Only,2000,227,0.9535,0.9135802469135802,0.6519823788546255,0.7609254498714653,0.007896221094190638,0.34801762114537443,0.9723408643107205,0.6519823788546255,,,,,,,0,0.0,0.009468317552804079,0.0,1.0,,,,,,,
weak_anchor,3,stealthy_puea,Spatial-XGBoost,2000,227,0.912,0.5739130434782609,0.8722466960352423,0.6923076923076924,0.0829103214890017,0.1277533039647577,0.9642632636885639,0.8722466960352423,,,,,,,0,0.0,0.1056081573197378,,0.0,,,,,,,
weak_anchor,3,stealthy_puea,Sequential-Anchored,2000,227,0.889,0.5080385852090032,0.6960352422907489,0.5873605947955391,0.08629441624365482,0.3039647577092511,0.907941193278522,0.6960352422907489,1.7482573410730746,3.2343824544646083,0.4026623095841848,0.0358991037035009,0.0315022182066421,0.01762114537444934,544,0.0,0.11070648215586307,,0.0,0.0,35.0,0.0,,,,
weak_anchor,3,stealthy_puea,Sequential-Anchored+Rollback,2000,227,0.884,0.49240121580547114,0.7136563876651982,0.5827338129496403,0.09419063733784545,0.28634361233480177,0.9039508436632702,0.7136563876651982,1.8335830646104796,3.3474089527943742,0.4925145765413891,0.0358991037035009,0.0,0.01762114537444934,544,0.0,0.12090313182811362,,0.0,0.0,35.0,3.0,,,,
weak_anchor,3,stealthy_puea,Sequential-Anchored-Full,2000,227,0.975,0.8864628820960698,0.8942731277533039,0.8903508771929823,0.014664410603496898,0.10572687224669604,0.9779909608394144,0.8942731277533039,0.40113825333387265,0.29310671597725585,3.343564239066287,0.0358991037035009,0.0136003251142276,0.10572687224669604,1771,0.0,0.01820830298616169,0.0,1.0,0.0,35.0,3.0,,,,
weak_anchor,3,stealthy_puea,Physical-Only+Sequential,2000,227,0.9765,0.8982300884955752,0.8942731277533039,0.8962472406181015,0.012972363226170333,0.10572687224669604,0.9829379011158569,0.8942731277533039,,,,,,,0,0.0,0.016023306627822288,0.0,1.0,0.0,35.0,0.0,,,,
weak_anchor,4,basic_puea,Baseline-XGBoost,2000,455,0.9135,0.7245222929936306,1.0,0.840258541089566,0.11197411003236246,0.0,0.9995447917778014,1.0,,,,,,,0,0.0,,,,,,,,,,
weak_anchor,4,basic_puea,Naive-Adaptive,2000,455,0.771,0.2857142857142857,0.004395604395604396,0.00865800865800866,0.003236245954692557,0.9956043956043956,0.7214808492478396,0.004395604395604396,1.2387375394120763,1.597088221142795,1.5740636254253106,0.3684467340691379,0.3219599046781321,0.9956043956043956,1993,0.0,,,,,,,,,,
weak_anchor,4,basic_puea,XGB+Physical,2000,455,0.984,0.9342915811088296,1.0,0.9660297239915075,0.020711974110032363,0.0,0.9999103808812546,1.0,0.3133079938448523,0.20064774470224706,0.0,0.0,0.0,,0,0.0,,,,,,,,,,
weak_anchor,4,basic_puea,Physically-Anchored-Adaptive,2000,455,0.9835,0.9323770491803278,1.0,0.9650053022269353,0.021359223300970873,0.0,0.9999430989722251,1.0,0.32118976598538107,0.3083144798983226,0.2525164300010525,0.0,0.0,0.0,1512,0.0,,,,,,,,,,
weak_anchor,4,basic_puea,XGB+StaticProfile,2000,455,0.9545,0.989247311827957,0.8087912087912088,0.8899637243047159,0.0025889967637540453,0.1912087912087912,0.9969358796543263,0.8087912087912088,0.3133079938448523,0.20064774470224706,0.0,0.0,0.0,,0,0.0,,,,,,,,,,
weak_anchor,4,basic_puea,Anchored-Update-Only,2000,455,0.9575,0.9868421052631579,0.8241758241758241,0.8982035928143712,0.003236245954692557,0.17582417582417584,0.996915964294605,0.8241758241758241,0.32118976598538107,0.3083144798983226,0.2525164300010525,0.0,0.0,0.0,1512,0.0,,,,,,,,,,
weak_anchor,4,basic_puea,Physical-Only,2000,455,0.986,0.9420289855072463,1.0,0.9701492537313433,0.018122977346278317,0.0,0.9998634375333404,1.0,,,,,,,0,0.0,,,,,,,,,,
weak_anchor,4,basic_puea,Spatial-XGBoost,2000,455,0.9865,0.9439834024896265,1.0,0.9711846318036286,0.017475728155339806,0.0,1.0,1.0,,,,,,,0,0.0,,,,,,,,,,
weak_anchor,4,basic_puea,Sequential-Anchored,2000,455,0.984,0.9342915811088296,1.0,0.9660297239915075,0.020711974110032363,0.0,0.9999317187666702,1.0,0.3300137881786328,0.24186506333121258,0.146420177295808,0.0,0.0,0.0,500,0.0,,,,0.0,5.0,0.0,,,,
weak_anchor,4,basic_puea,Sequential-Anchored+Rollback,2000,455,0.984,0.9342915811088296,1.0,0.9660297239915075,0.020711974110032363,0.0,0.9999288737152814,1.0,0.33301932990751043,0.23659230285258354,0.1463912642489563,0.0,0.0,0.0,500,0.0,,,,0.0,5.0,1.0,,,,
weak_anchor,4,basic_puea,Sequential-Anchored-Full,2000,455,0.978,0.9118236472945892,1.0,0.9538784067085955,0.0284789644012945,0.0,1.0,1.0,0.3201596378058601,0.30633080947918356,0.2750675913821612,0.0,0.0,0.0,1497,0.0,,,,0.0,5.0,1.0,,,,
weak_anchor,4,basic_puea,Physical-Only+Sequential,2000,455,0.9805,0.9210526315789473,1.0,0.958904109589041,0.02524271844660194,0.0,1.0,1.0,,,,,,,0,0.0,,,,0.0,5.0,0.0,,,,
weak_anchor,4,combined_drift,Baseline-XGBoost,2000,0,0.6895,,,,0.3105,,,,,,,,,,0,,0.35875,,0.0,,,,,,,
weak_anchor,4,combined_drift,Naive-Adaptive,2000,0,0.996,,,,0.004,,,,1.136868019118305,0.21081491374752837,42.46541610379085,0.0,0.0,,1992,,0.004375,0.0,1.0,,,,,,,
weak_anchor,4,combined_drift,XGB+Physical,2000,0,0.705,,,,0.295,,,,22.23305634503804,42.332291597628654,0.0,0.0,0.0,,0,,0.36625,,0.0,,,,,,,
weak_anchor,4,combined_drift,Physically-Anchored-Adaptive,2000,0,0.98,,,,0.02,,,,1.1697556235130222,0.2109280183406278,42.465362081682855,0.0,0.0,,1960,,0.0225,0.0,1.0,,,,,,,
weak_anchor,4,combined_drift,XGB+StaticProfile,2000,0,0.7165,,,,0.2835,,,,22.23305634503804,42.332291597628654,0.0,0.0,0.0,,0,,0.35375,,0.0,,,,,,,
weak_anchor,4,combined_drift,Anchored-Update-Only,2000,0,0.996,,,,0.004,,,,1.1697556235130222,0.2109280183406278,42.465362081682855,0.0,0.0,,1960,,0.004375,0.0,1.0,,,,,,,
weak_anchor,4,combined_drift,Physical-Only,2000,0,0.984,,,,0.016,,,,,,,,,,0,,0.018125,0.0,1.0,,,,,,,
weak_anchor,4,combined_drift,Spatial-XGBoost,2000,0,0.9275,,,,0.0725,,,,,,,,,,0,,0.088125,,0.0,,,,,,,
weak_anchor,4,combined_drift,Sequential-Anchored,2000,0,0.98,,,,0.02,,,,1.1697556235130222,0.2109280183406278,42.465362081682855,0.0,0.0,,1960,,0.0225,0.0,1.0,0.0,,0.0,,,,
weak_anchor,4,combined_drift,Sequential-Anchored+Rollback,2000,0,0.98,,,,0.02,,,,1.1697556235130222,0.2109280183406278,42.465362081682855,0.0,0.0,,1960,,0.0225,0.0,1.0,0.0,,0.0,,,,
weak_anchor,4,combined_drift,Sequential-Anchored-Full,2000,0,0.98,,,,0.02,,,,1.1697556235130222,0.2109280183406278,42.465362081682855,0.0,0.0,,1960,,0.0225,0.0,1.0,0.0,,0.0,,,,
weak_anchor,4,combined_drift,Physical-Only+Sequential,2000,0,0.984,,,,0.016,,,,,,,,,,0,,0.018125,0.0,1.0,0.0,,0.0,,,,
weak_anchor,4,gradual_puea,Baseline-XGBoost,2000,469,0.788,0.5575447570332481,0.464818763326226,0.5069767441860467,0.11299804049640758,0.535181236673774,0.7465875808974164,0.464818763326226,,,,,,,0,0.0,,,,,,,,,,
weak_anchor,4,gradual_puea,Naive-Adaptive,2000,469,0.767,0.7142857142857143,0.010660980810234541,0.021008403361344536,0.0013063357282821686,0.9893390191897654,0.5937588348265206,0.010660980810234541,0.47193825816857865,0.30368780384577626,0.2466391410226234,0.4057191872571051,0.3980598047227413,0.9893390191897654,1993,4.0,,,,,,,,,,
weak_anchor,4,gradual_puea,XGB+Physical,2000,469,0.9065,0.9028571428571428,0.673773987206823,0.7716727716727718,0.022207707380796866,0.326226012793177,0.8955558124280157,0.673773987206823,0.27484377135585397,0.2958866489529722,0.0,0.0,0.0,,0,0.0,,,,,,,,,,
weak_anchor,4,gradual_puea,Physically-Anchored-Adaptive,2000,469,0.9085,0.9132947976878613,0.673773987206823,0.7754601226993866,0.019595035924232528,0.326226012793177,0.8968886091145467,0.673773987206823,0.2828668507483737,0.27571717094840964,0.238857868226125,0.3882234723653642,0.3825518677228436,0.326226012793177,1654,0.0,,,,,,,,,,
weak_anchor,4,gradual_puea,XGB+StaticProfile,2000,469,0.7715,0.75,0.03837953091684435,0.07302231237322516,0.003919007184846506,0.9616204690831557,0.685433521020446,0.03837953091684435,0.27484377135585397,0.2958866489529722,0.0,0.0,0.0,,0,8.0,,,,,,,,,,
weak_anchor,4,gradual_puea,Anchored-Update-Only,2000,469,0.7725,0.8888888888888888,0.03411513859275053,0.06570841889117043,0.0013063357282821686,0.9658848614072495,0.692708891856849,0.03411513859275053,0.2828668507483737,0.27571717094840964,0.238857868226125,0.3882234723653642,0.3825518677228436,0.326226012793177,1654,4.0,,,,,,,,,,
weak_anchor,4,gradual_puea,Physical-Only,2000,469,0.909,0.9183673469387755,0.6716417910447762,0.7758620689655172,0.018288700195950358,0.3283582089552239,0.9048756404596408,0.6716417910447762,,,,,,,0,0.0,,,,,,,,,,
weak_anchor,4,gradual_puea,Spatial-XGBoost,2000,469,0.9245,0.9251336898395722,0.7377398720682303,0.8208778173190985,0.018288700195950358,0.2622601279317697,0.9074966680082837,0.7377398720682303,,,,,,,0,0.0,,,,,,,,,,
weak_anchor,4,gradual_puea,Sequential-Anchored,2000,469,0.9085,0.9132947976878613,0.673773987206823,0.7754601226993866,0.019595035924232528,0.326226012793177,0.896181126651895,0.673773987206823,0.26383425918476794,0.2369255426871528,0.1971686600518511,0.1855158201158223,0.183660661914664,0.04904051172707889,566,0.0,,,,0.0,22.0,0.0,,,,
weak_anchor,4,gradual_puea,Sequential-Anchored+Rollback,2000,469,0.909,0.9159420289855073,0.673773987206823,0.7764127764127764,0.018941868060091443,0.326226012793177,0.8962410119784581,0.673773987206823,0.27301042115743895,0.21982390083422407,0.2267454528170323,0.1793429187063994,0.1775494895193354,0.04904051172707889,566,0.0,,,,0.0,22.0,3.0,,,,
weak_anchor,4,gradual_puea,Sequential-Anchored-Full,2000,469,0.9195,0.9031413612565445,0.7356076759061834,0.8108108108108109,0.024167210973220117,0.26439232409381663,0.8999051583549083,0.7356076759061834,0.28184793679148845,0.27826020947278285,0.1856323874175095,0.3050620634674817,0.1974924181458148,0.26439232409381663,1618,0.0,,,,0.0,22.0,3.0,,,,
weak_anchor,4,gradual_puea,Physical-Only+Sequential,2000,469,0.9205,0.9078947368421053,0.7356076759061834,0.8127208480565371,0.022860875244937948,0.26439232409381663,0.9074061436774326,0.7356076759061834,,,,,,,0,0.0,,,,0.0,22.0,0.0,,,,
weak_anchor,4,near_pu_poisoning,Baseline-XGBoost,2000,523,0.788,0.6087912087912087,0.5296367112810707,0.5664621676891616,0.12051455653351388,0.47036328871892924,0.7423165400383962,0.5296367112810707,,,,,,,0,0.0,,,,,,,0.32222222222222224,0.9877300613496932,0.5200000000000012,
weak_anchor,4,near_pu_poisoning,Naive-Adaptive,2000,523,0.7395,0.75,0.0057361376673040155,0.011385199240986717,0.0006770480704129993,0.994263862332696,0.7674061550530699,0.0057361376673040155,1.1310344028123425,1.441139666253922,1.3962508115520096,0.3843521547892868,0.3240796575855829,0.994263862332696,1996,0.0,,,,,,,0.008333333333333333,0.0,1.0,0.2668208775242025
weak_anchor,4,near_pu_poisoning,XGB+Physical,2000,523,0.8295,0.8669354838709677,0.4110898661567878,0.5577172503242542,0.02234258632362898,0.5889101338432122,0.8986382660319934,0.4110898661567878,0.3147275169257291,0.2017989248542416,0.0,0.0,0.0,,0,69.0,,,,,,,0.2972222222222222,0.6625766871165644,0.9600000000000006,0.0
weak_anchor,4,near_pu_poisoning,Physically-Anchored-Adaptive,2000,523,0.736,0.4489795918367347,0.04206500956022945,0.07692307692307691,0.01828029790115098,0.9579349904397706,0.7011208187750737,0.04206500956022945,1.1175202238034345,1.444375924938868,1.4071538729964954,0.3708014972550261,0.3213138419441901,0.9579349904397706,1951,0.0,,,,,,,0.03333333333333333,0.06134969325153374,1.0,0.2551290575294229
weak_anchor,4,near_pu_poisoning,XGB+StaticProfile,2000,523,0.839,0.9674418604651163,0.3977055449330784,0.5636856368563686,0.004739336492890996,0.6022944550669216,0.9493961585612922,0.3977055449330784,0.3147275169257291,0.2017989248542416,0.0,0.0,0.0,,0,69.0,,,,,,,0.29444444444444445,0.6257668711656442,1.0,0.0
weak_anchor,4,near_pu_poisoning,Anchored-Update-Only,2000,523,0.7395,0.75,0.0057361376673040155,0.011385199240986717,0.0006770480704129993,0.994263862332696,0.7682812688113858,0.0057361376673040155,1.1187883292381589,1.4444186111778103,1.407178604991716,0.3708014972550261,0.3213138419441901,0.9579349904397706,1951,0.0,,,,,,,0.008333333333333333,0.0,1.0,0.2551290575294229
weak_anchor,4,near_pu_poisoning,Physical-Only,2000,523,0.735,0.4222222222222222,0.036328871892925434,0.06690140845070423,0.017603249830737983,0.9636711281070746,0.6273581791420002,0.036328871892925434,,,,,,,0,408.0,,,,,,,0.025,0.06134969325153374,1.0,
weak_anchor,4,near_pu_poisoning,Spatial-XGBoost,2000,523,0.8255,0.8686440677966102,0.3919694072657744,0.5401844532279315,0.02098849018280298,0.6080305927342257,0.8874378455631344,0.3919694072657744,,,,,,,0,127.0,,,,,,,0.29444444444444445,0.6073619631901841,1.0,
weak_anchor,4,near_pu_poisoning,Sequential-Anchored,2000,523,0.776,0.7906976744186046,0.1950286806883365,0.3128834355828221,0.01828029790115098,0.8049713193116634,0.8688487982073114,0.1950286806883365,0.466673672022205,0.4973579843871384,0.5411153797130875,0.2562598199641165,0.2562598199641165,0.08030592734225621,425,0.0,,,,0.0,131.0,0.0,0.15833333333333333,0.27607361963190186,1.0,0.2562598199641165
weak_anchor,4,near_pu_poisoning,Sequential-Anchored+Rollback,2000,523,0.829,0.8663967611336032,0.4091778202676864,0.5558441558441558,0.02234258632362898,0.5908221797323135,0.8969158712754266,0.4091778202676864,0.28645266513000706,0.19888738894100794,0.1479703417675429,0.2562598199641165,0.0700495496825594,0.08030592734225621,425,0.0,,,,0.0,131.0,1.0,0.3,0.6503067484662577,0.9400000000000006,0.0700495496825594
weak_anchor,4,near_pu_poisoning,Sequential-Anchored-Full,2000,523,0.757,0.648,0.15487571701720843,0.25,0.02979011509817197,0.8451242829827916,0.8113631450242144,0.15487571701720843,0.7337346898488963,0.9644991597223458,0.9606512819294486,0.2562598199641165,0.2190085865422558,0.8451242829827916,1875,0.0,,,,0.0,131.0,1.0,0.15,0.1656441717791411,1.0,0.1862733169706049
weak_anchor,4,near_pu_poisoning,Physical-Only+Sequential,2000,523,0.754,0.6371681415929203,0.13766730401529637,0.22641509433962265,0.027758970886932972,0.8623326959847036,0.7858288531219941,0.13766730401529637,,,,,,,0,97.0,,,,0.0,91.0,0.0,0.125,0.1656441717791411,1.0,
weak_anchor,4,noise_drift,Baseline-XGBoost,2000,0,0.6935,,,,0.3065,,,,,,,,,,0,,0.358125,,0.0,,,,,,,
weak_anchor,4,noise_drift,Naive-Adaptive,2000,0,0.996,,,,0.004,,,,1.5257083622034342,0.30850340669345805,56.27312937857446,0.0,0.0,,1992,,0.004375,0.0,1.0,,,,,,,
weak_anchor,4,noise_drift,XGB+Physical,2000,0,0.7065,,,,0.2935,,,,29.648289479222424,56.2232409967062,0.0,0.0,0.0,,0,,0.36375,,0.0,,,,,,,
weak_anchor,4,noise_drift,Physically-Anchored-Adaptive,2000,0,0.9785,,,,0.0215,,,,1.5878323469031923,0.3055176957987325,56.27558666534377,0.0,0.0,,1957,,0.02375,0.0,1.0,,,,,,,
weak_anchor,4,noise_drift,XGB+StaticProfile,2000,0,0.716,,,,0.284,,,,29.648289479222424,56.2232409967062,0.0,0.0,0.0,,0,,0.354375,,0.0,,,,,,,
weak_anchor,4,noise_drift,Anchored-Update-Only,2000,0,0.996,,,,0.004,,,,1.5878323469031923,0.3055176957987325,56.27558666534377,0.0,0.0,,1957,,0.004375,0.0,1.0,,,,,,,
weak_anchor,4,noise_drift,Physical-Only,2000,0,0.9825,,,,0.0175,,,,,,,,,,0,,0.019375,0.0,1.0,,,,,,,
weak_anchor,4,noise_drift,Spatial-XGBoost,2000,0,0.985,,,,0.015,,,,,,,,,,0,,0.013125,0.0,1.0,,,,,,,
weak_anchor,4,noise_drift,Sequential-Anchored,2000,0,0.9785,,,,0.0215,,,,1.5878323469031923,0.3055176957987325,56.27558666534377,0.0,0.0,,1957,,0.02375,0.0,1.0,0.0,,0.0,,,,
weak_anchor,4,noise_drift,Sequential-Anchored+Rollback,2000,0,0.9785,,,,0.0215,,,,1.5878323469031923,0.3055176957987325,56.27558666534377,0.0,0.0,,1957,,0.02375,0.0,1.0,0.0,,0.0,,,,
weak_anchor,4,noise_drift,Sequential-Anchored-Full,2000,0,0.9785,,,,0.0215,,,,1.5878323469031923,0.3055176957987325,56.27558666534377,0.0,0.0,,1957,,0.02375,0.0,1.0,0.0,,0.0,,,,
weak_anchor,4,noise_drift,Physical-Only+Sequential,2000,0,0.9825,,,,0.0175,,,,,,,,,,0,,0.019375,0.0,1.0,0.0,,0.0,,,,
weak_anchor,4,poisoning,Baseline-XGBoost,2000,502,0.79,0.5949074074074074,0.5119521912350598,0.5503211991434689,0.11682242990654206,0.48804780876494025,0.7845188006319181,0.5119521912350598,,,,,,,0,2.0,,,,,,,0.3269230769230769,1.0,0.4200000000000001,
weak_anchor,4,poisoning,Naive-Adaptive,2000,502,0.7465,0.14285714285714285,0.00199203187250996,0.003929273084479371,0.004005340453938585,0.99800796812749,0.6985303113314432,0.00199203187250996,1.2598202609206808,1.6222295811407565,1.338725702407536,0.3361703455229809,0.2623363732103384,0.99800796812749,1993,616.0,,,,,,,0.0027472527472527475,0.0,1.0,0.3124814005965416
weak_anchor,4,poisoning,XGB+Physical,2000,502,0.866,0.9178571428571428,0.5119521912350598,0.6572890025575447,0.015353805073431242,0.48804780876494025,0.9031298038819355,0.5119521912350598,0.3002781558854475,0.19421807382677872,0.0,0.0,0.0,,0,7.0,,,,,,,0.3269230769230769,1.0,0.2599999999999989,0.0
weak_anchor,4,poisoning,Physically-Anchored-Adaptive,2000,502,0.866,0.9178571428571428,0.5119521912350598,0.6572890025575447,0.015353805073431242,0.48804780876494025,0.9029702285650456,0.5119521912350598,0.3333183873761258,0.240336809049855,0.2048435297861267,0.2622090543429449,0.0061754605511938,0.48804780876494025,1720,7.0,,,,,,,0.3269230769230769,1.0,0.2599999999999989,0.2278423709394246
weak_anchor,4,poisoning,XGB+StaticProfile,2000,502,0.8545,0.9688888888888889,0.4342629482071713,0.5997248968363136,0.004672897196261682,0.5657370517928287,0.953298953717839,0.4342629482071713,0.3002781558854475,0.19421807382677872,0.0,0.0,0.0,,0,110.0,,,,,,,0.29395604395604397,0.8043478260869565,0.9800000000000004,0.0
weak_anchor,4,poisoning,Anchored-Update-Only,2000,502,0.856,0.9734513274336283,0.43824701195219123,0.6043956043956044,0.004005340453938585,0.5617529880478087,0.9532923047463018,0.43824701195219123,0.2922951696749219,0.23858378678743378,0.2077099137511819,0.0859645706349455,0.000108329549895,0.02390438247011952,1488,110.0,,,,,,,0.29395604395604397,0.8188405797101449,0.9800000000000004,0.0039967968844218
weak_anchor,4,poisoning,Physical-Only,2000,502,0.869,0.9411764705882353,0.5099601593625498,0.661498708010336,0.010680907877169559,0.4900398406374502,0.9180062127990043,0.5099601593625498,,,,,,,0,7.0,,,,,,,0.3269230769230769,0.9927536231884058,0.2599999999999989,
weak_anchor,4,poisoning,Spatial-XGBoost,2000,502,0.866,0.9119718309859155,0.5159362549800797,0.6590330788804071,0.016688918558077435,0.48406374501992033,0.8981257879031272,0.5159362549800797,,,,,,,0,1.0,,,,,,,0.3324175824175824,1.0,0.2399999999999999,
weak_anchor,4,poisoning,Sequential-Anchored,2000,502,0.8665,0.921146953405018,0.5119521912350598,0.6581306017925737,0.014686248331108143,0.48804780876494025,0.9036962962568951,0.5119521912350598,0.28102625734731335,0.2684935774235474,0.1720630328898278,0.2396830371640077,0.2085970521704393,0.1454183266932271,593,7.0,,,,0.0,221.0,0.0,0.3269230769230769,1.0,0.2599999999999989,0.2085970521704393
weak_anchor,4,poisoning,Sequential-Anchored+Rollback,2000,502,0.867,0.9244604316546763,0.5119521912350598,0.658974358974359,0.014018691588785047,0.48804780876494025,0.9049290155798702,0.5119521912350598,0.2935858590677983,0.29556836655736685,0.2597244701740206,0.2218879687990581,0.0731444469002604,0.1454183266932271,593,7.0,,,,0.0,221.0,5.0,0.3269230769230769,1.0,0.2599999999999989,0.0731444469002604
weak_anchor,4,poisoning,Sequential-Anchored-Full,2000,502,0.863,0.8958333333333334,0.5139442231075697,0.6531645569620254,0.020026702269692925,0.4860557768924303,0.8876190830802292,0.5139442231075697,0.29256006410905444,0.23527462731188375,0.2171349211236554,0.2218879687990581,0.0046399981036713,0.4860557768924303,1712,7.0,,,,0.0,221.0,12.0,0.32967032967032966,1.0,0.2399999999999999,0.1594170490814593
weak_anchor,4,poisoning,Physical-Only+Sequential,2000,502,0.867,0.9214285714285714,0.5139442231075697,0.659846547314578,0.014686248331108143,0.4860557768924303,0.9016789982925443,0.5139442231075697,,,,,,,0,7.0,,,,0.0,221.0,0.0,0.32967032967032966,1.0,0.2399999999999999,
weak_anchor,4,power_drift,Baseline-XGBoost,2000,0,0.444,,,,0.556,,,,,,,,,,0,,0.665,,0.0,,,,,,,
weak_anchor,4,power_drift,Naive-Adaptive,2000,0,0.9965,,,,0.0035,,,,0.30270526632744643,0.25651932430780794,3.402488621376168,0.0,0.0,,1993,,0.003125,0.0,1.0,,,,,,,
weak_anchor,4,power_drift,XGB+Physical,2000,0,0.8895,,,,0.1105,,,,1.8729515514910728,3.4321955615399777,0.0,0.0,0.0,,0,,0.13625,,0.0,,,,,,,
weak_anchor,4,power_drift,Physically-Anchored-Adaptive,2000,0,0.9815,,,,0.0185,,,,0.3035818856098752,0.2631174333009666,3.404379484835938,0.0,0.0,,1963,,0.020625,0.0,1.0,,,,,,,
weak_anchor,4,power_drift,XGB+StaticProfile,2000,0,0.9035,,,,0.0965,,,,1.8729515514910728,3.4321955615399777,0.0,0.0,0.0,,0,,0.12,,0.0,,,,,,,
weak_anchor,4,power_drift,Anchored-Update-Only,2000,0,0.996,,,,0.004,,,,0.3035818856098752,0.2631174333009666,3.404379484835938,0.0,0.0,,1963,,0.00375,0.0,1.0,,,,,,,
weak_anchor,4,power_drift,Physical-Only,2000,0,0.9855,,,,0.0145,,,,,,,,,,0,,0.016875,0.0,1.0,,,,,,,
weak_anchor,4,power_drift,Spatial-XGBoost,2000,0,0.8695,,,,0.1305,,,,,,,,,,0,,0.16125,,0.0,,,,,,,
weak_anchor,4,power_drift,Sequential-Anchored,2000,0,0.9815,,,,0.0185,,,,0.3035818856098752,0.2631174333009666,3.404379484835938,0.0,0.0,,1963,,0.020625,0.0,1.0,0.0,,0.0,,,,
weak_anchor,4,power_drift,Sequential-Anchored+Rollback,2000,0,0.9815,,,,0.0185,,,,0.3035818856098752,0.2631174333009666,3.404379484835938,0.0,0.0,,1963,,0.020625,0.0,1.0,0.0,,0.0,,,,
weak_anchor,4,power_drift,Sequential-Anchored-Full,2000,0,0.9815,,,,0.0185,,,,0.3035818856098752,0.2631174333009666,3.404379484835938,0.0,0.0,,1963,,0.020625,0.0,1.0,0.0,,0.0,,,,
weak_anchor,4,power_drift,Physical-Only+Sequential,2000,0,0.9855,,,,0.0145,,,,,,,,,,0,,0.016875,0.0,1.0,0.0,,0.0,,,,
weak_anchor,4,power_matching_puea,Baseline-XGBoost,2000,435,0.7475,0.3767605633802817,0.24597701149425288,0.29763560500695413,0.11309904153354633,0.7540229885057471,0.6723190481436597,0.24597701149425288,,,,,,,0,3.0,,,,,,,,,,
weak_anchor,4,power_matching_puea,Naive-Adaptive,2000,435,0.7815,0.0,0.0,,0.0012779552715654952,1.0,0.5477022511108663,0.0,0.3982106362520459,0.4124897510388603,0.3924347579180153,0.3627741932610496,0.3456884046758983,1.0,1998,,,,,,,,,,,
weak_anchor,4,power_matching_puea,XGB+Physical,2000,435,0.9825,0.925531914893617,1.0,0.9613259668508287,0.022364217252396165,0.0,0.9997194374058977,1.0,0.3134831924795817,0.16720034308498063,0.0,0.0,0.0,,0,0.0,,,,,,,,,,
weak_anchor,4,power_matching_puea,Physically-Anchored-Adaptive,2000,435,0.9835,0.9294871794871795,1.0,0.9634551495016611,0.021086261980830672,0.0,0.999726781976424,1.0,0.29250940766971173,0.3012892299703147,0.2978744718839001,0.0,0.0,0.0,1532,0.0,,,,,,,,,,
weak_anchor,4,power_matching_puea,XGB+StaticProfile,2000,435,0.78,0.0,0.0,,0.003194888178913738,1.0,0.59739120854908,0.0,0.3134831924795817,0.16720034308498063,0.0,0.0,0.0,,0,,,,,,,,,,,
weak_anchor,4,power_matching_puea,Anchored-Update-Only,2000,435,0.781,0.0,0.0,,0.0019169329073482429,1.0,0.6007359259667291,0.0,0.29250940766971173,0.3012892299703147,0.2978744718839001,0.0,0.0,0.0,1532,,,,,,,,,,,
weak_anchor,4,power_matching_puea,Physical-Only,2000,435,0.985,0.9354838709677419,1.0,0.9666666666666666,0.019169329073482427,0.0,0.999726781976424,1.0,,,,,,,0,0.0,,,,,,,,,,
weak_anchor,4,power_matching_puea,Spatial-XGBoost,2000,435,0.983,0.9275053304904051,1.0,0.9623893805309734,0.021725239616613417,0.0,0.9999529947486321,1.0,,,,,,,0,0.0,,,,,,,,,,
weak_anchor,4,power_matching_puea,Sequential-Anchored,2000,435,0.984,0.9314775160599572,1.0,0.9645232815964524,0.020447284345047924,0.0,0.999726781976424,1.0,0.28336237130852704,0.20513678612734548,0.1776190153381723,0.0,0.0,0.0,502,0.0,,,,0.0,17.0,0.0,,,,
weak_anchor,4,power_matching_puea,Sequential-Anchored+Rollback,2000,435,0.984,0.9314775160599572,1.0,0.9645232815964524,0.020447284345047924,0.0,0.999726781976424,1.0,0.27866463975729344,0.2233497576811829,0.2096425906079205,0.0,0.0,0.0,502,0.0,,,,0.0,17.0,1.0,,,,
weak_anchor,4,power_matching_puea,Sequential-Anchored-Full,2000,435,0.9785,0.9100418410041841,1.0,0.9529025191675793,0.027476038338658148,0.0,1.0,1.0,0.2928941244544701,0.2962872676495193,0.2966807228778211,0.0,0.0,0.0,1513,0.0,,,,0.0,17.0,1.0,,,,
weak_anchor,4,power_matching_puea,Physical-Only+Sequential,2000,435,0.98,0.9157894736842105,1.0,0.956043956043956,0.025559105431309903,0.0,1.0,1.0,,,,,,,0,0.0,,,,0.0,17.0,0.0,,,,
weak_anchor,4,shadowing_drift,Baseline-XGBoost,2000,0,0.861,,,,0.139,,,,,,,,,,0,,0.149375,,0.0,,,,,,,
weak_anchor,4,shadowing_drift,Naive-Adaptive,2000,0,0.9935,,,,0.0065,,,,0.3225151995151623,0.31749999062519485,0.8547069008474893,0.0,0.0,,1987,,0.00625,0.0,1.0,,,,,,,
weak_anchor,4,shadowing_drift,XGB+Physical,2000,0,0.97,,,,0.03,,,,0.6018489833951001,0.8184534294141248,0.0,0.0,0.0,,0,,0.03375,0.0,1.0,,,,,,,
weak_anchor,4,shadowing_drift,Physically-Anchored-Adaptive,2000,0,0.98,,,,0.02,,,,0.32070057614797465,0.31166882504531473,0.8867107324512189,0.0,0.0,,1960,,0.020625,0.0,1.0,,,,,,,
weak_anchor,4,shadowing_drift,XGB+StaticProfile,2000,0,0.983,,,,0.017,,,,0.6018489833951001,0.8184534294141248,0.0,0.0,0.0,,0,,0.02,0.0,1.0,,,,,,,
weak_anchor,4,shadowing_drift,Anchored-Update-Only,2000,0,0.9935,,,,0.0065,,,,0.32070057614797465,0.31166882504531473,0.8867107324512189,0.0,0.0,,1960,,0.00625,0.0,1.0,,,,,,,
weak_anchor,4,shadowing_drift,Physical-Only,2000,0,0.9865,,,,0.0135,,,,,,,,,,0,,0.014375,0.0,1.0,,,,,,,
weak_anchor,4,shadowing_drift,Spatial-XGBoost,2000,0,0.9645,,,,0.0355,,,,,,,,,,0,,0.04125,0.0,1.0,,,,,,,
weak_anchor,4,shadowing_drift,Sequential-Anchored,2000,0,0.98,,,,0.02,,,,0.32070057614797465,0.31166882504531473,0.8867107324512189,0.0,0.0,,1960,,0.020625,0.0,1.0,0.0,,0.0,,,,
weak_anchor,4,shadowing_drift,Sequential-Anchored+Rollback,2000,0,0.98,,,,0.02,,,,0.32070057614797465,0.31166882504531473,0.8867107324512189,0.0,0.0,,1960,,0.020625,0.0,1.0,0.0,,0.0,,,,
weak_anchor,4,shadowing_drift,Sequential-Anchored-Full,2000,0,0.98,,,,0.02,,,,0.32070057614797465,0.31166882504531473,0.8867107324512189,0.0,0.0,,1960,,0.020625,0.0,1.0,0.0,,0.0,,,,
weak_anchor,4,shadowing_drift,Physical-Only+Sequential,2000,0,0.9865,,,,0.0135,,,,,,,,,,0,,0.014375,0.0,1.0,0.0,,0.0,,,,
weak_anchor,4,slow_near_pu_poisoning,Baseline-XGBoost,2000,207,0.8705,0.43157894736842106,0.7922705314009661,0.5587734241908007,0.12046848856664807,0.20772946859903382,0.8932213573451236,0.7922705314009661,,,,,,,0,231.0,,,,,,,0.2545454545454545,0.9868421052631579,0.32,
weak_anchor,4,slow_near_pu_poisoning,Naive-Adaptive,2000,207,0.9,0.8181818181818182,0.043478260869565216,0.08256880733944955,0.0011154489682097045,0.9565217391304348,0.8040339376695738,0.043478260869565216,0.4842354266066175,1.158462322118345,1.4284807572101454,0.3518435435028745,0.3237133345358524,0.9565217391304348,1989,626.0,,,,,,,0.09090909090909091,0.02631578947368421,0.8000000000000004,0.0221838218900607
weak_anchor,4,slow_near_pu_poisoning,XGB+Physical,2000,207,0.931,0.776,0.46859903381642515,0.5843373493975903,0.015616285554935862,0.5314009661835749,0.8928899558400759,0.46859903381642515,0.3004790238091316,0.3555698540959616,0.0,0.0,0.0,,0,626.0,,,,,,,0.12727272727272726,0.5921052631578947,0.7400000000000003,0.0
weak_anchor,4,slow_near_pu_poisoning,Physically-Anchored-Adaptive,2000,207,0.89,0.3488372093023256,0.07246376811594203,0.12000000000000001,0.015616285554935862,0.927536231884058,0.7472645904227659,0.07246376811594203,0.4792314863212432,1.150461922957839,1.425594235981929,0.3472091937844239,0.3209928007907601,0.927536231884058,1957,626.0,,,,,,,0.10909090909090909,0.05921052631578947,0.8000000000000004,0.0186179746557527
weak_anchor,4,slow_near_pu_poisoning,XGB+StaticProfile,2000,207,0.9425,0.9791666666666666,0.45410628019323673,0.6204620462046204,0.0011154489682097045,0.5458937198067633,0.9302413303480255,0.45410628019323673,0.3004790238091316,0.3555698540959616,0.0,0.0,0.0,,0,626.0,,,,,,,0.10909090909090909,0.5789473684210527,0.7400000000000003,0.0
weak_anchor,4,slow_near_pu_poisoning,Anchored-Update-Only,2000,207,0.9,0.8181818181818182,0.043478260869565216,0.08256880733944955,0.0011154489682097045,0.9565217391304348,0.8068468089807113,0.043478260869565216,0.4792314863212432,1.150461922957839,1.425594235981929,0.3472091937844239,0.3209928007907601,0.927536231884058,1957,626.0,,,,,,,0.09090909090909091,0.02631578947368421,0.8000000000000004,0.0186179746557527
weak_anchor,4,slow_near_pu_poisoning,Physical-Only,2000,207,0.8875,0.23529411764705882,0.03864734299516908,0.06639004149377593,0.014500836586726157,0.961352657004831,0.6472837201031387,0.03864734299516908,,,,,,,0,626.0,,,,,,,0.03636363636363636,0.039473684210526314,1.0,
weak_anchor,4,slow_near_pu_poisoning,Spatial-XGBoost,2000,207,0.9235,0.717741935483871,0.42995169082125606,0.5377643504531722,0.019520356943669825,0.5700483091787439,0.8796958650252862,0.42995169082125606,,,,,,,0,397.0,,,,,,,0.12727272727272726,0.5394736842105263,0.7200000000000004,
weak_anchor,4,slow_near_pu_poisoning,Sequential-Anchored,2000,207,0.891,0.37777777777777777,0.0821256038647343,0.1349206349206349,0.015616285554935862,0.9178743961352657,0.7750996225256029,0.0821256038647343,0.4032079036041482,0.5994420879139608,0.7907661811845916,0.1749523538195025,0.1749523538195025,0.34782608695652173,1548,626.0,,,,0.0,1269.0,0.0,0.10909090909090909,0.07236842105263158,0.8000000000000004,0.0186179746557527
weak_anchor,4,slow_near_pu_poisoning,Sequential-Anchored+Rollback,2000,207,0.92,0.7238095238095238,0.3671497584541063,0.48717948717948717,0.016174010039040714,0.6328502415458938,0.8700259463129563,0.3671497584541063,0.3108603059630317,0.407285084231793,0.2029156175543719,0.1680338611056781,0.0214308654868921,0.34782608695652173,1548,626.0,,,,0.0,1269.0,2.0,0.10909090909090909,0.4605263157894737,0.8000000000000004,0.0186179746557527
weak_anchor,4,slow_near_pu_poisoning,Sequential-Anchored-Full,2000,207,0.904,0.5949367088607594,0.22705314009661837,0.3286713286713287,0.01784718349135527,0.7729468599033816,0.8383003144272816,0.22705314009661837,0.3315943497980814,0.4825208037731762,0.6931563985208851,0.1704790442331661,0.1574156913132534,0.7729468599033816,1921,626.0,,,,0.0,1269.0,2.0,0.10909090909090909,0.26973684210526316,0.8000000000000004,0.0186179746557527
weak_anchor,4,slow_near_pu_poisoning,Physical-Only+Sequential,2000,207,0.8955,0.4827586206896552,0.13526570048309178,0.21132075471698114,0.016731734523145567,0.8647342995169082,0.7766919663425397,0.13526570048309178,,,,,,,0,626.0,,,,0.0,1269.0,0.0,0.03636363636363636,0.17105263157894737,1.0,
weak_anchor,4,stable,Baseline-XGBoost,2000,0,0.882,,,,0.118,,,,,,,,,,0,,,,,,,,,,,
weak_anchor,4,stable,Naive-Adaptive,2000,0,0.9975,,,,0.0025,,,,0.3390516117895047,0.44935443002382797,0.2902833838241673,0.0,0.0,,1995,,,,,,,,,,,
weak_anchor,4,stable,XGB+Physical,2000,0,0.983,,,,0.017,,,,0.27094781061440915,0.29757300750701354,0.0,0.0,0.0,,0,,,,,,,,,,,
weak_anchor,4,stable,Physically-Anchored-Adaptive,2000,0,0.9835,,,,0.0165,,,,0.33848803412186923,0.44756942688848844,0.2903636440229454,0.0,0.0,,1967,,,,,,,,,,,
weak_anchor,4,stable,XGB+StaticProfile,2000,0,0.997,,,,0.003,,,,0.27094781061440915,0.29757300750701354,0.0,0.0,0.0,,0,,,,,,,,,,,
weak_anchor,4,stable,Anchored-Update-Only,2000,0,0.9975,,,,0.0025,,,,0.33848803412186923,0.44756942688848844,0.2903636440229454,0.0,0.0,,1967,,,,,,,,,,,
weak_anchor,4,stable,Physical-Only,2000,0,0.986,,,,0.014,,,,,,,,,,0,,,,,,,,,,,
weak_anchor,4,stable,Spatial-XGBoost,2000,0,0.98,,,,0.02,,,,,,,,,,0,,,,,,,,,,,
weak_anchor,4,stable,Sequential-Anchored,2000,0,0.9835,,,,0.0165,,,,0.33848803412186923,0.44756942688848844,0.2903636440229454,0.0,0.0,,1967,,,,,0.0,,0.0,,,,
weak_anchor,4,stable,Sequential-Anchored+Rollback,2000,0,0.9835,,,,0.0165,,,,0.33848803412186923,0.44756942688848844,0.2903636440229454,0.0,0.0,,1967,,,,,0.0,,0.0,,,,
weak_anchor,4,stable,Sequential-Anchored-Full,2000,0,0.9835,,,,0.0165,,,,0.33848803412186923,0.44756942688848844,0.2903636440229454,0.0,0.0,,1967,,,,,0.0,,0.0,,,,
weak_anchor,4,stable,Physical-Only+Sequential,2000,0,0.986,,,,0.014,,,,,,,,,,0,,,,,0.0,,0.0,,,,
weak_anchor,4,stealthy_puea,Baseline-XGBoost,2000,238,0.5265,0.16900093370681607,0.7605042016806722,0.27654698242933534,0.5051078320090806,0.23949579831932774,0.6556374536193592,0.7605042016806722,,,,,,,0,80.0,0.6189427312775331,,0.0,,,,,,,
weak_anchor,4,stealthy_puea,Naive-Adaptive,2000,238,0.8755,0.0,0.0,,0.006242905788876277,1.0,0.5575739944104771,0.0,0.3215253724316126,0.3463330707684414,3.379601256917973,0.2473452968126362,0.0933555537699978,1.0,1989,,0.002936857562408223,0.0,1.0,,,,,,,
weak_anchor,4,stealthy_puea,XGB+Physical,2000,238,0.824,0.30743243243243246,0.38235294117647056,0.3408239700374532,0.11634506242905789,0.6176470588235294,0.7589041291885653,0.38235294117647056,1.9064120736009864,3.477555145401005,0.0,0.0,0.0,,0,33.0,0.14023494860499267,,0.0,,,,,,,
weak_anchor,4,stealthy_puea,Physically-Anchored-Adaptive,2000,238,0.8895,0.5825242718446602,0.25210084033613445,0.3519061583577712,0.024404086265607264,0.7478991596638656,0.8075286868436363,0.25210084033613445,0.3296339557239559,0.33800048034970687,3.4178930939662044,0.2019404782701259,0.0755725406991553,0.7478991596638656,1897,33.0,0.019823788546255508,0.0,1.0,,,,,,,
weak_anchor,4,stealthy_puea,XGB+StaticProfile,2000,238,0.8135,0.18604651162790697,0.16806722689075632,0.17660044150110377,0.09931895573212259,0.8319327731092437,0.6348329343087973,0.16806722689075632,1.9064120736009864,3.477555145401005,0.0,0.0,0.0,,0,415.0,0.12481644640234948,,0.0,,,,,,,
weak_anchor,4,stealthy_puea,Anchored-Update-Only,2000,238,0.8755,0.0,0.0,,0.006242905788876277,1.0,0.5670671219679699,0.0,0.3296339557239559,0.33800048034970687,3.4178930939662044,0.2019404782701259,0.0755725406991553,0.7478991596638656,1897,,0.002936857562408223,0.0,1.0,,,,,,,
weak_anchor,4,stealthy_puea,Physical-Only,2000,238,0.895,0.6521739130434783,0.25210084033613445,0.3636363636363636,0.018161180476730987,0.7478991596638656,0.8361034538673586,0.25210084033613445,,,,,,,0,33.0,0.016886930983847283,0.0,1.0,,,,,,,
weak_anchor,4,stealthy_puea,Spatial-XGBoost,2000,238,0.849,0.4064327485380117,0.5840336134453782,0.4793103448275862,0.1152099886492622,0.41596638655462187,0.8309908526407157,0.5840336134453782,,,,,,,0,14.0,0.14317180616740088,,0.0,,,,,,,
weak_anchor,4,stealthy_puea,Sequential-Anchored,2000,238,0.8895,0.5825242718446602,0.25210084033613445,0.3519061583577712,0.024404086265607264,0.7478991596638656,0.807459533188985,0.25210084033613445,0.3291867553045084,0.33800048089729534,3.4178930936491323,0.2019404782701259,0.0755725406991553,0.7478991596638656,1895,33.0,0.019823788546255508,0.0,1.0,0.00390625,,0.0,,,,
weak_anchor,4,stealthy_puea,Sequential-Anchored+Rollback,2000,238,0.8895,0.5825242718446602,0.25210084033613445,0.3519061583577712,0.024404086265607264,0.7478991596638656,0.8073593796201795,0.25210084033613445,0.3306385278572076,0.3380004818199668,3.4178930944209,0.2019404782701259,0.0755725406991553,0.7478991596638656,1895,33.0,0.019823788546255508,0.0,1.0,0.00390625,,1.0,,,,
weak_anchor,4,stealthy_puea,Sequential-Anchored-Full,2000,238,0.8895,0.5825242718446602,0.25210084033613445,0.3519061583577712,0.024404086265607264,0.7478991596638656,0.8073593796201795,0.25210084033613445,0.3306385278572076,0.3380004818199668,3.4178930944209,0.2019404782701259,0.0755725406991553,0.7478991596638656,1895,33.0,0.019823788546255508,0.0,1.0,0.00390625,,1.0,,,,
weak_anchor,4,stealthy_puea,Physical-Only+Sequential,2000,238,0.895,0.6521739130434783,0.25210084033613445,0.3636363636363636,0.018161180476730987,0.7478991596638656,0.8361034538673586,0.25210084033613445,,,,,,,0,33.0,0.016886930983847283,0.0,1.0,0.00390625,,0.0,,,,
